id,batch_size,n_instances,epochs_trained,efforts,arch_hidden_layers,arch_activation_fn,arch_dropout_rate,arch_optimizer_type,arch_learning_rate,arch_weight_decay,arch_momentum,arch_batch_size,arch_use_skip_connections,arch_initializer,arch_lr_scheduler,arch_scheduler_params,arch_seed,train_loss,train_acc,val_loss,val_acc,test_loss,test_acc,forecasted_val_acc,score,forecast_gain,fcst_greater_than_baseline,slope_val_acc,var_val_acc,gap_val_acc,last_train_acc,last_train_loss,last_val_acc,last_val_loss
750,8,"[54, 108, 216]",2,"[0.1, 0.4]","[307, 57, 43, 414]",<class 'torch.nn.modules.activation.ELU'>,0.0,<class 'torch.optim.rmsprop.RMSprop'>,0.00033670228955516097,0.01,,8,True,kaiming_uniform,step,"{'step_size': 5, 'gamma': 0.5}",49101,"[1.4678649637434218, 0.7465266187985738]","[0.42592592592592593, 0.7222222222222222]","[1.0846064686775208, 0.9701327664010665]","[0.5808823529411765, 0.6176470588235294]",[],[],0.0,0.6176470588235294,0.0,False,,,,0.7222222222222222,0.7465266187985738,0.6176470588235294,0.9701327664010665
767,16,"[54, 108, 216]",2,"[0.1, 0.4]","[307, 85, 458, 414]",<class 'torch.nn.modules.activation.Tanh'>,0.0,<class 'torch.optim.rmsprop.RMSprop'>,0.0004422017434409573,0.0001,,16,False,kaiming_uniform,step,"{'T_max': 10, 'step_size': 10, 'gamma': 0.5}",49021,"[1.5284804900487263, 1.0035680135091145]","[0.46296296296296297, 0.5833333333333334]","[1.3441605217316572, 0.9020910263061523]","[0.5441176470588235, 0.6102941176470589]",[],[],0.0,0.6102941176470589,0.0,False,,,,0.5833333333333334,1.0035680135091145,0.6102941176470589,0.9020910263061523
769,16,"[54, 108, 216]",2,"[0.1, 0.4]","[307, 57, 449, 414]",<class 'torch.nn.modules.activation.Tanh'>,0.0,<class 'torch.optim.rmsprop.RMSprop'>,0.0004422017434409573,0.0001,,16,False,kaiming_uniform,step,"{'step_size': 5, 'gamma': 0.9}",49021,"[1.5338301879388314, 1.0044943822754755]","[0.42592592592592593, 0.6111111111111112]","[1.4386183935053207, 0.8686271835775936]","[0.5514705882352942, 0.6029411764705882]",[],[],0.0,0.6029411764705882,0.0,False,,,,0.6111111111111112,1.0044943822754755,0.6029411764705882,0.8686271835775936
455,32,"[54, 108, 216, 432, 864, 1080, 1080, 1080, 1080]",8,"[0.1, 0.4, 1.2000000000000002, 3.2, 5.0, 6.0, 7.0, 8.0]","[381, 53, 458, 414]",<class 'torch.nn.modules.activation.ELU'>,0.0,<class 'torch.optim.adamw.AdamW'>,0.0019917652019978073,1e-06,,32,True,kaiming_uniform,step,"{'step_size': 30, 'gamma': 0.5}",49101,"[2.327807762004711, 1.0667363670137193, 0.8741417460971408, 0.5972714843573393, 0.4704950902197096, 0.42012149492899575, 0.3305685506926643, 0.30953850591624227]","[0.2037037037037037, 0.5925925925925926, 0.7037037037037037, 0.7453703703703703, 0.7888888888888889, 0.8314814814814815, 0.8574074074074074, 0.8518518518518519]","[1.0745407693526323, 0.9876338313607609, 1.1891256711062264, 0.8421582614674288, 0.9677564642008614, 0.5384419367593878, 0.5890786297181073, 0.5580117492114797]","[0.5661764705882353, 0.6691176470588235, 0.6764705882352942, 0.6764705882352942, 0.7058823529411765, 0.7205882352941176, 0.7720588235294118, 0.7647058823529411]",[],[],0.7257346266921783,0.5973051391093057,0.0,False,0.025130305286671626,0.0036891422469723183,0.0808823529411764,0.8518518518518519,0.30953850591624227,0.7647058823529411,0.5580117492114797
696,16,"[54, 108, 216, 432]",3,"[0.1, 0.4, 1.2000000000000002]","[307, 205, 43, 414]",<class 'torch.nn.modules.activation.ELU'>,0.0,<class 'torch.optim.rmsprop.RMSprop'>,0.00033670228955516097,0.0001,,16,True,kaiming_uniform,step,"{'T_max': 10, 'step_size': 5, 'gamma': 0.9}",2205045,"[1.4853249258465238, 0.9247200047528302, 0.6900499838369863]","[0.48148148148148145, 0.6018518518518519, 0.6944444444444444]","[1.2481069985558004, 0.7660043187001172, 0.6433970209430245]","[0.5294117647058824, 0.6397058823529411, 0.6911764705882353]",[],[],0.70334432463164,0.588436868198173,0.0,False,0.14705882352941174,0.004553537101114954,0.1066176470588236,0.6944444444444444,0.6900499838369863,0.6911764705882353,0.6433970209430245
1,256,"[54, 108, 216, 432, 864, 1080, 1080, 1080, 1080, 1080, 1080, 1080, 1080, 1080, 1080, 1080, 1080, 1080]",17,"[0.1, 0.4, 1.2000000000000002, 3.2, 5.0, 6.0, 7.0, 8.0, 9.0, 10.0, 11.0, 12.0, 13.0, 14.0, 15.0, 16.0, 17.0]","[317, 452, 400, 429, 313, 191, 371, 56, 320, 38, 171, 95, 110, 234, 285, 235, 40, 220, 199, 252, 99, 83, 137, 457, 397, 31, 471, 251, 351, 74, 368, 270, 400]",<class 'torch.nn.modules.activation.ELU'>,0.0,<class 'torch.optim.adam.Adam'>,0.0003004481541174651,1e-06,,256,True,xavier_normal,step,"{'step_size': 10, 'gamma': 0.5}",49001,"[1.386351466178894, 1.3854265213012695, 1.367887020111084, 1.2927673569432012, 1.0649923112657336, 0.9370182306678206, 0.8290105740229289, 0.7139211045371161, 0.6553386153998199, 0.583574194819839, 0.5214974003809469, 0.5372978841816938, 0.512913977879065, 0.4811378958048644, 0.473340728547838, 0.4695498338452092, 0.437909389645965]","[0.3333333333333333, 0.26851851851851855, 0.37962962962962965, 0.4375, 0.5481481481481482, 0.562962962962963, 0.6037037037037037, 0.6333333333333333, 0.6685185185185185, 0.687037037037037, 0.6888888888888889, 0.6962962962962963, 0.7018518518518518, 0.7074074074074074, 0.7129629629629629, 0.7166666666666667, 0.7185185185185186]","[1.4125807285308838, 1.3827359676361084, 1.3299646377563477, 1.1427887678146362, 0.9870619177818298, 0.8255515694618225, 0.7079811096191406, 0.830927848815918, 0.6760090589523315, 0.6712537407875061, 0.5844323039054871, 0.5962244868278503, 0.5264480710029602, 0.5207727551460266, 0.5137534737586975, 0.4890000820159912, 0.4749579131603241]","[0.23529411764705882, 0.35294117647058826, 0.38235294117647056, 0.5147058823529411, 0.6102941176470589, 0.625, 0.6911764705882353, 0.625, 0.6838235294117647, 0.6838235294117647, 0.7132352941176471, 0.6838235294117647, 0.7058823529411765, 0.7058823529411765, 0.7279411764705882, 0.7205882352941176, 0.7352941176470589]",[],[],0.7205958239735984,0.5868033070442306,0.0,False,0.02958579881656805,0.02127159636498606,0.1314338235294118,0.7185185185185186,0.437909389645965,0.7352941176470589,0.4749579131603241
359,64,"[54, 108, 216, 432, 864, 1080, 1080, 1080, 1080, 1080, 1080]",10,"[0.1, 0.4, 1.2000000000000002, 3.2, 5.0, 6.0, 7.0, 8.0, 9.0, 10.0]","[381, 53, 458, 317, 389, 289, 154, 433, 44, 454, 167, 434, 340, 439, 256]",<class 'torch.nn.modules.activation.Tanh'>,0.0,<class 'torch.optim.adamw.AdamW'>,0.0004422017434409573,0.0001,,64,True,kaiming_normal,step,"{'T_max': 10, 'step_size': 30, 'gamma': 0.5}",4655095,"[1.3710763454437256, 1.0490481588575575, 0.6896022536136486, 0.5608364630628515, 0.5191381326428166, 0.37727467042428475, 0.28509375375730023, 0.2067967489913658, 0.16528089808093177, 0.17735075928546765]","[0.3148148148148148, 0.5833333333333334, 0.75, 0.7523148148148148, 0.7888888888888889, 0.825925925925926, 0.8870370370370371, 0.9185185185185185, 0.937037037037037, 0.9259259259259259]","[1.1982875501408297, 0.9475056529045105, 0.795387443374185, 0.725667301346274, 0.5922150156077217, 0.6170736586346346, 0.5651422879275154, 0.6603848864050472, 0.6390027649262372, 0.8121416709002327]","[0.5, 0.5955882352941176, 0.6323529411764706, 0.6544117647058824, 0.6838235294117647, 0.7058823529411765, 0.7426470588235294, 0.7132352941176471, 0.75, 0.7426470588235294]",[],[],0.7098922098501634,0.5826421833564542,0.0,False,0.02450980392156863,0.005635813148788929,0.07843137254901955,0.9259259259259259,0.17735075928546765,0.7426470588235294,0.8121416709002327
348,16,"[54, 108, 216, 432, 864, 1080, 1080, 1080, 1080, 1080, 1080]",10,"[0.1, 0.4, 1.2000000000000002, 3.2, 5.0, 6.0, 7.0, 8.0, 9.0, 10.0]","[307, 57, 124, 317, 389, 289, 154, 433, 44, 454, 167, 434, 340, 439, 384]",<class 'torch.nn.modules.activation.Tanh'>,0.0,<class 'torch.optim.adamw.AdamW'>,0.00010051297951223473,0.01,,16,False,kaiming_uniform,step,"{'T_max': 10, 'step_size': 10, 'gamma': 0.99}",49021,"[1.3571359272356387, 1.065697056275827, 0.7971017360687256, 0.5565327571498023, 0.46172620896939875, 0.32849637534883286, 0.2519859086584162, 0.19430026985980847, 0.14461062790619003, 0.11325657061404652]","[0.37037037037037035, 0.5277777777777778, 0.7037037037037037, 0.7800925925925926, 0.7981481481481482, 0.8722222222222222, 0.8944444444444445, 0.9314814814814815, 0.9518518518518518, 0.9592592592592593]","[1.2269988691105562, 1.0674040177289177, 0.8451907424365773, 0.724797736195957, 0.6735969448790831, 0.5894911657361424, 0.6204777395024019, 0.6750572017010521, 0.7728363836512846, 0.8171586245298386]","[0.4411764705882353, 0.5147058823529411, 0.6176470588235294, 0.625, 0.6911764705882353, 0.6985294117647058, 0.7132352941176471, 0.7352941176470589, 0.7205882352941176, 0.7426470588235294]",[],[],0.7028409866759142,0.5803049258988603,0.0,False,0.03045157456922163,0.00924740484429066,0.1029411764705882,0.9592592592592593,0.11325657061404652,0.7426470588235294,0.8171586245298386
116,256,"[54, 108, 216, 432, 864, 1080, 1080, 1080, 1080, 1080, 1080, 1080, 1080, 1080, 1080, 1080]",15,"[0.1, 0.4, 1.2000000000000002, 3.2, 5.0, 6.0, 7.0, 8.0, 9.0, 10.0, 11.0, 12.0, 13.0, 14.0, 15.0]","[317, 452, 400, 429, 313, 191, 371, 56, 320, 38, 171, 95, 110, 234, 285, 235, 40, 220, 199, 252, 99, 83, 137, 457, 397, 31, 471, 251, 351, 74, 368, 270, 400]",<class 'torch.nn.modules.activation.ELU'>,0.0,<class 'torch.optim.adam.Adam'>,0.0003004481541174651,1e-06,,256,True,xavier_normal,step,"{'step_size': 10, 'gamma': 0.5}",49001,"[1.386351466178894, 1.3854265213012695, 1.367887020111084, 1.2927673569432012, 1.0649923112657336, 0.9370182306678206, 0.8290105740229289, 0.7139211045371161, 0.6553386153998199, 0.583574194819839, 0.5214974003809469, 0.5372978841816938, 0.512913977879065, 0.4811378958048644, 0.473340728547838]","[0.3333333333333333, 0.26851851851851855, 0.37962962962962965, 0.4375, 0.5481481481481482, 0.562962962962963, 0.6037037037037037, 0.6333333333333333, 0.6685185185185185, 0.687037037037037, 0.6888888888888889, 0.6962962962962963, 0.7018518518518518, 0.7074074074074074, 0.7129629629629629]","[1.4125807285308838, 1.3827359676361084, 1.3299646377563477, 1.1427887678146362, 0.9870619177818298, 0.8255515694618225, 0.7079811096191406, 0.830927848815918, 0.6760090589523315, 0.6712537407875061, 0.5844323039054871, 0.5962244868278503, 0.5264480710029602, 0.5207727551460266, 0.5137534737586975]","[0.23529411764705882, 0.35294117647058826, 0.38235294117647056, 0.5147058823529411, 0.6102941176470589, 0.625, 0.6911764705882353, 0.625, 0.6838235294117647, 0.6838235294117647, 0.7132352941176471, 0.6838235294117647, 0.7058823529411765, 0.7058823529411765, 0.7279411764705882]",[],[],0.7099265641168925,0.5799583471985962,0.0,False,0.03306356099486774,0.022054978854286814,0.14128151260504196,0.7129629629629629,0.473340728547838,0.7279411764705882,0.5137534737586975
101,256,"[54, 108, 216, 432, 864, 1080, 1080, 1080, 1080, 1080, 1080, 1080, 1080, 1080, 1080, 1080, 1080]",16,"[0.1, 0.4, 1.2000000000000002, 3.2, 5.0, 6.0, 7.0, 8.0, 9.0, 10.0, 11.0, 12.0, 13.0, 14.0, 15.0, 16.0]","[317, 452, 400, 429, 313, 191, 371, 56, 320, 38, 171, 95, 110, 234, 285, 235, 40, 220, 199, 252, 99, 83, 137, 457, 397, 31, 471, 251, 351, 74, 368, 270, 400]",<class 'torch.nn.modules.activation.ELU'>,0.0,<class 'torch.optim.adam.Adam'>,0.0003004481541174651,1e-06,,256,True,xavier_normal,step,"{'step_size': 10, 'gamma': 0.5}",49001,"[1.386351466178894, 1.3854265213012695, 1.367887020111084, 1.2927673569432012, 1.0649923112657336, 0.9370182306678206, 0.8290105740229289, 0.7139211045371161, 0.6553386153998199, 0.583574194819839, 0.5214974003809469, 0.5372978841816938, 0.512913977879065, 0.4811378958048644, 0.473340728547838, 0.4695498338452092]","[0.3333333333333333, 0.26851851851851855, 0.37962962962962965, 0.4375, 0.5481481481481482, 0.562962962962963, 0.6037037037037037, 0.6333333333333333, 0.6685185185185185, 0.687037037037037, 0.6888888888888889, 0.6962962962962963, 0.7018518518518518, 0.7074074074074074, 0.7129629629629629, 0.7166666666666667]","[1.4125807285308838, 1.3827359676361084, 1.3299646377563477, 1.1427887678146362, 0.9870619177818298, 0.8255515694618225, 0.7079811096191406, 0.830927848815918, 0.6760090589523315, 0.6712537407875061, 0.5844323039054871, 0.5962244868278503, 0.5264480710029602, 0.5207727551460266, 0.5137534737586975, 0.4890000820159912]","[0.23529411764705882, 0.35294117647058826, 0.38235294117647056, 0.5147058823529411, 0.6102941176470589, 0.625, 0.6911764705882353, 0.625, 0.6838235294117647, 0.6838235294117647, 0.7132352941176471, 0.6838235294117647, 0.7058823529411765, 0.7058823529411765, 0.7279411764705882, 0.7205882352941176]",[],[],0.7147740795126855,0.5796678388684403,0.0,False,0.030521642619311874,0.021584903492647058,0.12450980392156863,0.7166666666666667,0.4695498338452092,0.7205882352941176,0.4890000820159912
508,8,"[54, 108, 216, 432, 864, 1080, 1080, 1080]",7,"[0.1, 0.4, 1.2000000000000002, 3.2, 5.0, 6.0, 7.0]","[307, 57, 458, 414, 256]",<class 'torch.nn.modules.activation.Tanh'>,0.0,<class 'torch.optim.rmsprop.RMSprop'>,0.0004422017434409573,0.0001,,8,False,kaiming_uniform,step,"{'step_size': 5, 'gamma': 0.5}",49021,"[1.7329910905272872, 1.0625182390213013, 0.6171306134374054, 0.519337860384473, 0.432590248187383, 0.3700404499415998, 0.3329915180802345]","[0.35185185185185186, 0.5277777777777778, 0.7592592592592593, 0.7685185185185185, 0.7888888888888889, 0.8351851851851851, 0.8407407407407408]","[1.1043666951796587, 1.058593890246223, 0.6849079430103302, 0.6377136461875018, 0.7988155080991632, 0.6233808897873935, 0.5986893930855919]","[0.4632352941176471, 0.5220588235294118, 0.6544117647058824, 0.7058823529411765, 0.6544117647058824, 0.6764705882352942, 0.7426470588235294]",[],[],0.6913697624210858,0.5765778905882071,0.0,False,0.04049445865302643,0.008749823458795283,0.1299019607843137,0.8407407407407408,0.3329915180802345,0.7426470588235294,0.5986893930855919
510,16,"[54, 108, 216, 432, 864, 1080, 1080, 1080]",7,"[0.1, 0.4, 1.2000000000000002, 3.2, 5.0, 6.0, 7.0]","[317, 452, 400, 429, 313, 291, 154, 216, 44, 454, 167, 434, 340, 439, 256, 256]",<class 'torch.nn.modules.activation.Tanh'>,0.0,<class 'torch.optim.adam.Adam'>,0.0003004481541174651,1e-06,,16,True,kaiming_uniform,step,"{'T_max': 10, 'step_size': 5, 'gamma': 0.5}",49001,"[1.1916114621692233, 1.0361254789211132, 0.7648156483968099, 0.5887735232158944, 0.5056982141953927, 0.4630142581683618, 0.4226666956036179]","[0.46296296296296297, 0.5555555555555556, 0.6620370370370371, 0.7314814814814815, 0.75, 0.7944444444444444, 0.8]","[1.2755185015061323, 0.9648468950215507, 0.7815935401355519, 0.7387138079194462, 0.6045854021521175, 0.6353490282507503, 0.5119955925380483]","[0.47058823529411764, 0.5882352941176471, 0.6397058823529411, 0.6470588235294118, 0.6838235294117647, 0.6911764705882353, 0.7426470588235294]",[],[],0.6901465394267638,0.5757531503612933,0.0,False,0.039428815004262575,0.006637949297366007,0.12254901960784315,0.8,0.4226666956036179,0.7426470588235294,0.5119955925380483
465,8,"[54, 108, 216, 432, 864, 1080, 1080, 1080, 1080]",8,"[0.1, 0.4, 1.2000000000000002, 3.2, 5.0, 6.0, 7.0, 8.0]","[202, 162, 124, 85, 241, 291, 154, 216, 44, 454, 167, 434, 340, 439, 256, 256]",<class 'torch.nn.modules.activation.Tanh'>,0.0,<class 'torch.optim.adam.Adam'>,0.00010051297951223473,0.0001,,8,False,kaiming_uniform,step,"{'T_max': 10, 'step_size': 5, 'gamma': 0.5}",2205045,"[1.2740747178042378, 1.0008205263702958, 0.7775690621799893, 0.584555134177208, 0.46398866529817934, 0.34288932029847746, 0.2882715599404441, 0.2790150397905597]","[0.46296296296296297, 0.6018518518518519, 0.6666666666666666, 0.75, 0.8074074074074075, 0.8574074074074074, 0.8814814814814815, 0.8870370370370371]","[1.1497794039109175, 0.9573212721768547, 0.7967444658279419, 0.5722721692393807, 0.56470448392279, 0.5705219735117519, 0.7689841862987069, 0.7803525521474726]","[0.5367647058823529, 0.6029411764705882, 0.625, 0.7205882352941176, 0.7352941176470589, 0.7279411764705882, 0.7058823529411765, 0.7132352941176471]",[],[],0.7087490957121069,0.5728127459200891,0.0,False,0.02233804914370812,0.004700340614186853,0.04831932773109249,0.8870370370370371,0.2790150397905597,0.7132352941176471,0.7803525521474726
114,256,"[54, 108, 216, 432, 864, 1080, 1080, 1080, 1080, 1080, 1080, 1080, 1080, 1080, 1080, 1080, 1080]",16,"[0.1, 0.4, 1.2000000000000002, 3.2, 5.0, 6.0, 7.0, 8.0, 9.0, 10.0, 11.0, 12.0, 13.0, 14.0, 15.0, 16.0]","[317, 452, 400, 429, 313, 191, 371, 56, 320, 38, 171, 399, 11, 227, 434, 379, 394, 478, 455, 439, 156, 252, 411, 154, 261, 64]",<class 'torch.nn.modules.activation.ELU'>,0.0,<class 'torch.optim.adam.Adam'>,0.0003004481541174651,0.0,,256,False,kaiming_uniform,step,"{'step_size': 10, 'gamma': 0.5}",49001,"[1.8972834348678589, 1.6621156930923462, 1.5710619688034058, 1.3877254018077143, 1.1797954868387293, 0.98059768765061, 0.7829764463283397, 0.6168204784393311, 0.5435942808787028, 0.524921852239856, 0.4245198137230343, 0.3773229321947804, 0.36765000764970424, 0.33485532154639563, 0.3285775785092954, 0.2617961545233373]","[0.2222222222222222, 0.3425925925925926, 0.375, 0.4236111111111111, 0.49444444444444446, 0.6074074074074074, 0.6259259259259259, 0.7074074074074074, 0.7351851851851852, 0.725925925925926, 0.7870370370370371, 0.8055555555555556, 0.812962962962963, 0.8407407407407408, 0.8314814814814815, 0.8833333333333333]","[1.8776988983154297, 1.6076323986053467, 1.3549667596817017, 1.4364416599273682, 1.053398609161377, 0.8970997929573059, 0.7171450257301331, 0.7381142377853394, 0.6845812797546387, 0.7033710479736328, 0.6750448942184448, 0.7037695646286011, 0.829848051071167, 0.7065805196762085, 0.7296100854873657, 0.7186289429664612]","[0.2647058823529412, 0.3235294117647059, 0.4117647058823529, 0.40441176470588236, 0.5514705882352942, 0.6102941176470589, 0.6470588235294118, 0.6617647058823529, 0.6470588235294118, 0.6470588235294118, 0.6838235294117647, 0.6691176470588235, 0.6617647058823529, 0.6985294117647058, 0.6838235294117647, 0.7279411764705882]",[],[],0.6849459947214287,0.5666822093473958,0.0,False,0.02913429522752497,0.019896193771626297,0.1568627450980392,0.8833333333333333,0.2617961545233373,0.7279411764705882,0.7186289429664612
506,32,"[54, 108, 216, 432, 864, 1080, 1080, 1080]",7,"[0.1, 0.4, 1.2000000000000002, 3.2, 5.0, 6.0, 7.0]","[388, 118, 124, 317, 64, 32]",<class 'torch.nn.modules.activation.ELU'>,0.0,<class 'torch.optim.adamw.AdamW'>,0.0004964737618239939,0.01,,32,False,kaiming_uniform,step,"{'T_max': 10, 'step_size': 20, 'gamma': 0.5}",441009,"[1.347458490618953, 1.0623591873380873, 0.8797786390339887, 0.6523442952721207, 0.5115846327057592, 0.4300377552156095, 0.36510731754479586]","[0.3333333333333333, 0.5185185185185185, 0.6111111111111112, 0.7199074074074074, 0.7703703703703704, 0.8166666666666667, 0.8481481481481481]","[1.180295747869155, 1.0672139770844404, 0.9008663752499748, 0.6876637865515316, 0.6058987133643207, 0.5676368159406325, 0.6490349138484282]","[0.5147058823529411, 0.5147058823529411, 0.5955882352941176, 0.6691176470588235, 0.7352941176470589, 0.7352941176470589, 0.7132352941176471]",[],[],0.6898576098665102,0.564653868871874,0.0,False,0.02877237851662405,0.008248887790410287,0.08578431372549022,0.8481481481481481,0.36510731754479586,0.7132352941176471,0.6490349138484282
9,256,"[54, 108, 216, 432, 864, 1080, 1080, 1080, 1080, 1080, 1080, 1080, 1080, 1080, 1080, 1080, 1080, 1080]",17,"[0.1, 0.4, 1.2000000000000002, 3.2, 5.0, 6.0, 7.0, 8.0, 9.0, 10.0, 11.0, 12.0, 13.0, 14.0, 15.0, 16.0, 17.0]","[194, 159, 388, 459, 421, 242, 325, 151, 360, 376, 486, 87, 379, 255, 278, 438, 160, 40, 192, 27, 192, 210, 451, 64, 474, 471]",<class 'torch.nn.modules.activation.ELU'>,0.0,<class 'torch.optim.adamw.AdamW'>,0.0004964737618239939,0.01,,256,False,xavier_uniform,exponential,{'gamma': 0.99},441009,"[1.3874090909957886, 1.3771477937698364, 1.3158462047576904, 1.1490594855061285, 0.8721238343803971, 0.9211233284738328, 0.9155367343514054, 0.5812027986402865, 0.6281875343234451, 0.5900459675877182, 0.5409510928171652, 0.5157589111063215, 0.4792271644980819, 0.45910268558396233, 0.45944811988759926, 0.5055637770228916, 0.48856600125630695]","[0.25925925925925924, 0.28703703703703703, 0.37037037037037035, 0.48148148148148145, 0.5888888888888889, 0.587037037037037, 0.6148148148148148, 0.6944444444444444, 0.687037037037037, 0.6907407407407408, 0.7055555555555556, 0.7296296296296296, 0.7037037037037037, 0.7333333333333333, 0.7296296296296296, 0.7222222222222222, 0.7203703703703703]","[1.3971143960952759, 1.3477683067321777, 1.2082090377807617, 0.9649555087089539, 1.0152617692947388, 0.9883149266242981, 0.6527212262153625, 0.776859700679779, 0.6719738245010376, 0.6241076588630676, 0.6494268774986267, 0.5362067222595215, 0.5512526035308838, 0.5573747158050537, 0.5924864411354065, 0.693560779094696, 0.542915403842926]","[0.2647058823529412, 0.3235294117647059, 0.47794117647058826, 0.5735294117647058, 0.5147058823529411, 0.6176470588235294, 0.625, 0.6176470588235294, 0.6764705882352942, 0.625, 0.625, 0.7279411764705882, 0.6397058823529411, 0.6985294117647058, 0.7132352941176471, 0.6911764705882353, 0.7132352941176471]",[],[],0.674740980428129,0.5566491188252723,0.0,False,0.0265402018795684,0.016550478322817017,0.125,0.7203703703703703,0.48856600125630695,0.7132352941176471,0.542915403842926
255,16,"[54, 108, 216, 432, 864, 1080, 1080, 1080, 1080, 1080, 1080, 1080, 1080]",12,"[0.1, 0.4, 1.2000000000000002, 3.2, 5.0, 6.0, 7.0, 8.0, 9.0, 10.0, 11.0, 12.0]","[307, 57, 449, 414]",<class 'torch.nn.modules.activation.Tanh'>,0.0,<class 'torch.optim.rmsprop.RMSprop'>,0.0019917652019978073,0.0001,,16,False,kaiming_uniform,step,"{'step_size': 5, 'gamma': 0.9}",49021,"[3.1860885001994945, 2.1361967855029635, 1.175964072898582, 0.7461531968028458, 0.723579631028352, 0.5484038697348701, 0.4717132555113898, 0.42101256957760563, 0.37208231764811056, 0.3343839521761294, 0.27820227168224476, 0.30042243550221126]","[0.2222222222222222, 0.4351851851851852, 0.5370370370370371, 0.6851851851851852, 0.6888888888888889, 0.7388888888888889, 0.7814814814814814, 0.8111111111111111, 0.825925925925926, 0.8407407407407408, 0.8740740740740741, 0.8592592592592593]","[3.7601338274338665, 1.3573236605700325, 1.3391691902104546, 0.8216278062147253, 1.1586573965409224, 0.9517215700710521, 0.8681308907621047, 0.6955767168718225, 0.6071309622596291, 0.6586110732134651, 0.7576518163961523, 0.7424024027936599]","[0.38235294117647056, 0.47058823529411764, 0.5735294117647058, 0.6323529411764706, 0.6397058823529411, 0.6470588235294118, 0.6470588235294118, 0.6617647058823529, 0.7058823529411765, 0.6764705882352942, 0.6838235294117647, 0.7058823529411765]",[],[],0.6695365051420301,0.5519704275586572,0.0,False,0.027187345526445878,0.008892313052672053,0.09491978609625673,0.8592592592592593,0.30042243550221126,0.7058823529411765,0.7424024027936599
755,8,"[54, 108, 216]",2,"[0.1, 0.4]","[224, 205, 190, 621]",<class 'torch.nn.modules.activation.Tanh'>,0.0,<class 'torch.optim.rmsprop.RMSprop'>,0.0004422017434409573,0.0001,,8,False,kaiming_uniform,step,"{'T_max': 10, 'step_size': 30, 'gamma': 0.5}",49021,"[1.5163378053241305, 0.7690140671200223]","[0.3888888888888889, 0.6944444444444444]","[0.9987890527528875, 1.1419024362283594]","[0.5661764705882353, 0.5514705882352942]",[],[],0.0,0.5514705882352942,0.0,False,,,,0.6944444444444444,0.7690140671200223,0.5514705882352942,1.1419024362283594
358,1024,"[54, 108, 216, 432, 864, 1080, 1080, 1080, 1080, 1080, 1080]",10,"[0.1, 0.4, 1.2000000000000002, 3.2, 5.0, 6.0, 7.0, 8.0, 9.0, 10.0]","[224, 205, 190, 414]",<class 'torch.nn.modules.activation.ELU'>,0.0,<class 'torch.optim.adamw.AdamW'>,0.0019917652019978073,1e-06,,1024,True,kaiming_uniform,none,{},49101,"[1.4078798294067383, 1.1180152893066406, 0.7880828976631165, 0.8701862096786499, 0.6193130612373352, 0.6301066875457764, 0.5726672410964966, 0.46239906549453735, 0.4653051793575287, 0.4581074118614197]","[0.4444444444444444, 0.6018518518518519, 0.6712962962962963, 0.6527777777777778, 0.7611111111111111, 0.7074074074074074, 0.725925925925926, 0.7888888888888889, 0.8092592592592592, 0.8018518518518518]","[1.417999267578125, 0.8793458342552185, 0.9393380880355835, 0.7397353649139404, 0.8522395491600037, 0.8411917090415955, 0.7198131680488586, 0.707131028175354, 0.6841604113578796, 0.6271740198135376]","[0.5073529411764706, 0.6617647058823529, 0.6397058823529411, 0.6985294117647058, 0.625, 0.6397058823529411, 0.6397058823529411, 0.6470588235294118, 0.6764705882352942, 0.7058823529411765]",[],[],0.6669659742951344,0.549258388217086,0.0,False,0.020053475935828884,0.0027270761245674754,0.06862745098039225,0.8018518518518518,0.4581074118614197,0.7058823529411765,0.6271740198135376
551,32,"[54, 108, 216, 432, 864, 1080, 1080]",6,"[0.1, 0.4, 1.2000000000000002, 3.2, 5.0, 6.0]","[14, 445, 124, 317, 64, 32]",<class 'torch.nn.modules.activation.Tanh'>,0.0,<class 'torch.optim.rmsprop.RMSprop'>,0.0004964737618239939,0.01,,32,False,kaiming_uniform,step,"{'T_max': 10, 'step_size': 20, 'gamma': 0.5}",2205045,"[1.3371264846236617, 1.0276162602283336, 0.8688750531938341, 0.7729791756029483, 0.6394756211174859, 0.5686047154444235]","[0.3148148148148148, 0.5462962962962963, 0.6481481481481481, 0.6782407407407407, 0.7388888888888889, 0.7611111111111111]","[1.127883707775789, 1.0002577234716976, 0.8154730446198407, 0.7211705937105066, 0.6549662947654724, 0.6360681565368876]","[0.5, 0.5147058823529411, 0.6617647058823529, 0.6911764705882353, 0.7132352941176471, 0.6691176470588235]",[],[],0.6804318294723058,0.5466840104490144,0.0,False,0.028664007976071774,0.007208765859284892,0.05294117647058827,0.7611111111111111,0.5686047154444235,0.6691176470588235,0.6360681565368876
408,8,"[54, 108, 216, 432, 864, 1080, 1080, 1080, 1080, 1080]",9,"[0.1, 0.4, 1.2000000000000002, 3.2, 5.0, 6.0, 7.0, 8.0, 9.0]","[307, 57, 483, 338, 380, 225, 355, 281, 444, 194, 258, 241, 333, 357, 256, 256]",<class 'torch.nn.modules.activation.Tanh'>,0.0,<class 'torch.optim.rmsprop.RMSprop'>,0.00010051297951223473,0.0001,,8,False,kaiming_uniform,step,"{'T_max': 10, 'step_size': 5, 'gamma': 0.5}",2205045,"[1.5042032444918598, 1.0634573344831113, 0.7712227911860855, 0.6194441343347231, 0.5128181274290438, 0.36929355716263806, 0.3179907825533991, 0.26874196137543077, 0.250481858683957]","[0.25925925925925924, 0.5370370370370371, 0.6527777777777778, 0.6944444444444444, 0.7685185185185185, 0.8314814814814815, 0.8555555555555555, 0.8814814814814815, 0.9092592592592592]","[1.2805074102738325, 0.9344049867461709, 0.7865310363909778, 0.6056930177352008, 0.5634181850096759, 0.6556743567480761, 0.6604548863628331, 0.6715415628517375, 0.7872694345081553]","[0.39705882352941174, 0.5808823529411765, 0.6029411764705882, 0.6617647058823529, 0.6985294117647058, 0.6764705882352942, 0.6838235294117647, 0.7205882352941176, 0.6544117647058824]",[],[],0.6858191744183577,0.5450163287822125,0.0,False,0.028916060806345012,0.008551732239736855,0.026654411764705954,0.9092592592592592,0.250481858683957,0.6544117647058824,0.7872694345081553
761,64,"[54, 108, 216]",2,"[0.1, 0.4]","[224, 205, 190, 414, 32]",<class 'torch.nn.modules.activation.Tanh'>,0.0,<class 'torch.optim.adamw.AdamW'>,0.0017543457336780567,0.0001,,64,False,kaiming_uniform,none,"{'step_size': 30, 'gamma': 0.99}",49021,"[1.5253819227218628, 1.1304866517031635]","[0.05555555555555555, 0.5462962962962963]","[1.2417434664333569, 1.0300899954403149]","[0.5294117647058824, 0.5441176470588235]",[],[],0.0,0.5441176470588235,0.0,False,,,,0.5462962962962963,1.1304866517031635,0.5441176470588235,1.0300899954403149
305,16,"[54, 108, 216, 432, 864, 1080, 1080, 1080, 1080, 1080, 1080, 1080]",11,"[0.1, 0.4, 1.2000000000000002, 3.2, 5.0, 6.0, 7.0, 8.0, 9.0, 10.0, 11.0]","[307, 57, 449, 414]",<class 'torch.nn.modules.activation.Tanh'>,0.0,<class 'torch.optim.rmsprop.RMSprop'>,0.0019917652019978073,0.0001,,16,False,kaiming_uniform,step,"{'step_size': 5, 'gamma': 0.9}",49021,"[3.1860885001994945, 2.1361967855029635, 1.175964072898582, 0.7461531968028458, 0.723579631028352, 0.5484038697348701, 0.4717132555113898, 0.42101256957760563, 0.37208231764811056, 0.3343839521761294, 0.27820227168224476]","[0.2222222222222222, 0.4351851851851852, 0.5370370370370371, 0.6851851851851852, 0.6888888888888889, 0.7388888888888889, 0.7814814814814814, 0.8111111111111111, 0.825925925925926, 0.8407407407407408, 0.8740740740740741]","[3.7601338274338665, 1.3573236605700325, 1.3391691902104546, 0.8216278062147253, 1.1586573965409224, 0.9517215700710521, 0.8681308907621047, 0.6955767168718225, 0.6071309622596291, 0.6586110732134651, 0.7576518163961523]","[0.38235294117647056, 0.47058823529411764, 0.5735294117647058, 0.6323529411764706, 0.6397058823529411, 0.6470588235294118, 0.6470588235294118, 0.6617647058823529, 0.7058823529411765, 0.6764705882352942, 0.6838235294117647]",[],[],0.664019661751242,0.5426884601254861,0.0,False,0.027657852131678363,0.008949891332322917,0.08014705882352935,0.8740740740740741,0.27820227168224476,0.6838235294117647,0.7576518163961523
406,256,"[54, 108, 216, 432, 864, 1080, 1080, 1080, 1080, 1080]",9,"[0.1, 0.4, 1.2000000000000002, 3.2, 5.0, 6.0, 7.0, 8.0, 9.0]","[65, 323, 322, 414]",<class 'torch.nn.modules.activation.Tanh'>,0.0,<class 'torch.optim.adamw.AdamW'>,0.0017543457336780567,1e-06,,256,False,kaiming_uniform,none,"{'step_size': 20, 'gamma': 0.99}",49021,"[1.422267198562622, 1.051866888999939, 0.8545970320701599, 0.7910386566762571, 0.6944273749987284, 0.5429266313711802, 0.48447632635081256, 0.44039633218888885, 0.39809157533778083]","[0.2222222222222222, 0.5740740740740741, 0.6574074074074074, 0.6759259259259259, 0.6925925925925925, 0.7722222222222223, 0.7648148148148148, 0.8148148148148148, 0.8185185185185185]","[1.1405565738677979, 0.9570345282554626, 0.8806642889976501, 0.7979074120521545, 0.720779538154602, 0.7708632349967957, 0.7226539254188538, 0.7600027918815613, 0.6638044714927673]","[0.5735294117647058, 0.6102941176470589, 0.625, 0.6470588235294118, 0.6617647058823529, 0.5955882352941176, 0.6691176470588235, 0.6397058823529411, 0.7058823529411765]",[],[],0.6502475953096396,0.5398627269343969,0.0,False,0.0148711169861203,0.0014551027382630616,0.07812500000000011,0.8185185185185185,0.39809157533778083,0.7058823529411765,0.6638044714927673
717,16,"[54, 108, 216, 432]",3,"[0.1, 0.4, 1.2000000000000002]","[307, 85, 458, 414]",<class 'torch.nn.modules.activation.Tanh'>,0.0,<class 'torch.optim.rmsprop.RMSprop'>,0.0004422017434409573,0.0001,,16,False,kaiming_uniform,step,"{'step_size': 5, 'gamma': 0.5}",49021,"[1.5284804900487263, 1.0035680135091145, 0.5797243140361927]","[0.46296296296296297, 0.5833333333333334, 0.7638888888888888]","[1.3441605217316572, 0.9020910263061523, 0.9081447615342981]","[0.5441176470588235, 0.6102941176470589, 0.6470588235294118]",[],[],0.6506032747866715,0.5381358619922662,0.0,False,0.09358288770053483,0.0018142060745867004,0.06985294117647067,0.7638888888888888,0.5797243140361927,0.6470588235294118,0.9081447615342981
808,16,"[54, 108]",1,[0.1],"[381, 53, 322, 414, 256]",<class 'torch.nn.modules.activation.ELU'>,0.0,<class 'torch.optim.adamw.AdamW'>,0.0017543457336780567,1e-06,,16,True,kaiming_uniform,step,"{'step_size': 30, 'gamma': 0.99}",49021,[1.541076675609306],[0.3333333333333333],[1.7438493406071383],[0.5367647058823529],[],[],0.0,0.5367647058823529,0.0,False,,,,0.3333333333333333,1.541076675609306,0.5367647058823529,1.7438493406071383
667,512,"[54, 108, 216, 432, 864]",4,"[0.1, 0.4, 1.2000000000000002, 3.2]","[224, 205, 43, 414]",<class 'torch.nn.modules.activation.ELU'>,0.0,<class 'torch.optim.rmsprop.RMSprop'>,0.00033670228955516097,0.01,,512,True,kaiming_uniform,none,{},49101,"[1.5265953540802002, 1.1863106489181519, 1.1359877586364746, 0.8405323624610901]","[0.18518518518518517, 0.5370370370370371, 0.5185185185185185, 0.6597222222222222]","[1.4475091695785522, 1.1739215850830078, 0.9683031439781189, 0.802177906036377]","[0.5, 0.5661764705882353, 0.6323529411764706, 0.6617647058823529]",[],[],0.6475740677731171,0.5327528782888356,0.0,False,0.052182163187855776,0.0039028708910034586,0.09558823529411764,0.6597222222222222,0.8405323624610901,0.6617647058823529,0.802177906036377
196,512,"[54, 108, 216, 432, 864, 1080, 1080, 1080, 1080, 1080, 1080, 1080, 1080, 1080]",13,"[0.1, 0.4, 1.2000000000000002, 3.2, 5.0, 6.0, 7.0, 8.0, 9.0, 10.0, 11.0, 12.0, 13.0]","[224, 205, 7]",<class 'torch.nn.modules.activation.ELU'>,0.3,<class 'torch.optim.adamw.AdamW'>,0.0026469866537605427,1e-06,,512,True,kaiming_uniform,none,{},49101,"[1.8417307138442993, 1.5151406526565552, 1.392711877822876, 1.269208550453186, 1.2224072606475265, 1.070814013922656, 0.9871333872830427, 0.9440244138240814, 0.9050736564177054, 0.8515795367735404, 0.7908866144992687, 0.7354683023911935, 0.6889631004245192]","[0.18518518518518517, 0.3055555555555556, 0.4212962962962963, 0.46296296296296297, 0.48333333333333334, 0.5648148148148148, 0.6092592592592593, 0.6444444444444445, 0.6648148148148149, 0.6925925925925925, 0.7296296296296296, 0.7518518518518519, 0.7685185185185185]","[1.2777132987976074, 1.1882123947143555, 1.1154732704162598, 1.0689760446548462, 1.015641212463379, 1.0054235458374023, 1.0177814960479736, 1.017317771911621, 0.993582546710968, 0.9512465000152588, 0.9074921607971191, 0.8711668252944946, 0.8405482172966003]","[0.4117647058823529, 0.4485294117647059, 0.49264705882352944, 0.5514705882352942, 0.6544117647058824, 0.6397058823529411, 0.625, 0.625, 0.6470588235294118, 0.6617647058823529, 0.6838235294117647, 0.6911764705882353, 0.6838235294117647]",[],[],0.6421507164616402,0.5304403833106194,0.0,False,0.021089831281349752,0.008186001515120493,0.0894607843137255,0.7685185185185185,0.6889631004245192,0.6838235294117647,0.8405482172966003
241,512,"[54, 108, 216, 432, 864, 1080, 1080, 1080, 1080, 1080, 1080, 1080, 1080]",12,"[0.1, 0.4, 1.2000000000000002, 3.2, 5.0, 6.0, 7.0, 8.0, 9.0, 10.0, 11.0, 12.0]","[224, 205, 7]",<class 'torch.nn.modules.activation.ELU'>,0.3,<class 'torch.optim.adamw.AdamW'>,0.0026469866537605427,1e-06,,512,True,kaiming_uniform,none,{},49101,"[1.8417307138442993, 1.5151406526565552, 1.392711877822876, 1.269208550453186, 1.2224072606475265, 1.070814013922656, 0.9871333872830427, 0.9440244138240814, 0.9050736564177054, 0.8515795367735404, 0.7908866144992687, 0.7354683023911935]","[0.18518518518518517, 0.3055555555555556, 0.4212962962962963, 0.46296296296296297, 0.48333333333333334, 0.5648148148148148, 0.6092592592592593, 0.6444444444444445, 0.6648148148148149, 0.6925925925925925, 0.7296296296296296, 0.7518518518518519]","[1.2777132987976074, 1.1882123947143555, 1.1154732704162598, 1.0689760446548462, 1.015641212463379, 1.0054235458374023, 1.0177814960479736, 1.017317771911621, 0.993582546710968, 0.9512465000152588, 0.9074921607971191, 0.8711668252944946]","[0.4117647058823529, 0.4485294117647059, 0.49264705882352944, 0.5514705882352942, 0.6544117647058824, 0.6397058823529411, 0.625, 0.625, 0.6470588235294118, 0.6617647058823529, 0.6838235294117647, 0.6911764705882353]",[],[],0.6367295567802422,0.5304137156120686,0.0,False,0.02347998022738507,0.008252535082660514,0.10561497326203206,0.7518518518518519,0.7354683023911935,0.6911764705882353,0.8711668252944946
655,128,"[54, 108, 216, 432, 864]",4,"[0.1, 0.4, 1.2000000000000002, 3.2]","[224, 205, 190, 414]",<class 'torch.nn.modules.activation.Tanh'>,0.0,<class 'torch.optim.adamw.AdamW'>,0.0017543457336780567,1e-06,,128,False,kaiming_uniform,none,"{'step_size': 20, 'gamma': 0.99}",49021,"[1.4342602491378784, 1.0756665468215942, 0.8097375675483987, 0.6749193933275011]","[0.18518518518518517, 0.5370370370370371, 0.6805555555555556, 0.7291666666666666]","[1.1948229144601261, 1.01613767006818, 0.9202087065752815, 0.6993771475904128]","[0.49264705882352944, 0.5588235294117647, 0.6176470588235294, 0.6617647058823529]",[],[],0.6407692048182115,0.5298248301130906,0.0,False,0.05455407969639467,0.00403803525086505,0.10539215686274506,0.7291666666666666,0.6749193933275011,0.6617647058823529,0.6993771475904128
66,128,"[54, 108, 216, 432, 864, 1080, 1080, 1080, 1080, 1080, 1080, 1080, 1080, 1080, 1080, 1080, 1080, 1080]",17,"[0.1, 0.4, 1.2000000000000002, 3.2, 5.0, 6.0, 7.0, 8.0, 9.0, 10.0, 11.0, 12.0, 13.0, 14.0, 15.0, 16.0, 17.0]","[168, 129, 102, 150, 356, 479, 469, 425, 171, 200, 236, 246, 411, 116, 424, 42, 297, 122, 477, 312, 387, 58, 423, 415, 152, 72]",<class 'torch.nn.modules.activation.Tanh'>,0.0,<class 'torch.optim.sgd.SGD'>,0.0013767886202045625,0.0001,0.9,128,True,kaiming_normal,step,"{'step_size': 30, 'gamma': 0.9}",3234066,"[1.3826632499694824, 1.3584963083267212, 1.335132563555682, 1.2567389320444178, 1.159522878240656, 1.0531721715573912, 0.9530269737596865, 0.8623637702729967, 0.7699474937385983, 0.6875057480953358, 0.6181338705398418, 0.557094708636955, 0.5047223629774871, 0.45964153596648466, 0.42392465615714037, 0.39320773228451056, 0.36549195647239685]","[0.25925925925925924, 0.3055555555555556, 0.32407407407407407, 0.3819444444444444, 0.5111111111111111, 0.562962962962963, 0.6537037037037037, 0.6962962962962963, 0.7314814814814815, 0.7685185185185185, 0.8092592592592592, 0.8314814814814815, 0.8333333333333334, 0.8537037037037037, 0.8777777777777778, 0.8796296296296297, 0.8981481481481481]","[1.3928234156440287, 1.3683480234707104, 1.3160938795875101, 1.234394403064952, 1.1567095658358406, 1.0845083208645092, 1.0318421300719767, 0.9753941157284904, 0.9115021439159617, 0.8501494667109322, 0.801323042196386, 0.7628088558421415, 0.727144181728363, 0.7010397840948666, 0.6818436068647048, 0.6705700737588546, 0.6557315167258767]","[0.22794117647058823, 0.2647058823529412, 0.3161764705882353, 0.3897058823529412, 0.47794117647058826, 0.5220588235294118, 0.5367647058823529, 0.5661764705882353, 0.5882352941176471, 0.6102941176470589, 0.6102941176470589, 0.6397058823529411, 0.6176470588235294, 0.625, 0.6323529411764706, 0.6397058823529411, 0.6544117647058824]",[],[],0.6568535079270522,0.529797272585176,0.0,False,0.02523494604942569,0.018451946217119052,0.1378676470588236,0.8981481481481481,0.36549195647239685,0.6544117647058824,0.6557315167258767
617,512,"[54, 108, 216, 432, 864, 1080]",5,"[0.1, 0.4, 1.2000000000000002, 3.2, 5.0]","[224, 205, 43, 414]",<class 'torch.nn.modules.activation.ELU'>,0.0,<class 'torch.optim.rmsprop.RMSprop'>,0.00033670228955516097,0.01,,512,True,kaiming_uniform,none,{},49101,"[1.5265953540802002, 1.1863106489181519, 1.1359877586364746, 0.8405323624610901, 0.7210520673681189]","[0.18518518518518517, 0.5370370370370371, 0.5185185185185185, 0.6597222222222222, 0.725925925925926]","[1.4475091695785522, 1.1739215850830078, 0.9683031439781189, 0.802177906036377, 1.1139380931854248]","[0.5, 0.5661764705882353, 0.6323529411764706, 0.6617647058823529, 0.5294117647058824]",[],[],0.6096296267306989,0.5294117647058824,0.0,False,0.006002400960384155,0.0037110726643598602,-0.06066176470588236,0.725925925925926,0.7210520673681189,0.5294117647058824,1.1139380931854248
512,512,"[54, 108, 216, 432, 864, 1080, 1080, 1080]",7,"[0.1, 0.4, 1.2000000000000002, 3.2, 5.0, 6.0, 7.0]","[381, 445, 483, 207, 64]",<class 'torch.nn.modules.activation.Tanh'>,0.0,<class 'torch.optim.adamw.AdamW'>,0.0026469866537605427,0.01,,512,False,kaiming_uniform,step,"{'T_max': 10, 'step_size': 20, 'gamma': 0.5}",1862038,"[1.366626262664795, 0.9767725467681885, 0.8730061054229736, 0.8173695802688599, 0.7506504871227123, 0.697488898701138, 0.6155788514349195]","[0.3333333333333333, 0.6203703703703703, 0.6481481481481481, 0.6666666666666666, 0.7111111111111111, 0.7314814814814815, 0.7611111111111111]","[1.066332221031189, 0.9724474549293518, 0.9180657267570496, 0.8683145642280579, 0.8649836182594299, 0.7830913662910461, 0.7096943855285645]","[0.5367647058823529, 0.6617647058823529, 0.6102941176470589, 0.6323529411764706, 0.625, 0.6470588235294118, 0.6691176470588235]",[],[],0.6472088069029308,0.5281760147046624,0.0,False,0.019181585677749354,0.0016903820351670074,0.05024509803921562,0.7611111111111111,0.6155788514349195,0.6691176470588235,0.7096943855285645
361,128,"[54, 108, 216, 432, 864, 1080, 1080, 1080, 1080, 1080, 1080]",10,"[0.1, 0.4, 1.2000000000000002, 3.2, 5.0, 6.0, 7.0, 8.0, 9.0, 10.0]","[381, 53, 190, 414]",<class 'torch.nn.modules.activation.Tanh'>,0.0,<class 'torch.optim.rmsprop.RMSprop'>,0.0004422017434409573,0.0001,,128,False,kaiming_uniform,none,"{'step_size': 30, 'gamma': 0.5}",49021,"[1.3454917669296265, 1.185451626777649, 1.0735738476117451, 0.8223072776088008, 0.5873179819848803, 0.5565820055979269, 0.47296649482515124, 0.41923136269604716, 0.3879800882604387, 0.3612663976572178]","[0.35185185185185186, 0.49074074074074076, 0.5694444444444444, 0.6203703703703703, 0.7555555555555555, 0.7666666666666667, 0.8, 0.825925925925926, 0.8333333333333334, 0.837037037037037]","[1.2094718007480396, 1.3977250141255997, 1.0561303531422335, 0.8138818425290725, 0.9962417939129997, 0.6949682901887333, 0.6476868215729209, 0.6112823626574349, 0.5882002851542305, 0.5665895342826843]","[0.4338235294117647, 0.5, 0.5220588235294118, 0.5955882352941176, 0.6029411764705882, 0.6691176470588235, 0.6691176470588235, 0.6838235294117647, 0.6764705882352942, 0.6691176470588235]",[],[],0.6441532708415888,0.5275653460565639,0.0,False,0.023767082590611995,0.007087478373702422,0.07434640522875802,0.837037037037037,0.3612663976572178,0.6691176470588235,0.5665895342826843
600,8,"[54, 108, 216, 432, 864, 1080]",5,"[0.1, 0.4, 1.2000000000000002, 3.2, 5.0]","[307, 57, 190, 621]",<class 'torch.nn.modules.activation.Tanh'>,0.0,<class 'torch.optim.rmsprop.RMSprop'>,0.0004422017434409573,0.0001,,8,False,kaiming_uniform,step,"{'T_max': 10, 'step_size': 30, 'gamma': 0.5}",49021,"[1.5301734076605902, 0.8749909180181997, 0.5499655880309917, 0.46910624978718934, 0.44338285401463506]","[0.35185185185185186, 0.6018518518518519, 0.7685185185185185, 0.8101851851851852, 0.7981481481481482]","[1.098775616463493, 1.1736157501445097, 0.7451530563480714, 0.6237634630764232, 0.6432644295341828]","[0.5441176470588235, 0.5588235294117647, 0.6544117647058824, 0.6911764705882353, 0.6470588235294118]",[],[],0.6571406128964538,0.5268896341793193,0.0,False,0.021008403361344553,0.003295847750865053,0.03492647058823539,0.7981481481481482,0.44338285401463506,0.6470588235294118,0.6432644295341828
291,512,"[54, 108, 216, 432, 864, 1080, 1080, 1080, 1080, 1080, 1080, 1080]",11,"[0.1, 0.4, 1.2000000000000002, 3.2, 5.0, 6.0, 7.0, 8.0, 9.0, 10.0, 11.0]","[224, 205, 7]",<class 'torch.nn.modules.activation.ELU'>,0.3,<class 'torch.optim.adamw.AdamW'>,0.0026469866537605427,1e-06,,512,True,kaiming_uniform,none,{},49101,"[1.8417307138442993, 1.5151406526565552, 1.392711877822876, 1.269208550453186, 1.2224072606475265, 1.070814013922656, 0.9871333872830427, 0.9440244138240814, 0.9050736564177054, 0.8515795367735404, 0.7908866144992687]","[0.18518518518518517, 0.3055555555555556, 0.4212962962962963, 0.46296296296296297, 0.48333333333333334, 0.5648148148148148, 0.6092592592592593, 0.6444444444444445, 0.6648148148148149, 0.6925925925925925, 0.7296296296296296]","[1.2777132987976074, 1.1882123947143555, 1.1154732704162598, 1.0689760446548462, 1.015641212463379, 1.0054235458374023, 1.0177814960479736, 1.017317771911621, 0.993582546710968, 0.9512465000152588, 0.9074921607971191]","[0.4117647058823529, 0.4485294117647059, 0.49264705882352944, 0.5514705882352942, 0.6544117647058824, 0.6397058823529411, 0.625, 0.625, 0.6470588235294118, 0.6617647058823529, 0.6838235294117647]",[],[],0.629025865989845,0.5246518968373401,0.0,False,0.024959525094441447,0.008073221996625583,0.1080882352941176,0.7296296296296296,0.7908866144992687,0.6838235294117647,0.9074921607971191
451,512,"[54, 108, 216, 432, 864, 1080, 1080, 1080, 1080]",8,"[0.1, 0.4, 1.2000000000000002, 3.2, 5.0, 6.0, 7.0, 8.0]","[381, 82]",<class 'torch.nn.modules.activation.Tanh'>,0.0,<class 'torch.optim.adamw.AdamW'>,0.0026469866537605427,0.0001,,512,True,kaiming_normal,step,"{'T_max': 10, 'step_size': 20, 'gamma': 0.1}",1862038,"[1.3145474195480347, 1.0726972818374634, 0.9961258769035339, 0.9587899446487427, 0.8994946934558727, 0.7835347612698873, 0.716815052209077, 0.6797350945296111]","[0.35185185185185186, 0.5462962962962963, 0.5509259259259259, 0.5671296296296297, 0.6518518518518519, 0.674074074074074, 0.7129629629629629, 0.7388888888888889]","[1.11611008644104, 1.0551085472106934, 1.0064377784729004, 0.9508799314498901, 0.8702876567840576, 0.8085121512413025, 0.7627140879631042, 0.73069167137146]","[0.5, 0.5367647058823529, 0.5882352941176471, 0.6764705882352942, 0.6470588235294118, 0.6617647058823529, 0.6323529411764706, 0.6544117647058824]",[],[],0.6444618100331364,0.5224635930284819,0.0,False,0.0195457930007446,0.003605509299307959,0.04831932773109249,0.7388888888888889,0.6797350945296111,0.6544117647058824,0.73069167137146
819,32,"[54, 108]",1,[0.1],"[317, 452, 400, 429, 313, 291, 154, 433, 44, 454, 167, 434, 340, 439, 384]",<class 'torch.nn.modules.activation.Tanh'>,0.0,<class 'torch.optim.adamw.AdamW'>,0.0003004481541174651,1e-06,,32,True,kaiming_uniform,step,"{'T_max': 10, 'step_size': 10, 'gamma': 0.5}",49021,[1.3464313922105011],[0.37037037037037035],[1.1670397029203528],[0.5220588235294118],[],[],0.0,0.5220588235294118,0.0,False,,,,0.37037037037037035,1.3464313922105011,0.5220588235294118,1.1670397029203528
297,256,"[54, 108, 216, 432, 864, 1080, 1080, 1080, 1080, 1080, 1080, 1080]",11,"[0.1, 0.4, 1.2000000000000002, 3.2, 5.0, 6.0, 7.0, 8.0, 9.0, 10.0, 11.0]","[381, 53, 458, 414]",<class 'torch.nn.modules.activation.Tanh'>,0.0,<class 'torch.optim.rmsprop.RMSprop'>,0.0004422017434409573,0.0001,,256,False,kaiming_uniform,none,"{'step_size': 30, 'gamma': 0.5}",49021,"[1.3968842029571533, 1.2300726175308228, 1.3331977128982544, 0.9373199895576194, 0.9367761232234814, 0.6391254939414837, 0.5411998567757783, 0.4787556446260876, 0.45879607575911063, 0.41790696537053146, 0.4131124804417292]","[0.2777777777777778, 0.4722222222222222, 0.46296296296296297, 0.6712962962962963, 0.6111111111111112, 0.725925925925926, 0.7703703703703704, 0.7870370370370371, 0.7981481481481482, 0.8111111111111111, 0.8148148148148148]","[1.4258079528808594, 1.4974011182785034, 0.9967844486236572, 0.9634051322937012, 0.9776611328125, 0.78273606300354, 0.7355664372444153, 0.6874936819076538, 0.6907730102539062, 0.6344473361968994, 0.6607304215431213]","[0.47058823529411764, 0.40441176470588236, 0.625, 0.5882352941176471, 0.5882352941176471, 0.6102941176470589, 0.625, 0.6470588235294118, 0.6544117647058824, 0.6764705882352942, 0.6764705882352942]",[],[],0.6303465125675537,0.5218920906064968,0.0,False,0.018888289260658397,0.006672874546026482,0.08750000000000002,0.8148148148148148,0.4131124804417292,0.6764705882352942,0.6607304215431213
505,128,"[54, 108, 216, 432, 864, 1080, 1080, 1080]",7,"[0.1, 0.4, 1.2000000000000002, 3.2, 5.0, 6.0, 7.0]","[281, 423, 190, 414]",<class 'torch.nn.modules.activation.Tanh'>,0.0,<class 'torch.optim.adamw.AdamW'>,0.0017543457336780567,1e-06,,128,False,kaiming_uniform,none,"{'step_size': 20, 'gamma': 0.99}",49021,"[1.500106930732727, 1.0878345966339111, 0.823827224749106, 0.6666226674009252, 0.5479287540471113, 0.43736376188419485, 0.378402731484837]","[0.12962962962962962, 0.5092592592592593, 0.625, 0.7291666666666666, 0.7574074074074074, 0.7833333333333333, 0.8240740740740741]","[1.193998841678395, 0.9738319761612836, 0.889887767679551, 0.7244261853835162, 0.742363782490001, 0.657422100796419, 0.6792997191934025]","[0.49264705882352944, 0.5808823529411765, 0.625, 0.6470588235294118, 0.6323529411764706, 0.6544117647058824, 0.6470588235294118]",[],[],0.6459202948438165,0.52155349780554,0.0,False,0.02237851662404092,0.0028643810465362614,0.04166666666666674,0.8240740740740741,0.378402731484837,0.6470588235294118,0.6792997191934025
16,512,"[54, 108, 216, 432, 864, 1080, 1080, 1080, 1080, 1080, 1080, 1080, 1080, 1080, 1080, 1080, 1080, 1080]",17,"[0.1, 0.4, 1.2000000000000002, 3.2, 5.0, 6.0, 7.0, 8.0, 9.0, 10.0, 11.0, 12.0, 13.0, 14.0, 15.0, 16.0, 17.0]","[165, 200, 235, 367, 357, 313]",<class 'torch.nn.modules.activation.ELU'>,0.3,<class 'torch.optim.adam.Adam'>,0.0026378548185975264,0.01,,512,False,xavier_uniform,step,"{'step_size': 30, 'gamma': 0.5}",784016,"[1.3518320322036743, 1.1962807178497314, 1.0987427234649658, 1.006654143333435, 0.9720312105284796, 0.8056435501685849, 0.5364406523467214, 0.4501171428365288, 0.3233295139270248, 0.2359451613613163, 0.17675364867232188, 0.12971905107368473, 0.10592464516456757, 0.0863918440554429, 0.06579888454310734, 0.04987490861072998, 0.047880819638225214]","[0.3333333333333333, 0.4537037037037037, 0.47685185185185186, 0.5648148148148148, 0.587037037037037, 0.662962962962963, 0.7666666666666667, 0.8055555555555556, 0.8629629629629629, 0.9314814814814815, 0.9722222222222222, 0.9851851851851852, 0.987037037037037, 0.9944444444444445, 0.9962962962962963, 1.0, 1.0]","[1.2399046421051025, 1.2091484069824219, 1.0547775030136108, 1.0051965713500977, 0.9817085266113281, 0.78949373960495, 0.8384674191474915, 0.965013861656189, 0.8015825152397156, 0.6090176701545715, 0.6576339602470398, 0.8046629428863525, 0.8575442433357239, 0.7719728946685791, 0.6820802092552185, 0.6969138979911804, 0.712197482585907]","[0.4852941176470588, 0.4264705882352941, 0.5661764705882353, 0.5514705882352942, 0.5588235294117647, 0.6544117647058824, 0.6029411764705882, 0.5955882352941176, 0.6029411764705882, 0.6985294117647058, 0.6838235294117647, 0.6544117647058824, 0.625, 0.625, 0.6544117647058824, 0.6544117647058824, 0.6764705882352942]",[],[],0.6274168091979074,0.518912024508456,0.0,False,0.011312217194570139,0.004904829324361537,0.07398897058823528,1.0,0.047880819638225214,0.6764705882352942,0.712197482585907
299,256,"[54, 108, 216, 432, 864, 1080, 1080, 1080, 1080, 1080, 1080, 1080]",11,"[0.1, 0.4, 1.2000000000000002, 3.2, 5.0, 6.0, 7.0, 8.0, 9.0, 10.0, 11.0]","[224, 423, 95, 414]",<class 'torch.nn.modules.activation.ELU'>,0.3,<class 'torch.optim.adamw.AdamW'>,0.0026469866537605427,1e-06,,256,False,kaiming_uniform,none,{},49021,"[1.9404100179672241, 1.7736402750015259, 1.390227198600769, 1.2074367028695565, 0.9246113997918588, 0.5991747846757924, 0.35490995740724934, 0.21357216271399349, 0.12324034951247827, 0.07336092740297318, 0.03839578666008526]","[0.25925925925925924, 0.39814814814814814, 0.4398148148148148, 0.5092592592592593, 0.5907407407407408, 0.7444444444444445, 0.8481481481481481, 0.9351851851851852, 0.9796296296296296, 0.9925925925925926, 1.0]","[1.6971712112426758, 1.2514368295669556, 1.0428470373153687, 0.7767860293388367, 0.8408440947532654, 0.8385257124900818, 0.7242486476898193, 0.6872889995574951, 0.7356408834457397, 0.7589946389198303, 0.7432055473327637]","[0.375, 0.5367647058823529, 0.5514705882352942, 0.6617647058823529, 0.6176470588235294, 0.6102941176470589, 0.6470588235294118, 0.6323529411764706, 0.6617647058823529, 0.6470588235294118, 0.6397058823529411]",[],[],0.6413222389741503,0.517429872859984,0.0,False,0.024284943335132213,0.006549551030913095,0.045588235294117485,1.0,0.03839578666008526,0.6397058823529411,0.7432055473327637
71,256,"[54, 108, 216, 432, 864, 1080, 1080, 1080, 1080, 1080, 1080, 1080, 1080, 1080, 1080, 1080, 1080, 1080]",17,"[0.1, 0.4, 1.2000000000000002, 3.2, 5.0, 6.0, 7.0, 8.0, 9.0, 10.0, 11.0, 12.0, 13.0, 14.0, 15.0, 16.0, 17.0]","[267, 451, 366, 471, 226, 439, 154, 475, 199, 439, 253, 165, 185, 55, 287, 31, 362, 297, 361, 338, 406, 177, 282, 378, 166, 137, 17, 223, 111, 127, 22, 488, 168, 50, 183]",<class 'torch.nn.modules.activation.Tanh'>,0.0,<class 'torch.optim.adam.Adam'>,0.00031342263818815943,0.01,,256,False,kaiming_uniform,step,"{'step_size': 20, 'gamma': 0.1}",3479071,"[1.5209203958511353, 1.2592695951461792, 1.1767328977584839, 1.087479591369629, 0.9906566067978188, 0.8735795361024362, 0.7425826840930515, 0.6525052975725245, 0.5802461396764826, 0.5234663003020816, 0.5321721562632808, 0.5780000958177779, 0.5631073631622173, 0.46395232765762895, 0.49399921397368113, 0.5340300150491574, 0.49179231149178965]","[0.09259259259259259, 0.42592592592592593, 0.5462962962962963, 0.5601851851851852, 0.6037037037037037, 0.6592592592592592, 0.6796296296296296, 0.7537037037037037, 0.7759259259259259, 0.7888888888888889, 0.7962962962962963, 0.7648148148148148, 0.7851851851851852, 0.825925925925926, 0.8111111111111111, 0.7944444444444444, 0.8148148148148148]","[1.3052560091018677, 1.2418556213378906, 1.1677861213684082, 1.0045578479766846, 0.9345396757125854, 0.8374752402305603, 0.7398324012756348, 0.7114784121513367, 0.6402543187141418, 0.8277400135993958, 0.7016237378120422, 0.9291506409645081, 0.8218429684638977, 0.668574869632721, 0.8814786672592163, 0.837071418762207, 0.7563352584838867]","[0.3602941176470588, 0.45588235294117646, 0.47058823529411764, 0.5735294117647058, 0.5441176470588235, 0.6397058823529411, 0.6764705882352942, 0.6029411764705882, 0.6764705882352942, 0.6323529411764706, 0.6544117647058824, 0.5955882352941176, 0.6397058823529411, 0.6838235294117647, 0.6176470588235294, 0.6764705882352942, 0.6470588235294118]",[],[],0.6340115361062492,0.5145170802703192,0.0,False,0.016968325791855206,0.00781876713640881,0.0533088235294118,0.8148148148148148,0.49179231149178965,0.6470588235294118,0.7563352584838867
569,512,"[54, 108, 216, 432, 864, 1080, 1080]",6,"[0.1, 0.4, 1.2000000000000002, 3.2, 5.0, 6.0]","[317, 452, 124, 317, 389, 289, 154, 433, 44, 454, 167, 434, 340, 439, 256]",<class 'torch.nn.modules.activation.Tanh'>,0.0,<class 'torch.optim.adamw.AdamW'>,0.0003004481541174651,0.0,,512,False,kaiming_uniform,step,"{'T_max': 10, 'step_size': 10, 'gamma': 0.99}",49021,"[1.4090300798416138, 1.047995686531067, 0.8870534300804138, 0.8174668550491333, 0.7343683419404207, 0.6131120441136537]","[0.2222222222222222, 0.6759259259259259, 0.7222222222222222, 0.7060185185185185, 0.7240740740740741, 0.7592592592592593]","[1.1764510869979858, 1.0319427251815796, 0.9359250068664551, 0.8194224834442139, 0.7337544560432434, 0.7901248931884766]","[0.5588235294117647, 0.6176470588235294, 0.5882352941176471, 0.6397058823529411, 0.6397058823529411, 0.6397058823529411]",[],[],0.6317762769611797,0.5105416778624442,0.0,False,0.013708873379860407,0.000950655997693193,0.030882352941176472,0.7592592592592593,0.6131120441136537,0.6397058823529411,0.7901248931884766
209,32,"[54, 108, 216, 432, 864, 1080, 1080, 1080, 1080, 1080, 1080, 1080, 1080, 1080]",13,"[0.1, 0.4, 1.2000000000000002, 3.2, 5.0, 6.0, 7.0, 8.0, 9.0, 10.0, 11.0, 12.0, 13.0]","[388, 118, 124, 317, 389, 289, 154, 433, 44, 454, 167, 434, 379, 255, 278, 438, 160, 40, 192, 27, 192, 210, 451, 64, 474, 471]",<class 'torch.nn.modules.activation.ELU'>,0.0,<class 'torch.optim.adamw.AdamW'>,0.0004964737618239939,0.01,,32,False,xavier_uniform,step,"{'step_size': 20, 'gamma': 0.1}",441009,"[1.4007662534713745, 1.297976471759655, 1.2307364499127422, 0.881882248101411, 0.8974517791359513, 0.7545688523186578, 0.6704449346771947, 0.7597677879863315, 0.7557350955627583, 0.7040659078845272, 0.698730468529242, 0.749369172917472, 0.7144598256658625]","[0.24074074074074073, 0.39814814814814814, 0.375, 0.6157407407407407, 0.5814814814814815, 0.6425925925925926, 0.6796296296296296, 0.65, 0.6648148148148149, 0.6666666666666666, 0.6648148148148149, 0.6518518518518519, 0.662962962962963]","[1.366520411827985, 1.2318760717616362, 1.100867260904873, 0.8329045807614046, 0.8797130654839909, 0.7364196987713084, 0.8096210255342371, 0.9115380118874943, 0.8538413223098306, 0.8686215386671179, 0.8619837199940401, 0.9058309232487398, 0.7359514306573307]","[0.3382352941176471, 0.41911764705882354, 0.4485294117647059, 0.5735294117647058, 0.6397058823529411, 0.6691176470588235, 0.6102941176470589, 0.5882352941176471, 0.5955882352941176, 0.6397058823529411, 0.6470588235294118, 0.6617647058823529, 0.6397058823529411]",[],[],0.6275146981756423,0.5103430764020026,0.0,False,0.02336981304149566,0.010179715812534547,0.07046568627450966,0.662962962962963,0.7144598256658625,0.6397058823529411,0.7359514306573307
698,32,"[54, 108, 216, 432]",3,"[0.1, 0.4, 1.2000000000000002]","[307, 57, 124, 317, 64, 32]",<class 'torch.nn.modules.activation.Tanh'>,0.0,<class 'torch.optim.rmsprop.RMSprop'>,0.0004964737618239939,0.01,,32,False,kaiming_uniform,step,"{'T_max': 10, 'step_size': 20, 'gamma': 0.9}",2205045,"[1.397977630297343, 1.0879981959307636, 0.8613169193267822]","[0.25925925925925924, 0.5555555555555556, 0.6111111111111112]","[1.1118397151722628, 0.9588752599323497, 0.8433457332498887]","[0.5220588235294118, 0.5367647058823529, 0.625]",[],[],0.6023732947343292,0.5074032249072715,0.0,False,0.09358288770053472,0.002066512879661668,0.09558823529411764,0.6111111111111112,0.8613169193267822,0.625,0.8433457332498887
802,256,"[54, 108]",1,[0.1],"[317, 452, 190, 414]",<class 'torch.nn.modules.activation.ELU'>,0.2,<class 'torch.optim.rmsprop.RMSprop'>,0.0003004481541174651,0.0001,,256,False,kaiming_uniform,step,"{'step_size': 10, 'gamma': 0.5}",49001,[1.6924996376037598],[0.2962962962962963],[1.5572891235351562],[0.5073529411764706],[],[],0.0,0.5073529411764706,0.0,False,,,,0.2962962962962963,1.6924996376037598,0.5073529411764706,1.5572891235351562
670,32,"[54, 108, 216, 432, 864]",4,"[0.1, 0.4, 1.2000000000000002, 3.2]","[14, 445, 190, 414]",<class 'torch.nn.modules.activation.Tanh'>,0.0,<class 'torch.optim.rmsprop.RMSprop'>,0.0004964737618239939,0.01,,32,False,kaiming_uniform,none,"{'T_max': 10, 'step_size': 20, 'gamma': 0.5}",49021,"[1.2907813345944439, 0.8309276236428155, 0.6950149028389542, 0.651698315585101]","[0.4074074074074074, 0.6851851851851852, 0.7175925925925926, 0.6990740740740741]","[1.2013619226567886, 0.9818543616463157, 0.831868473221274, 0.7826139050371507]","[0.5294117647058824, 0.5955882352941176, 0.6323529411764706, 0.6102941176470589]",[],[],0.6260254993200237,0.5013192012729151,0.0,False,0.02609108159392791,0.0014732915224913493,0.02450980392156865,0.6990740740740741,0.651698315585101,0.6102941176470589,0.7826139050371507
801,256,"[54, 108]",1,[0.1],"[112, 205, 43, 414]",<class 'torch.nn.modules.activation.ELU'>,0.0,<class 'torch.optim.rmsprop.RMSprop'>,0.00033670228955516097,0.01,,256,True,kaiming_uniform,none,{},49101,[1.3273019790649414],[0.35185185185185186],[1.3174294233322144],[0.5],[],[],0.0,0.5,0.0,False,,,,0.35185185185185186,1.3273019790649414,0.5,1.3174294233322144
796,16,"[54, 108]",1,[0.1],"[307, 85, 458, 414]",<class 'torch.nn.modules.activation.Tanh'>,0.0,<class 'torch.optim.rmsprop.RMSprop'>,0.0004422017434409573,0.0001,,16,False,kaiming_uniform,step,"{'T_max': 10, 'step_size': 5, 'gamma': 0.5}",49021,[1.8258981925469857],[0.35185185185185186],[1.3230870050542496],[0.5],[],[],0.0,0.5,0.0,False,,,,0.35185185185185186,1.8258981925469857,0.5,1.3230870050542496
661,512,"[54, 108, 216, 432, 864]",4,"[0.1, 0.4, 1.2000000000000002, 3.2]","[381, 445, 443, 64, 32]",<class 'torch.nn.modules.activation.Tanh'>,0.0,<class 'torch.optim.adamw.AdamW'>,0.0026469866537605427,1e-06,,512,True,kaiming_uniform,exponential,"{'T_max': 10, 'step_size': 10, 'gamma': 0.5}",49001,"[1.4409533739089966, 1.0858594179153442, 1.0195609331130981, 0.926602840423584]","[0.3333333333333333, 0.6018518518518519, 0.5833333333333334, 0.6782407407407407]","[1.1624748706817627, 1.065806269645691, 0.9817876219749451, 0.9334126710891724]","[0.49264705882352944, 0.5661764705882353, 0.6029411764705882, 0.6102941176470589]",[],[],0.6116029635564859,0.4964798498996851,0.0,False,0.037950664136622396,0.002172767084775086,0.056372549019607976,0.6782407407407407,0.926602840423584,0.6102941176470589,0.9334126710891724
805,128,"[54, 108]",1,[0.1],"[224, 205, 190, 414]",<class 'torch.nn.modules.activation.Tanh'>,0.0,<class 'torch.optim.adamw.AdamW'>,0.0017543457336780567,1e-06,,128,False,kaiming_uniform,none,"{'step_size': 20, 'gamma': 0.99}",49021,[1.4342602491378784],[0.18518518518518517],[1.1948229144601261],[0.49264705882352944],[],[],0.0,0.49264705882352944,0.0,False,,,,0.18518518518518517,1.4342602491378784,0.49264705882352944,1.1948229144601261
797,128,"[54, 108]",1,[0.1],"[307, 57, 449, 414]",<class 'torch.nn.modules.activation.Tanh'>,0.0,<class 'torch.optim.adamw.AdamW'>,0.0019917652019978073,0.0001,,128,False,kaiming_uniform,none,"{'step_size': 20, 'gamma': 0.9}",49021,[1.3890658617019653],[0.3148148148148148],[1.154806277331184],[0.49264705882352944],[],[],0.0,0.49264705882352944,0.0,False,,,,0.3148148148148148,1.3890658617019653,0.49264705882352944,1.154806277331184
710,512,"[54, 108, 216, 432]",3,"[0.1, 0.4, 1.2000000000000002]","[388, 118, 43, 414]",<class 'torch.nn.modules.activation.ELU'>,0.0,<class 'torch.optim.rmsprop.RMSprop'>,0.0004964737618239939,0.01,,512,False,kaiming_uniform,none,"{'step_size': 20, 'gamma': 0.1}",49101,"[1.479589819908142, 1.4251621961593628, 2.108320474624634]","[0.2037037037037037, 0.6018518518518519, 0.5231481481481481]","[1.6206504106521606, 2.247013807296753, 0.9184021353721619]","[0.5367647058823529, 0.5073529411764706, 0.6176470588235294]",[],[],0.5778664068495948,0.4889332034247974,0.0,False,0.07352941176470591,0.002174644367550944,0.09558823529411775,0.5231481481481481,2.108320474624634,0.6176470588235294,0.9184021353721619
567,512,"[54, 108, 216, 432, 864, 1080, 1080]",6,"[0.1, 0.4, 1.2000000000000002, 3.2, 5.0, 6.0]","[224, 205, 43, 414]",<class 'torch.nn.modules.activation.ELU'>,0.0,<class 'torch.optim.rmsprop.RMSprop'>,0.00033670228955516097,0.01,,512,True,kaiming_uniform,none,{},49101,"[1.5265953540802002, 1.1863106489181519, 1.1359877586364746, 0.8405323624610901, 0.7210520673681189, 0.8844343410597907]","[0.18518518518518517, 0.5370370370370371, 0.5185185185185185, 0.6597222222222222, 0.725925925925926, 0.6203703703703703]","[1.4475091695785522, 1.1739215850830078, 0.9683031439781189, 0.802177906036377, 1.1139380931854248, 0.8217794895172119]","[0.5, 0.5661764705882353, 0.6323529411764706, 0.6617647058823529, 0.5294117647058824, 0.5955882352941176]",[],[],0.6066849470173414,0.4852592232594185,0.0,False,0.01620139581256231,0.0031358131487889264,0.01764705882352946,0.6203703703703703,0.8844343410597907,0.5955882352941176,0.8217794895172119
817,1024,"[54, 108]",1,[0.1],"[224, 205, 95, 414]",<class 'torch.nn.modules.activation.ELU'>,0.3,<class 'torch.optim.adamw.AdamW'>,0.0026469866537605427,1e-06,,1024,True,kaiming_uniform,none,{},49101,[1.9341185092926025],[0.3148148148148148],[1.3351430892944336],[0.47794117647058826],[],[],0.0,0.47794117647058826,0.0,False,,,,0.3148148148148148,1.9341185092926025,0.47794117647058826,1.3351430892944336
812,512,"[54, 108]",1,[0.1],"[317, 452, 190, 414, 32]",<class 'torch.nn.modules.activation.ELU'>,0.2,<class 'torch.optim.rmsprop.RMSprop'>,0.0003004481541174651,0.0001,,512,False,kaiming_uniform,step,"{'step_size': 10, 'gamma': 0.5}",49021,[1.872930645942688],[0.24074074074074073],[1.2429989576339722],[0.4632352941176471],[],[],0.0,0.4632352941176471,0.0,False,,,,0.24074074074074073,1.872930645942688,0.4632352941176471,1.2429989576339722
705,512,"[54, 108, 216, 432]",3,"[0.1, 0.4, 1.2000000000000002]","[224, 205, 43, 414]",<class 'torch.nn.modules.activation.ELU'>,0.0,<class 'torch.optim.rmsprop.RMSprop'>,0.00033670228955516097,0.01,,512,True,kaiming_uniform,none,{},49101,"[1.4784289598464966, 1.106580138206482, 0.9180908203125]","[0.3333333333333333, 0.5833333333333334, 0.6157407407407407]","[1.1958107948303223, 1.0670192241668701, 1.4430733919143677]","[0.5073529411764706, 0.5441176470588235, 0.5588235294117647]",[],[],0.5616602476400673,0.4578354714136165,0.0,False,0.046791443850267414,0.00046856978085351835,0.03308823529411775,0.6157407407407407,0.9180908203125,0.5588235294117647,1.4430733919143677
811,128,"[54, 108]",1,[0.1],"[307, 205, 322, 414, 32]",<class 'torch.nn.modules.activation.Tanh'>,0.0,<class 'torch.optim.rmsprop.RMSprop'>,0.00033670228955516097,1e-06,,128,False,kaiming_uniform,none,"{'T_max': 10, 'step_size': 20, 'gamma': 0.9}",49021,[1.3647336959838867],[0.2962962962962963],[1.2631469193626852],[0.45588235294117646],[],[],0.0,0.45588235294117646,0.0,False,,,,0.2962962962962963,1.3647336959838867,0.45588235294117646,1.2631469193626852
702,256,"[54, 108, 216, 432]",3,"[0.1, 0.4, 1.2000000000000002]","[317, 452, 190, 414]",<class 'torch.nn.modules.activation.ELU'>,0.2,<class 'torch.optim.rmsprop.RMSprop'>,0.0003004481541174651,0.0001,,256,False,kaiming_uniform,step,"{'step_size': 10, 'gamma': 0.5}",49001,"[1.6924996376037598, 1.5361442565917969, 1.5356751680374146]","[0.2962962962962963, 0.5925925925925926, 0.4398148148148148]","[1.5572891235351562, 1.400943398475647, 1.5328537225723267]","[0.5073529411764706, 0.5441176470588235, 0.5514705882352942]",[],[],0.5572228574461747,0.4520739955680072,0.0,False,0.04010695187165781,0.0003724529027297199,0.02573529411764719,0.4398148148148148,1.5356751680374146,0.5514705882352942,1.5328537225723267
815,32,"[54, 108]",1,[0.1],"[14, 445, 43, 414]",<class 'torch.nn.modules.activation.ELU'>,0.0,<class 'torch.optim.rmsprop.RMSprop'>,0.00033670228955516097,0.01,,32,True,kaiming_uniform,step,"{'T_max': 10, 'step_size': 20, 'gamma': 0.5}",49101,[1.636292329540959],[0.3148148148148148],[1.1778043999391443],[0.4485294117647059],[],[],0.0,0.4485294117647059,0.0,False,,,,0.3148148148148148,1.636292329540959,0.4485294117647059,1.1778043999391443
803,512,"[54, 108]",1,[0.1],"[224, 205, 43, 414]",<class 'torch.nn.modules.activation.ELU'>,0.0,<class 'torch.optim.rmsprop.RMSprop'>,0.00033670228955516097,0.01,,512,True,kaiming_uniform,none,{},49101,[1.506645679473877],[0.25925925925925924],[1.3422898054122925],[0.4485294117647059],[],[],0.0,0.4485294117647059,0.0,False,,,,0.25925925925925924,1.506645679473877,0.4485294117647059,1.3422898054122925
800,16,"[54, 108]",1,[0.1],"[317, 452, 400, 429, 32, 64]",<class 'torch.nn.modules.activation.Tanh'>,0.0,<class 'torch.optim.adam.Adam'>,0.0026469866537605427,1e-06,,16,True,kaiming_uniform,step,"{'T_max': 10, 'step_size': 10, 'gamma': 0.5}",49001,[1.2379355165693495],[0.42592592592592593],[1.1458480568493115],[0.4411764705882353],[],[],0.0,0.4411764705882353,0.0,False,,,,0.42592592592592593,1.2379355165693495,0.4411764705882353,1.1458480568493115
806,64,"[54, 108]",1,[0.1],"[224, 423, 95, 414, 32]",<class 'torch.nn.modules.activation.Tanh'>,0.3,<class 'torch.optim.adamw.AdamW'>,0.0026469866537605427,1e-06,,64,False,kaiming_uniform,none,"{'step_size': 30, 'gamma': 0.99}",49021,[1.5337616205215454],[0.24074074074074073],[1.2302071907941032],[0.4264705882352941],[],[],0.0,0.4264705882352941,0.0,False,,,,0.24074074074074073,1.5337616205215454,0.4264705882352941,1.2302071907941032
791,512,"[54, 108]",1,[0.1],"[224, 205, 7]",<class 'torch.nn.modules.activation.ELU'>,0.3,<class 'torch.optim.adamw.AdamW'>,0.0026469866537605427,1e-06,,512,True,kaiming_uniform,none,{},49101,[1.8417307138442993],[0.18518518518518517],[1.2777132987976074],[0.4117647058823529],[],[],0.0,0.4117647058823529,0.0,False,,,,0.18518518518518517,1.8417307138442993,0.4117647058823529,1.2777132987976074
816,64,"[54, 108]",1,[0.1],"[381, 26, 43, 414]",<class 'torch.nn.modules.activation.ELU'>,0.0,<class 'torch.optim.rmsprop.RMSprop'>,0.0004422017434409573,0.0001,,64,True,kaiming_normal,none,"{'T_max': 10, 'step_size': 30, 'gamma': 0.5}",4655095,[1.6635808944702148],[0.2777777777777778],[1.427924815346213],[0.375],[],[],0.0,0.375,0.0,False,,,,0.2777777777777778,1.6635808944702148,0.375,1.427924815346213
809,32,"[54, 108]",1,[0.1],"[307, 205, 43, 414, 256]",<class 'torch.nn.modules.activation.ELU'>,0.0,<class 'torch.optim.rmsprop.RMSprop'>,0.0019917652019978073,0.0001,,32,False,kaiming_uniform,step,"{'step_size': 5, 'gamma': 0.9}",49021,[5.582841237386067],[0.3333333333333333],[63.384858075310206],[0.3602941176470588],[],[],0.0,0.3602941176470588,0.0,False,,,,0.3333333333333333,5.582841237386067,0.3602941176470588,63.384858075310206
775,256,"[54, 108]",1,[0.1],"[281, 423, 190, 414]",<class 'torch.nn.modules.activation.Tanh'>,0.0,<class 'torch.optim.rmsprop.RMSprop'>,0.0019917652019978073,0.0001,,256,False,kaiming_uniform,none,{},49021,[1.5339125394821167],[0.12962962962962962],[2.0720443725585938],[0.35294117647058826],[],[],0.0,0.35294117647058826,0.0,False,,,,0.12962962962962962,1.5339125394821167,0.35294117647058826,2.0720443725585938
814,256,"[54, 108]",1,[0.1],"[317, 82]",<class 'torch.nn.modules.activation.Tanh'>,0.0,<class 'torch.optim.adamw.AdamW'>,0.0026469866537605427,0.0001,,256,True,kaiming_normal,step,"{'T_max': 10, 'step_size': 20, 'gamma': 0.5}",49001,[1.4878180027008057],[0.14814814814814814],[1.287213683128357],[0.34558823529411764],[],[],0.0,0.34558823529411764,0.0,False,,,,0.14814814814814814,1.4878180027008057,0.34558823529411764,1.287213683128357
798,1024,"[54, 108]",1,[0.1],"[388, 118, 43, 414]",<class 'torch.nn.modules.activation.ELU'>,0.0,<class 'torch.optim.rmsprop.RMSprop'>,0.00033670228955516097,0.01,,1024,False,kaiming_uniform,none,"{'step_size': 20, 'gamma': 0.1}",49101,[1.756880760192871],[0.24074074074074073],[1.7713909149169922],[0.3382352941176471],[],[],0.0,0.3382352941176471,0.0,False,,,,0.24074074074074073,1.756880760192871,0.3382352941176471,1.7713909149169922
780,1024,"[54, 108]",1,[0.1],"[202, 162, 124, 85, 241, 291, 325, 498, 277, 198, 390, 432, 313, 359, 318, 493, 57, 115, 124, 200, 92, 9, 205, 465, 262, 198, 111, 38, 31, 384, 135, 37, 151, 109, 147, 338, 86, 110, 185, 82, 127, 444, 58, 66, 42, 98, 499, 129, 225, 426, 441, 7, 451, 97, 225, 485, 434, 205, 479, 306, 483, 64, 486, 117, 282, 216, 296, 363, 248, 182, 183, 450, 3, 44, 368, 112, 27, 397, 483, 108, 415, 16, 4, 295, 318, 393, 151, 81, 158, 168, 493, 242, 478, 296, 166, 319, 353, 358, 11]",<class 'torch.nn.modules.activation.Tanh'>,0.4,<class 'torch.optim.rmsprop.RMSprop'>,0.00018982444116247285,0.0,,1024,False,xavier_uniform,step,"{'step_size': 5, 'gamma': 0.5}",49046,[1.4361374378204346],[0.2962962962962963],[1.3824622631072998],[0.33088235294117646],[],[],0.0,0.33088235294117646,0.0,False,,,,0.2962962962962963,1.4361374378204346,0.33088235294117646,1.3824622631072998
818,256,"[54, 108]",1,[0.1],"[317, 226, 190, 459, 421, 242, 325, 151, 360, 376, 486, 87, 379, 255, 278, 438, 160, 40, 192, 27, 192, 210, 451, 64, 474, 471]",<class 'torch.nn.modules.activation.ELU'>,0.0,<class 'torch.optim.adamw.AdamW'>,0.0004964737618239939,0.0001,,256,False,xavier_uniform,step,"{'step_size': 10, 'gamma': 0.5}",49001,[1.3901077508926392],[0.24074074074074073],[1.3745510578155518],[0.33088235294117646],[],[],0.0,0.33088235294117646,0.0,False,,,,0.24074074074074073,1.3901077508926392,0.33088235294117646,1.3745510578155518
820,16,"[54, 108]",1,[0.1],"[307, 57, 124, 317, 313, 191, 371, 56, 320, 38, 171, 399, 11, 227, 434, 379, 394, 478, 455, 439, 156, 252, 411, 154, 261, 64, 256]",<class 'torch.nn.modules.activation.ELU'>,0.0,<class 'torch.optim.rmsprop.RMSprop'>,0.0004964737618239939,0.01,,16,False,kaiming_uniform,step,"{'T_max': 10, 'step_size': 10, 'gamma': 0.5}",2205045,[15.007069834956416],[0.24074074074074073],[6.647654140696806],[0.33088235294117646],[],[],0.0,0.33088235294117646,0.0,False,,,,0.24074074074074073,15.007069834956416,0.33088235294117646,6.647654140696806
786,512,"[54, 108]",1,[0.1],"[371, 476, 431, 16, 225, 35, 482, 203, 106, 180, 247]",<class 'torch.nn.modules.activation.ReLU'>,0.4,<class 'torch.optim.sgd.SGD'>,0.0007156125156397555,1e-05,0.99,512,True,xavier_uniform,none,{},49076,[1.3886113166809082],[0.2222222222222222],[1.382635235786438],[0.33088235294117646],[],[],0.0,0.33088235294117646,0.0,False,,,,0.2222222222222222,1.3886113166809082,0.33088235294117646,1.382635235786438
787,64,"[54, 108]",1,[0.1],"[144, 228, 169, 471, 52, 498, 175, 66, 25, 113, 340, 154, 142, 158, 265, 419, 333, 204, 178, 162, 80, 191, 60, 105, 423, 189, 245, 444, 5, 477, 329, 238, 441, 288, 264, 420, 417, 26, 11, 101, 141, 418, 55, 18, 243, 375, 307, 296, 72, 480, 126, 126, 435, 326, 397, 270, 308, 167]",<class 'torch.nn.modules.activation.Sigmoid'>,0.5,<class 'torch.optim.rmsprop.RMSprop'>,0.001530531339350681,0.0001,,64,False,xavier_uniform,cosine,{'T_max': 10},49081,[1.4675023555755615],[0.25925925925925924],[1.6382043782402487],[0.33088235294117646],[],[],0.0,0.33088235294117646,0.0,False,,,,0.25925925925925924,1.4675023555755615,0.33088235294117646,1.6382043782402487
810,32,"[54, 108]",1,[0.1],"[388, 118, 458, 414]",<class 'torch.nn.modules.activation.Tanh'>,0.0,<class 'torch.optim.rmsprop.RMSprop'>,0.0004964737618239939,0.01,,32,False,kaiming_uniform,step,"{'T_max': 10, 'step_size': 10, 'gamma': 0.1}",441009,[1.723921572720563],[0.24074074074074073],[2.190193737254423],[0.3161764705882353],[],[],0.0,0.3161764705882353,0.0,False,,,,0.24074074074074073,1.723921572720563,0.3161764705882353,2.190193737254423
807,16,"[54, 108]",1,[0.1],"[388, 118, 124, 317, 389, 289, 154, 433, 44, 454, 167, 434, 411, 116, 424, 42, 297, 122, 477, 312, 387, 58, 423, 415, 152, 72]",<class 'torch.nn.modules.activation.Tanh'>,0.0,<class 'torch.optim.adamw.AdamW'>,0.0013767886202045625,0.0001,,16,True,kaiming_normal,step,"{'step_size': 20, 'gamma': 0.9}",441009,[1.4383150780642475],[0.2962962962962963],[1.4184484061072855],[0.3088235294117647],[],[],0.0,0.3088235294117647,0.0,False,,,,0.2962962962962963,1.4383150780642475,0.3088235294117647,1.4184484061072855
785,1024,"[54, 108]",1,[0.1],"[294, 114, 443, 486, 486, 397, 423, 366, 31, 160, 296, 75, 425, 38, 475, 265, 495, 333, 126, 152, 323, 409, 80, 499, 294, 57, 317, 32, 61, 318, 95, 423, 476, 355, 129, 230, 426, 75, 331, 472, 133, 97, 349, 453, 148, 470, 116, 168, 218, 151, 35, 457, 212, 444, 59, 255, 348, 80, 332, 68, 350, 152, 404, 129, 18, 298, 424, 223, 286, 490]",<class 'torch.nn.modules.activation.Tanh'>,0.5,<class 'torch.optim.rmsprop.RMSprop'>,0.013764793245202352,1e-06,,1024,False,xavier_uniform,exponential,{'gamma': 0.99},49071,[1.4063234329223633],[0.24074074074074073],[2.6864516735076904],[0.3088235294117647],[],[],0.0,0.3088235294117647,0.0,False,,,,0.24074074074074073,1.4063234329223633,0.3088235294117647,2.6864516735076904
799,8,"[54, 108]",1,[0.1],"[307, 57, 483, 338, 380, 225, 355, 281, 444, 194, 258, 241, 333, 357, 256, 256]",<class 'torch.nn.modules.activation.Tanh'>,0.0,<class 'torch.optim.rmsprop.RMSprop'>,0.0004964737618239939,0.01,,8,False,kaiming_uniform,step,"{'T_max': 10, 'step_size': 20, 'gamma': 0.9}",2205045,[1.9901153732229162],[0.35185185185185186],[1.321320554789375],[0.3088235294117647],[],[],0.0,0.3088235294117647,0.0,False,,,,0.35185185185185186,1.9901153732229162,0.3088235294117647,1.321320554789375
774,32,"[54, 108]",1,[0.1],"[17, 435, 408, 9, 93, 106, 353, 379, 379, 71, 379, 19, 121]",<class 'torch.nn.modules.activation.GELU'>,0.5,<class 'torch.optim.rmsprop.RMSprop'>,0.0001946214756081098,1e-05,,32,False,kaiming_normal,none,{},49016,[28.058437629982276],[0.25925925925925924],[1.379894172444063],[0.29411764705882354],[],[],0.0,0.29411764705882354,0.0,False,,,,0.25925925925925924,28.058437629982276,0.29411764705882354,1.379894172444063
790,128,"[54, 108]",1,[0.1],"[319, 485, 451, 423, 203, 160, 34, 259, 178, 254, 21, 326, 227, 410, 443, 158, 173, 312, 86]",<class 'torch.nn.modules.activation.Tanh'>,0.4,<class 'torch.optim.sgd.SGD'>,0.0040875993975759235,0.0001,0.8,128,False,xavier_normal,step,"{'step_size': 10, 'gamma': 0.1}",49096,[1.4998427629470825],[0.2037037037037037],[1.3825601900325102],[0.2867647058823529],[],[],0.0,0.2867647058823529,0.0,False,,,,0.2037037037037037,1.4998427629470825,0.2867647058823529,1.3825601900325102
779,32,"[54, 108]",1,[0.1],"[188, 373, 15, 335, 64, 419, 450, 194, 210, 242, 4, 393, 253, 490, 444, 351, 176, 473, 15, 442, 218, 216, 344, 243, 70, 66, 116, 315, 472, 113, 451, 129, 246, 360, 289, 8, 362, 43, 368, 475, 461, 488, 271, 260, 475, 265, 410, 416, 452, 246, 460, 284, 359, 122, 122, 160, 272, 124, 457, 334, 479, 43, 225, 105, 486, 274, 195, 396, 407, 265, 249, 344, 380, 134, 63, 243, 416, 102, 80, 82, 438, 351]",<class 'torch.nn.modules.activation.Tanh'>,0.4,<class 'torch.optim.adam.Adam'>,0.0013491710160005177,0.0001,,32,True,kaiming_normal,step,"{'step_size': 10, 'gamma': 0.9}",49041,[1.4297010501225789],[0.2962962962962963],[1.4354473913417143],[0.25],[],[],0.0,0.25,0.0,False,,,,0.2962962962962963,1.4297010501225789,0.25,1.4354473913417143
771,256,"[54, 108]",1,[0.1],"[317, 452, 400, 429, 313, 191, 371, 56, 320, 38, 171, 95, 110, 234, 285, 235, 40, 220, 199, 252, 99, 83, 137, 457, 397, 31, 471, 251, 351, 74, 368, 270, 400]",<class 'torch.nn.modules.activation.ELU'>,0.0,<class 'torch.optim.adam.Adam'>,0.0003004481541174651,1e-06,,256,True,xavier_normal,step,"{'step_size': 10, 'gamma': 0.5}",49001,[1.386351466178894],[0.3333333333333333],[1.4125807285308838],[0.23529411764705882],[],[],0.0,0.23529411764705882,0.0,False,,,,0.3333333333333333,1.386351466178894,0.23529411764705882,1.4125807285308838
772,1024,"[54, 108]",1,[0.1],"[426, 273, 487, 280, 115, 226, 209, 13, 189, 444, 303, 431, 35, 43, 163, 162, 315, 101, 457, 310, 362, 69, 231, 293, 296, 36, 81, 86, 477, 343, 322, 6, 147, 266, 205, 424, 15, 407, 451, 477, 247, 283, 494, 393, 188, 30, 120, 242, 363, 487, 211, 30, 234, 203, 50, 394, 269, 486, 223, 314, 185, 178, 334, 25, 148, 239, 145, 214, 443, 204, 24, 471, 96, 49]",<class 'torch.nn.modules.activation.ELU'>,0.4,<class 'torch.optim.adamw.AdamW'>,0.0014234719790992398,0.01,,1024,False,kaiming_normal,cosine,{'T_max': 100},49006,[27794076.0],[0.24074074074074073],[1.565664291381836],[0.23529411764705882],[],[],0.0,0.23529411764705882,0.0,False,,,,0.24074074074074073,27794076.0,0.23529411764705882,1.565664291381836
781,512,"[54, 108]",1,[0.1],"[390, 481, 327, 499, 271, 221, 490, 199, 190, 88, 183, 485, 491, 316, 233, 170, 68, 385, 475, 351, 151, 78, 443, 377, 388, 299, 84, 436, 237, 399, 115, 461, 37, 166, 332, 60, 302, 276, 433, 219, 24, 311, 222, 189, 172, 25, 434, 151, 492, 141, 267, 43, 359, 12, 452]",<class 'torch.nn.modules.activation.GELU'>,0.2,<class 'torch.optim.sgd.SGD'>,0.011457738993801385,0.0,0.99,512,False,xavier_normal,step,"{'step_size': 10, 'gamma': 0.1}",49051,[1.3895964622497559],[0.24074074074074073],[1.3824615478515625],[0.23529411764705882],[],[],0.0,0.23529411764705882,0.0,False,,,,0.24074074074074073,1.3895964622497559,0.23529411764705882,1.3824615478515625
792,32,"[54, 108]",1,[0.1],"[167, 258, 76, 485, 463, 200, 334, 201, 40, 215, 350, 88, 122, 93, 101, 129, 400, 231, 8, 383, 13, 323, 138, 4, 242, 410, 404, 318, 260, 256, 297, 236, 163, 229, 84, 417, 292]",<class 'torch.nn.modules.activation.ELU'>,0.4,<class 'torch.optim.rmsprop.RMSprop'>,0.060102898532402145,0.001,,32,True,kaiming_uniform,none,{},49106,[1.1429271472502254e+35],[0.25925925925925924],[inf],[0.23529411764705882],[],[],0.0,0.23529411764705882,0.0,False,,,,0.25925925925925924,1.1429271472502254e+35,0.23529411764705882,inf
794,256,"[54, 108]",1,[0.1],"[125, 34, 470, 179, 60, 199, 347, 377, 9, 339, 71, 100, 133, 274, 227, 180, 412, 358, 15, 403, 373, 109, 482, 335, 400, 36, 413, 241, 282, 94, 128, 356, 209, 240, 480, 60, 486, 236, 297, 139, 452, 314, 156, 223, 384, 306, 138, 227, 103, 250, 235, 414, 189, 352, 87, 91, 120, 154, 445, 96, 461, 458, 408, 399, 253, 396, 299, 438, 462, 245, 299, 197, 151, 32, 103, 125, 60, 84, 125, 413, 117, 279, 401, 252, 76, 432, 177, 406, 476, 195]",<class 'torch.nn.modules.activation.ReLU'>,0.4,<class 'torch.optim.adam.Adam'>,0.06881940165604711,0.0,,256,False,xavier_uniform,cosine,{'T_max': 10},49116,[1.38787841796875],[0.2222222222222222],[2.452356277716745e+33],[0.23529411764705882],[],[],0.0,0.23529411764705882,0.0,False,,,,0.2222222222222222,1.38787841796875,0.23529411764705882,2.452356277716745e+33
793,256,"[54, 108]",1,[0.1],"[22, 134, 93, 228, 264, 264, 362, 304, 126, 52, 417, 328, 311, 289, 66, 188, 245, 292, 144, 75, 455, 213, 126, 54, 471, 116, 437, 26, 449, 59, 238, 437, 101, 168, 471, 269, 67, 180, 439, 403, 32, 35, 341, 484, 154, 465, 370, 31, 218, 45, 212, 369, 389, 63, 371, 343, 4, 296, 42, 357, 361, 296, 12, 111, 265, 458, 228, 357, 446, 202, 206, 127, 161, 34, 250, 498, 77, 23, 29, 318, 64, 94, 156, 471, 437, 4, 211, 188, 395, 401, 449, 29, 172, 123, 192, 125, 290, 109, 18]",<class 'torch.nn.modules.activation.ELU'>,0.1,<class 'torch.optim.adam.Adam'>,0.05365708608289589,0.01,,256,False,kaiming_uniform,exponential,{'gamma': 0.99},49111,[61.16285705566406],[0.2777777777777778],[19182.59375],[0.23529411764705882],[],[],0.0,0.23529411764705882,0.0,False,,,,0.2777777777777778,61.16285705566406,0.23529411764705882,19182.59375
795,512,"[54, 108]",1,[0.1],"[193, 300, 355, 158, 269, 360, 430, 352, 304, 50, 417, 244, 71, 222, 443, 378, 303, 142, 458, 34, 234, 309, 29, 255, 143, 105, 178]",<class 'torch.nn.modules.activation.ELU'>,0.5,<class 'torch.optim.sgd.SGD'>,0.0046157694959654515,0.0,0.99,512,True,kaiming_normal,exponential,{'gamma': 0.9},49121,[4666.33740234375],[0.25925925925925924],[2.337420765529671e+28],[0.23529411764705882],[],[],0.0,0.23529411764705882,0.0,False,,,,0.25925925925925924,4666.33740234375,0.23529411764705882,2.337420765529671e+28
782,512,"[54, 108]",1,[0.1],"[6, 263, 143, 356, 179, 370, 129, 344, 271, 94, 290, 52, 402, 381, 103, 248, 188, 54, 99, 279, 224, 367, 411, 375, 313, 413, 258, 310]",<class 'torch.nn.modules.activation.LeakyReLU'>,0.2,<class 'torch.optim.rmsprop.RMSprop'>,0.03864768728201583,0.001,,512,False,kaiming_normal,step,"{'step_size': 10, 'gamma': 0.9}",49056,[3.1714468002319336],[0.2962962962962963],[9.086612870194849e+29],[0.23529411764705882],[],[],0.0,0.23529411764705882,0.0,False,,,,0.2962962962962963,3.1714468002319336,0.23529411764705882,9.086612870194849e+29
788,32,"[54, 108]",1,[0.1],"[19, 406, 279, 52, 36, 161, 20, 156, 86, 417, 344, 122, 171, 333, 159, 170, 271, 106, 65, 343, 66, 252, 60, 36, 96, 198, 339, 3, 297, 395, 195, 193, 198, 418, 295, 64, 3, 484, 105, 94, 409, 148, 44, 355, 74, 22, 160, 404, 274, 301, 457, 102, 47, 351, 80, 185, 37, 330, 384, 8, 482, 496, 312, 363, 134, 159, 24, 460, 376, 436, 215, 417, 251, 186, 442, 328, 156, 179, 37, 304, 136, 69, 330, 213, 361, 13, 352, 482]",<class 'torch.nn.modules.activation.ReLU'>,0.0,<class 'torch.optim.adam.Adam'>,0.0011170175604973923,0.01,,32,True,xavier_uniform,step,"{'step_size': 10, 'gamma': 0.9}",49086,[1.3894418080647786],[0.2222222222222222],[1.3902154249303482],[0.23529411764705882],[],[],0.0,0.23529411764705882,0.0,False,,,,0.2222222222222222,1.3894418080647786,0.23529411764705882,1.3902154249303482
778,64,"[54, 108]",1,[0.1],"[125, 252, 177, 481, 404, 56, 229, 469, 408, 93, 408, 211, 271, 248, 427, 205, 305, 60, 59, 121, 219, 373, 478, 204, 403, 209, 454, 387, 213, 249, 147, 326, 474, 227, 358, 196, 308, 195, 497, 339, 291, 109, 221, 4, 148, 489, 422, 16, 271, 385, 491, 188, 136, 257, 449, 417, 357, 90, 242, 161, 87, 368, 179, 384, 372, 485, 277, 39, 456, 85, 205, 77, 60, 426, 374, 75, 473, 434, 201, 19]",<class 'torch.nn.modules.activation.ReLU'>,0.5,<class 'torch.optim.adamw.AdamW'>,0.0007419307334972403,0.0001,,64,False,kaiming_normal,none,{},49036,[190598332416.0],[0.2222222222222222],[1.3888260687098783],[0.22794117647058823],[],[],0.0,0.22794117647058823,0.0,False,,,,0.2222222222222222,190598332416.0,0.22794117647058823,1.3888260687098783
776,256,"[54, 108]",1,[0.1],"[154, 333, 200, 109, 56, 394, 203, 183, 44, 148, 357, 440, 409, 96, 410, 258, 414, 198, 241, 201, 461, 116, 129, 269, 328, 101, 348, 256, 187, 262, 10, 84, 203, 368, 263, 373, 476, 236, 96, 47, 90, 196, 439, 424, 336, 148, 428, 380, 131, 259, 88, 411, 351, 409, 207, 42, 388, 199, 382, 313, 103, 346, 215, 462, 47, 200, 8, 266, 279, 245, 382, 361, 22, 266, 221, 330, 335, 335, 275, 349, 246, 180, 40, 477, 480, 291, 196, 258, 137, 395, 427, 197, 27, 60, 302, 424, 184, 151, 99]",<class 'torch.nn.modules.activation.ReLU'>,0.0,<class 'torch.optim.rmsprop.RMSprop'>,0.00015752735026764545,0.001,,256,False,kaiming_uniform,step,"{'step_size': 20, 'gamma': 0.5}",49026,[1.422969102859497],[0.25925925925925924],[1.3851300477981567],[0.22058823529411764],[],[],0.0,0.22058823529411764,0.0,False,,,,0.25925925925925924,1.422969102859497,0.22058823529411764,1.3851300477981567
783,32,"[54, 108]",1,[0.1],"[228, 16, 302, 159, 157, 59, 325, 280, 254, 336, 42, 452, 60, 109, 70, 107, 381, 56, 171, 105, 236, 85, 144, 19, 336, 466, 450, 29, 385, 321, 378, 131, 490, 65, 151, 38, 314, 31, 72, 306, 19, 78, 219, 454, 56, 289, 480, 178, 441, 191, 236, 190, 58, 256, 391, 361, 165, 82, 120, 387, 286, 26, 86, 491, 427, 416, 356, 470, 237, 136, 3, 414, 365, 304, 301, 220, 136, 292, 274, 433, 412, 86, 190, 148, 49, 261, 23, 450, 249, 323, 174, 39, 195, 251, 205, 122, 256, 361, 220, 483]",<class 'torch.nn.modules.activation.ReLU'>,0.4,<class 'torch.optim.rmsprop.RMSprop'>,0.006637742468463061,1e-06,,32,False,xavier_uniform,cosine,{'T_max': 100},49061,[3039918100364706.0],[0.14814814814814814],[6.312057410969453],[0.22058823529411764],[],[],0.0,0.22058823529411764,0.0,False,,,,0.14814814814814814,3039918100364706.0,0.22058823529411764,6.312057410969453
777,1024,"[54, 108]",1,[0.1],"[485, 62, 222, 85, 282, 85, 349, 418, 230, 434, 269, 191, 220, 189, 59, 360, 54, 321, 198, 399, 349, 88, 283, 84, 287, 404, 137, 168, 401, 316, 8, 142, 414, 165, 443, 68, 70, 304, 463, 165, 406, 166, 267, 286, 270, 56, 243, 4, 230, 277, 419, 64, 78, 261, 137, 300, 406]",<class 'torch.nn.modules.activation.LeakyReLU'>,0.3,<class 'torch.optim.sgd.SGD'>,0.006884389723862174,1e-05,0.9,1024,True,xavier_uniform,cosine,{'T_max': 50},49031,[1.3911384344100952],[0.2222222222222222],[1.3911857604980469],[0.22058823529411764],[],[],0.0,0.22058823529411764,0.0,False,,,,0.2222222222222222,1.3911384344100952,0.22058823529411764,1.3911857604980469
773,512,"[54, 108]",1,[0.1],"[71, 264, 225, 236, 30, 311, 263, 324, 73, 280, 241, 400, 267, 472, 15, 142, 148, 474, 245, 286, 478, 351, 379, 338, 406, 229, 24, 440, 357, 88, 253, 226, 114, 438, 143, 399, 304, 444, 160, 103, 14, 481, 16, 224, 411, 462, 352, 67, 181, 456, 206, 316, 264, 77, 388, 138, 362, 26]",<class 'torch.nn.modules.activation.LeakyReLU'>,0.4,<class 'torch.optim.sgd.SGD'>,0.0040399343864284355,0.0,0.99,512,True,kaiming_normal,step,"{'step_size': 5, 'gamma': 0.1}",49011,[639267.9375],[0.24074074074074073],[nan],[0.21323529411764705],[],[],0.0,0.21323529411764705,0.0,False,,,,0.24074074074074073,639267.9375,0.21323529411764705,
784,128,"[54, 108]",1,[0.1],"[298, 187, 59, 449, 144, 458, 435, 418, 278, 142]",<class 'torch.nn.modules.activation.GELU'>,0.2,<class 'torch.optim.adam.Adam'>,0.0004069665321559712,0.01,,128,True,xavier_uniform,none,{},49066,[1.3866585493087769],[0.2777777777777778],[1.385229328099419],[0.21323529411764705],[],[],0.0,0.21323529411764705,0.0,False,,,,0.2777777777777778,1.3866585493087769,0.21323529411764705,1.385229328099419
789,128,"[54, 108]",1,[0.1],"[402, 254, 215, 139, 236, 145, 123, 119, 154, 316, 259, 26, 354, 133, 456, 132, 438, 192, 232, 195, 498, 78, 249, 27, 116, 249, 175, 279, 457, 469, 398, 89, 377, 42, 440, 436, 134, 161]",<class 'torch.nn.modules.activation.LeakyReLU'>,0.3,<class 'torch.optim.adamw.AdamW'>,0.0007857213181708048,0.0,,128,False,xavier_uniform,none,{},49091,[1.3787237405776978],[0.2962962962962963],[1.3912081297706156],[0.21323529411764705],[],[],0.0,0.21323529411764705,0.0,False,,,,0.2962962962962963,1.3787237405776978,0.21323529411764705,1.3912081297706156
804,512,"[54, 108]",1,[0.1],"[224, 205, 388, 459, 421, 242, 325, 151, 360, 376, 486, 87, 379, 255, 278, 438, 240, 40, 192, 27, 192, 210, 451, 64, 474, 471]",<class 'torch.nn.modules.activation.ELU'>,0.0,<class 'torch.optim.adamw.AdamW'>,0.0026469866537605427,1e-06,,512,False,kaiming_uniform,none,{'gamma': 0.99},49101,[2.004514455795288],[0.2037037037037037],[39.870304107666016],[0.21323529411764705],[],[],0.0,0.21323529411764705,0.0,False,,,,0.2037037037037037,2.004514455795288,0.21323529411764705,39.870304107666016
813,16,"[54, 108]",1,[0.1],"[381, 53, 190, 317, 389, 289, 154, 433, 44, 454, 167, 434, 340, 439, 384]",<class 'torch.nn.modules.activation.Tanh'>,0.0,<class 'torch.optim.rmsprop.RMSprop'>,0.0004422017434409573,0.0001,,16,False,kaiming_uniform,none,"{'T_max': 10, 'step_size': 30, 'gamma': 0.99}",49021,[2.2871081210948803],[0.2222222222222222],[1.9452456306008732],[0.20588235294117646],[],[],0.0,0.20588235294117646,0.0,False,,,,0.2222222222222222,2.2871081210948803,0.20588235294117646,1.9452456306008732
