id,batch_size,n_instances,epochs_trained,batches_trained,efforts,cumulative_effort,cumulative_times,arch_hidden_layers,arch_shape,arch_depth,arch_activation_fn,arch_dropout_rate,arch_optimizer_type,arch_learning_rate,arch_weight_decay,arch_momentum,arch_batch_size,arch_use_skip_connections,arch_initializer,arch_lr_scheduler,arch_scheduler_params,arch_rng_state,train_loss,train_acc,val_loss,val_acc,forecasted_val_acc,score,fcst_greater_than_baseline,wall_times_per_batch,epoch_batches,forecast_horizon_time,forecast_horizon_effort,forecast_CI_low,forecast_CI_high,last_train_acc,last_train_loss,last_val_acc,last_val_loss,total_epoch_time,avg_epoch_time
1,1024,"[265, 371, 519, 726, 1016, 1422]",5,5,"[1.0, 1.0, 1.0, 1.0, 1.0]","[1.0, 2.0, 3.0, 4.0, 5.0]","[1.0, 2.0, 3.0, 4.0, 5.0]","[83, 86, 9, 82, 95, 28, 19, 10, 81, 95, 62, 63, 80, 3, 84, 92, 15, 99, 86, 31, 49, 82, 91]",irregular,23,<class 'torch.nn.modules.activation.ReLU'>,0.3,<class 'torch.optim.sgd.SGD'>,0.0283864657546653,0.001,0.9,1024,False,kaiming_normal,step,"{'step_size': 30, 'gamma': 0.9}",None,"[12.989667892456055, 4.702023029327393, 4.292733192443848, 2.223564386367798, 1.1112329959869385]","[0.34339624643325806, 0.7520215511322021, 0.7514451146125793, 0.7520661354064941, 0.751968502998352]","[1.3316320180892944, 1.5708715915679932, 1.0336319208145142, 0.6099841594696045, 0.5703655481338501]","[0.7515060240963856, 0.7515060240963856, 0.7515060240963856, 0.7515060240963856, 0.7515060240963856]",0.7245250740435991,0.0,False,"[0.15482354164123535, 0.007901191711425781, 0.008422374725341797, 0.008166313171386719, 0.006671428680419922]","[1, 1, 1, 1, 1, 1, 1, 1, 1, 1]",255,255,0.40763826950109167,1.0,0.751968502998352,1.1112329959869385,0.7515060240963856,0.5703655481338501,0.0,0.0
2,512,"[265, 371, 519, 726, 1016, 1422]",5,8,"[1.0, 1.0, 1.0, 1.0, 1.0, 1.0, 1.0, 1.0]","[1.0, 2.0, 3.0, 4.0, 5.0, 6.0, 7.0, 8.0]","[1.0, 2.0, 3.0, 4.0, 5.0, 6.0, 7.0, 8.0]","[5, 27, 30, 33, 38, 40, 40, 41, 55, 65, 75, 79, 98, 100]",inv_pyramid,14,<class 'torch.nn.modules.activation.GELU'>,0.3,<class 'torch.optim.rmsprop.RMSprop'>,0.00022491049506993151,0.01,,512,True,xavier_uniform,cosine,{'T_max': 50},None,"[0.735139787197113, 0.7235092520713806, 0.7163310647010803, 0.709090530872345, 0.7062546610832214, 0.7022855281829834, 0.6963463425636292, 0.6916527152061462]","[0.2490566074848175, 0.24797843396663666, 0.248046875, 0.2857142984867096, 0.259765625, 0.28037381172180176, 0.423828125, 0.5436508059501648]","[0.7238427386226425, 0.7159920435353934, 0.7099038204514837, 0.7056935214134584, 0.7010743194315807, 0.6966021190206688, 0.6922564980495407, 0.6887165896863823]","[0.24849397590361447, 0.24849397590361447, 0.24849397590361447, 0.24849397590361447, 0.24849397590361447, 0.24849397590361447, 0.7515060240963856, 0.7515060240963856]",0.9799045226475589,0.0,False,"[0.0355379581451416, 0.006028175354003906, 0.0035066604614257812, 0.006026506423950195, 0.0045053958892822266, 0.004010677337646484, 0.0045318603515625, 0.004035472869873047]","[1, 1, 1, 1, 2, 2, 2, 2, 2, 2]",408,408,0.8033123088178309,1.0,0.5436508059501648,0.6916527152061462,0.7515060240963856,0.6887165896863823,0.0,0.0
3,512,"[265, 371, 519, 726, 1016, 1422]",5,8,"[1.0, 1.0, 1.0, 1.0, 1.0, 1.0, 1.0, 1.0]","[1.0, 2.0, 3.0, 4.0, 5.0, 6.0, 7.0, 8.0]","[1.0, 2.0, 3.0, 4.0, 5.0, 6.0, 7.0, 8.0]","[57, 26, 56, 9, 8, 13, 75, 90, 34, 11, 10, 15, 96, 18, 67, 63, 47, 49, 74]",irregular,19,<class 'torch.nn.modules.activation.ELU'>,0.2,<class 'torch.optim.rmsprop.RMSprop'>,0.0065123789538270825,0.0,,512,False,xavier_normal,cosine,{'T_max': 100},None,"[0.7238262891769409, 1.807017207145691, 12.600854873657227, 3.861896276473999, 7.78696346282959, 0.979353129863739, 1.160636305809021, 1.0554697513580322]","[0.4377358555793762, 0.7196765542030334, 0.29296875, 0.7142857313156128, 0.755859375, 0.5420560836791992, 0.716796875, 0.5396825671195984]","[1.7604115540722767, 11.791705843913986, 2.5905579515250334, 4.642495683876865, 1.013113337827016, 0.9519175413143204, 0.5328828275921833, 0.5522833136190851]","[0.7515060240963856, 0.24849397590361447, 0.7515060240963856, 0.7515060240963856, 0.2620481927710843, 0.7515060240963856, 0.7695783132530121, 0.7515060240963856]",0.6948178426228981,0.0,False,"[0.010060310363769531, 0.006002902984619141, 0.005002260208129883, 0.007080793380737305, 0.005001544952392578, 0.006009578704833984, 0.005001068115234375, 0.006006479263305664]","[1, 1, 1, 1, 2, 2, 2, 2, 2, 2]",408,408,0.517257020824928,0.8723786644208683,0.5396825671195984,1.0554697513580322,0.7515060240963856,0.5522833136190851,0.0,0.0
4,512,"[265, 371, 519, 726, 1016, 1422]",5,8,"[1.0, 1.0, 1.0, 1.0, 1.0, 1.0, 1.0, 1.0]","[1.0, 2.0, 3.0, 4.0, 5.0, 6.0, 7.0, 8.0]","[1.0, 2.0, 3.0, 4.0, 5.0, 6.0, 7.0, 8.0]","[95, 94, 93, 88, 80, 79, 78, 72, 67, 54, 54, 39, 33, 29, 18]",pyramid,15,<class 'torch.nn.modules.activation.ELU'>,0.3,<class 'torch.optim.rmsprop.RMSprop'>,0.00010115663745876392,1e-05,,512,True,xavier_uniform,exponential,{'gamma': 0.9},None,"[0.7642914652824402, 0.7514711618423462, 0.7498825788497925, 0.5838108062744141, 0.7497036457061768, 0.6557347178459167, 0.6931607127189636, 0.7225074172019958]","[0.4679245352745056, 0.4959568679332733, 0.482421875, 0.4285714626312256, 0.4765625, 0.6121495366096497, 0.572265625, 0.5654762387275696]","[0.6743692497172987, 0.6390195108321776, 0.6172201827347997, 0.6100061952349651, 0.6010281845747706, 0.5927945296448397, 0.5848102806562401, 0.5785975951746286]","[0.6069277108433735, 0.6897590361445783, 0.7213855421686747, 0.7213855421686747, 0.7259036144578314, 0.7289156626506024, 0.7394578313253012, 0.7439759036144579]",0.7444332938734897,0.0,False,"[0.004003047943115234, 0.004395484924316406, 0.0040013790130615234, 0.003999948501586914, 0.005015134811401367, 0.005056142807006836, 0.0049970149993896484, 0.004021644592285156]","[1, 1, 1, 1, 2, 2, 2, 2, 2, 2]",408,408,0.5285315628497179,0.9603350248972614,0.5654762387275696,0.7225074172019958,0.7439759036144579,0.5785975951746286,0.0,0.0
5,512,"[265, 371, 519, 726, 1016, 1422]",5,8,"[1.0, 1.0, 1.0, 1.0, 1.0, 1.0, 1.0, 1.0]","[1.0, 2.0, 3.0, 4.0, 5.0, 6.0, 7.0, 8.0]","[1.0, 2.0, 3.0, 4.0, 5.0, 6.0, 7.0, 8.0]","[93, 92, 90, 83, 80, 75, 74, 69, 68, 61, 54, 51, 48, 44, 34, 33, 32, 29, 24, 23, 21, 19, 18, 8, 6]",pyramid,25,<class 'torch.nn.modules.activation.ReLU'>,0.2,<class 'torch.optim.rmsprop.RMSprop'>,0.030937497074812127,0.001,,512,True,kaiming_uniform,cosine,{'T_max': 100},None,"[1.1890205144882202, 103190020096.0, 1.672433853149414, 2.006897449493408, 0.6301257610321045, 0.5985226631164551, 5.1190505027771, 0.6011455655097961]","[0.324528306722641, 0.7493261098861694, 0.294921875, 0.1428571492433548, 0.75, 0.7570093274116516, 0.755859375, 0.7480159401893616]","[43931757999.80723, 0.8450329734618405, 0.7307197566492012, 0.656520653201873, 0.6235002042299294, 0.602535002921001, 0.5902918850082949, 0.5817864314619318]","[0.7515060240963856, 0.24849397590361447, 0.24849397590361447, 0.7515060240963856, 0.7515060240963856, 0.7515060240963856, 0.7515060240963856, 0.7515060240963856]",0.8482191534129138,0.0,False,"[0.008008241653442383, 0.010509014129638672, 0.0060117244720458984, 0.010057926177978516, 0.007006645202636719, 0.007002353668212891, 0.007015705108642578, 0.0060045719146728516]","[1, 1, 1, 1, 2, 2, 2, 2, 2, 2]",408,408,0.6066393325604229,1.0,0.7480159401893616,0.6011455655097961,0.7515060240963856,0.5817864314619318,0.0,0.0
6,1024,"[265, 371, 519, 726, 1016, 1422]",5,5,"[1.0, 1.0, 1.0, 1.0, 1.0]","[1.0, 2.0, 3.0, 4.0, 5.0]","[1.0, 2.0, 3.0, 4.0, 5.0]","[99, 87, 82, 52, 52, 49, 42, 34, 12, 3]",pyramid,10,<class 'torch.nn.modules.activation.GELU'>,0.2,<class 'torch.optim.sgd.SGD'>,0.022166890699637547,0.01,0.95,1024,False,xavier_uniform,exponential,{'gamma': 0.95},None,"[0.6950697898864746, 0.6888750791549683, 0.6850043535232544, 0.6739150881767273, 0.6630353331565857]","[0.5358490943908691, 0.5660377144813538, 0.6184971332550049, 0.6542699933052063, 0.7529527544975281]","[0.6921080350875854, 0.6851038932800293, 0.6753001809120178, 0.6632603406906128, 0.6496765613555908]","[0.6144578313253012, 0.7515060240963856, 0.7515060240963856, 0.7515060240963856, 0.7515060240963856]",0.7403552833230843,0.0,False,"[0.0035178661346435547, 0.004043102264404297, 0.003000020980834961, 0.0050122737884521484, 0.0030024051666259766]","[1, 1, 1, 1, 1, 1, 1, 1, 1, 1]",255,255,0.42838493757221735,1.0,0.7529527544975281,0.6630353331565857,0.7515060240963856,0.6496765613555908,0.0,0.0
7,256,"[265, 371, 519, 726, 1016, 1422]",5,14,"[1.0, 1.0, 1.0, 1.0, 1.0, 1.0, 1.0, 1.0, 1.0, 1.0, 1.0, 1.0, 1.0, 1.0]","[1.0, 2.0, 3.0, 4.0, 5.0, 6.0, 7.0, 8.0, 9.0, 10.0, 11.0, 12.0, 13.0, 14.0]","[1.0, 2.0, 3.0, 4.0, 5.0, 6.0, 7.0, 8.0, 9.0, 10.0, 11.0, 12.0, 13.0, 14.0]","[5, 6, 11, 24, 31, 36, 39, 41, 48, 48, 50, 55, 76, 77, 78, 81, 85, 93]",inv_pyramid,18,<class 'torch.nn.modules.activation.LeakyReLU'>,0.3,<class 'torch.optim.adamw.AdamW'>,0.0015815312297035665,1e-05,,256,False,kaiming_normal,cosine,{'T_max': 50},None,"[1.414486289024353, 1.3282132148742676, 1.0947363376617432, 1.2485358715057373, 1.2587882280349731, 0.8200894594192505, 0.375030517578125, 0.8932095170021057, 0.9919534921646118, 0.8315638899803162, 0.7135384678840637, 0.7841983437538147, 0.7302350997924805, 0.7157604098320007]","[0.5390625, 0.3333333432674408, 0.65625, 0.6695652008056641, 0.62890625, 0.66796875, 0.8571429252624512, 0.6015625, 0.54296875, 0.5794392228126526, 0.6171875, 0.609375, 0.69140625, 0.6129032373428345]","[0.6618711481611412, 0.6521428758839527, 0.6477668091475245, 0.6514714985008699, 0.6590602362012289, 0.663049099675144, 0.664556556437389, 0.6639483068362776, 0.662371200251292, 0.6611311780401024, 0.6587709274636694, 0.6564039896769696, 0.6540055849465979, 0.6520390496196518]","[0.7515060240963856, 0.7515060240963856, 0.7515060240963856, 0.7515060240963856, 0.7515060240963856, 0.7515060240963856, 0.7515060240963856, 0.7515060240963856, 0.7515060240963856, 0.7515060240963856, 0.7515060240963856, 0.7515060240963856, 0.7515060240963856, 0.7515060240963856]",0.7575800073032409,0.0,False,"[0.014528036117553711, 0.009011268615722656, 0.006513118743896484, 0.0065460205078125, 0.0050203800201416016, 0.005009889602661133, 0.0055124759674072266, 0.005998134613037109, 0.006015300750732422, 0.0060122013092041016, 0.004002809524536133, 0.006506204605102539, 0.006018400192260742, 0.007002115249633789]","[2, 2, 2, 2, 3, 3, 3, 3, 4, 4]",714,714,0.5910348249700943,0.9241251896363876,0.6129032373428345,0.7157604098320007,0.7515060240963856,0.6520390496196518,0.0,0.0
8,512,"[265, 371, 519, 726, 1016, 1422]",5,8,"[1.0, 1.0, 1.0, 1.0, 1.0, 1.0, 1.0, 1.0]","[1.0, 2.0, 3.0, 4.0, 5.0, 6.0, 7.0, 8.0]","[1.0, 2.0, 3.0, 4.0, 5.0, 6.0, 7.0, 8.0]","[43, 30, 6, 30, 43]",hourglass,4,<class 'torch.nn.modules.activation.ELU'>,0.3,<class 'torch.optim.adamw.AdamW'>,0.013332225454503549,0.0001,,512,False,xavier_normal,exponential,{'gamma': 0.9},None,"[0.6453649401664734, 0.5815311074256897, 0.5307310819625854, 0.2384035736322403, 0.47359076142311096, 0.4555841386318207, 0.5063869953155518, 0.45080286264419556]","[0.6566038131713867, 0.7331536412239075, 0.734375, 1.0, 0.7890625, 0.813084065914154, 0.796875, 0.7896825671195984]","[0.5646567990980953, 0.4980559514229556, 0.45564523913774146, 0.46580996355378484, 0.4766946786857513, 0.4777604319963111, 0.45114320660211954, 0.42529251561107406]","[0.7515060240963856, 0.7515060240963856, 0.7605421686746988, 0.7906626506024096, 0.8012048192771084, 0.7996987951807228, 0.7966867469879518, 0.7996987951807228]",0.7991927412929003,0.0,False,"[0.0019989013671875, 0.003000020980834961, 0.0025055408477783203, 0.0020003318786621094, 0.0030007362365722656, 0.0019998550415039062, 0.0020051002502441406, 0.0015010833740234375]","[1, 1, 1, 1, 2, 2, 2, 2, 2, 2]",408,408,0.5637497814228256,1.0,0.7896825671195984,0.45080286264419556,0.7996987951807228,0.42529251561107406,0.0,0.0
9,32,"[265, 371, 519, 726, 1016, 1422]",5,93,"[1.0, 1.0, 1.0, 1.0, 1.0, 1.0, 1.0, 1.0, 1.0, 1.0, 1.0, 1.0, 1.0, 1.0, 1.0, 1.0, 1.0, 1.0, 1.0, 1.0, 1.0, 1.0, 1.0, 1.0, 1.0, 1.0, 1.0, 1.0, 1.0, 1.0, 1.0, 1.0, 1.0, 1.0, 1.0, 1.0, 1.0, 1.0, 1.0, 1.0, 1.0, 1.0, 1.0, 1.0, 1.0, 1.0, 1.0, 1.0, 1.0, 1.0, 1.0, 1.0, 1.0, 1.0, 1.0, 1.0, 1.0, 1.0, 1.0, 1.0, 1.0, 1.0, 1.0, 1.0, 1.0, 1.0, 1.0, 1.0, 1.0, 1.0, 1.0, 1.0, 1.0, 1.0, 1.0, 1.0, 1.0, 1.0, 1.0, 1.0, 1.0, 1.0, 1.0, 1.0, 1.0, 1.0, 1.0, 1.0, 1.0, 1.0, 1.0, 1.0, 1.0]","[1.0, 2.0, 3.0, 4.0, 5.0, 6.0, 7.0, 8.0, 9.0, 10.0, 11.0, 12.0, 13.0, 14.0, 15.0, 16.0, 17.0, 18.0, 19.0, 20.0, 21.0, 22.0, 23.0, 24.0, 25.0, 26.0, 27.0, 28.0, 29.0, 30.0, 31.0, 32.0, 33.0, 34.0, 35.0, 36.0, 37.0, 38.0, 39.0, 40.0, 41.0, 42.0, 43.0, 44.0, 45.0, 46.0, 47.0, 48.0, 49.0, 50.0, 51.0, 52.0, 53.0, 54.0, 55.0, 56.0, 57.0, 58.0, 59.0, 60.0, 61.0, 62.0, 63.0, 64.0, 65.0, 66.0, 67.0, 68.0, 69.0, 70.0, 71.0, 72.0, 73.0, 74.0, 75.0, 76.0, 77.0, 78.0, 79.0, 80.0, 81.0, 82.0, 83.0, 84.0, 85.0, 86.0, 87.0, 88.0, 89.0, 90.0, 91.0, 92.0, 93.0]","[1.0, 2.0, 3.0, 4.0, 5.0, 6.0, 7.0, 8.0, 9.0, 10.0, 11.0, 12.0, 13.0, 14.0, 15.0, 16.0, 17.0, 18.0, 19.0, 20.0, 21.0, 22.0, 23.0, 24.0, 25.0, 26.0, 27.0, 28.0, 29.0, 30.0, 31.0, 32.0, 33.0, 34.0, 35.0, 36.0, 37.0, 38.0, 39.0, 40.0, 41.0, 42.0, 43.0, 44.0, 45.0, 46.0, 47.0, 48.0, 49.0, 50.0, 51.0, 52.0, 53.0, 54.0, 55.0, 56.0, 57.0, 58.0, 59.0, 60.0, 61.0, 62.0, 63.0, 64.0, 65.0, 66.0, 67.0, 68.0, 69.0, 70.0, 71.0, 72.0, 73.0, 74.0, 75.0, 76.0, 77.0, 78.0, 79.0, 80.0, 81.0, 82.0, 83.0, 84.0, 85.0, 86.0, 87.0, 88.0, 89.0, 90.0, 91.0, 92.0, 93.0]","[3, 20, 28, 36, 48, 49, 55, 58, 65, 77, 87, 90, 91, 91, 92, 95]",inv_pyramid,16,<class 'torch.nn.modules.activation.GELU'>,0.5,<class 'torch.optim.rmsprop.RMSprop'>,0.005597903939882154,1e-05,,32,False,xavier_uniform,exponential,{'gamma': 0.95},None,"[0.705550491809845, 0.5642321109771729, 10.305414199829102, 1.8234938383102417, 0.6745536923408508, 0.7273705005645752, 0.6451820731163025, 0.55882728099823, 0.816020667552948, 2.3315107822418213, 2.569986343383789, 0.5646480321884155, 0.8362829685211182, 0.7102251052856445, 0.5336585640907288, 0.5871286988258362, 0.5105193257331848, 0.4645620286464691, 0.5108055472373962, 0.7131413817405701, 0.4956953227519989, 0.7063883543014526, 0.46184006333351135, 1.0958160161972046, 4.201646327972412, 0.5785747766494751, 0.6682185530662537, 0.5974446535110474, 0.522223174571991, 0.5148391127586365, 0.516511857509613, 0.7187013626098633, 0.5023362040519714, 0.6009389162063599, 2.285022258758545, 0.8150433301925659, 0.6481505632400513, 0.6207823157310486, 3.6431093215942383, 0.5489935874938965, 0.5517211556434631, 0.5002891421318054, 0.7151481509208679, 0.48175615072250366, 0.6206406950950623, 1.17001473903656, 0.5574242472648621, 0.5741316676139832, 0.6494676470756531, 2.8680388927459717, 0.5352246165275574, 0.6274930238723755, 0.589834451675415, 1.2791653871536255, 0.5847054719924927, 0.5751664638519287, 0.5549293756484985, 0.4569476246833801, 0.8705825805664062, 0.6936498284339905, 0.7367095947265625, 0.6751507520675659, 0.5997602343559265, 0.5626271963119507, 0.645149827003479, 0.6544212698936462, 0.5885419845581055, 0.40168702602386475, 0.5458081960678101, 0.5908177495002747, 0.4938472509384155, 0.39649611711502075, 0.6144353151321411, 0.4117620885372162, 0.5921145081520081, 0.5789548754692078, 0.4526641368865967, 0.7327592968940735, 0.6086572408676147, 0.48191967606544495, 0.5523955225944519, 0.6591174006462097, 0.5621896982192993, 0.494384765625, 0.757170557975769, 0.48621392250061035, 3.021843194961548, 0.6830216646194458, 0.8327496647834778, 0.5756852626800537, 0.650429904460907, 0.5003807544708252, 0.5571796298027039]","[0.34375, 0.8125, 0.59375, 0.625, 0.59375, 0.75, 0.75, 0.75, 0.6666666865348816, 0.75, 0.59375, 0.75, 0.71875, 0.6875, 0.75, 0.6875, 0.78125, 0.8125, 0.8125, 0.65625, 0.7368420958518982, 0.71875, 0.875, 0.5625, 0.71875, 0.71875, 0.6875, 0.6875, 0.8125, 0.8125, 0.78125, 0.65625, 0.8125, 0.71875, 0.75, 0.8125, 0.65625, 0.5714285969734192, 0.6875, 0.75, 0.78125, 0.78125, 0.84375, 0.8125, 0.71875, 0.71875, 0.75, 0.75, 0.5625, 0.71875, 0.78125, 0.75, 0.75, 0.8125, 0.6875, 0.71875, 0.75, 0.84375, 0.78125, 0.65625, 0.5454545617103577, 0.65625, 0.71875, 0.75, 0.65625, 0.6875, 0.71875, 0.90625, 0.78125, 0.71875, 0.8125, 0.875, 0.6875, 0.90625, 0.75, 0.71875, 0.875, 0.65625, 0.71875, 0.8125, 0.75, 0.6875, 0.75, 0.8125, 0.5625, 0.8125, 0.71875, 0.625, 0.59375, 0.78125, 0.6875, 0.8125, 0.75]","[0.5620588387351438, 0.6323602077472641, 0.5764841954392123, 0.6811179676687861, 0.6546257245971496, 0.6063107402927904, 0.5608433269592653, 0.5679110626140272, 0.5840261973530413, 0.5809405697397438, 0.5611475598381226, 0.5660105315317591, 0.5634554775364428, 0.5787564781774958, 0.5678942052714796, 0.5725665990128574, 0.565289083374552, 0.5632725203611765, 0.5653284026915768, 0.5650052320526306, 0.5611406711928816, 0.5739922114165432, 0.5654934601611402, 0.5906222929437477, 0.5715383312788355, 0.5649815489010639, 0.5734143278684961, 0.572792081229658, 0.5606460233768785, 0.5614812747541681, 0.5619851742164198, 0.5646590260137995, 0.5607748699475483, 0.5606314209570368, 0.5606937501803938, 0.5627794552998371, 0.5611557012580963, 0.5639312436063606, 0.5834265107131866, 0.5621493853718401, 0.5613625990339073, 0.5606792131102228, 0.5646800309060568, 0.5663502026035125, 0.5611048039183559, 0.560666434736137, 0.5608088050980166, 0.5608535645956017, 0.5616120415997793, 0.5676191718463438, 0.5625051224088095, 0.5606544599475631, 0.5612565616527235, 0.5606888259749815, 0.5606504341205919, 0.5607558036425028, 0.5608387952109417, 0.5650204369820744, 0.5659639993345881, 0.5607060811605799, 0.5660252046872334, 0.5618134298956537, 0.5606955002589398, 0.560693498117378, 0.5612535074532751, 0.5616014219192137, 0.5610466032143099, 0.5615692659314856, 0.5617926084851644, 0.5608109795903585, 0.5617423351988735, 0.5646609915308205, 0.5617014349225056, 0.5690655018909868, 0.5654286950467581, 0.5626439796872886, 0.5671839850494661, 0.5616734832166189, 0.5609917019505098, 0.5625536980399166, 0.5623271436576384, 0.5615155079278601, 0.5609611078917262, 0.5623858922935394, 0.5609655689044171, 0.5606999892786325, 0.560720079634563, 0.5619158716086882, 0.5643306697707579, 0.5622166872742664, 0.5635054255106363, 0.5611185488930668, 0.561445426510041]","[0.7515060240963856, 0.7515060240963856, 0.7515060240963856, 0.7515060240963856, 0.7515060240963856, 0.7515060240963856, 0.7515060240963856, 0.7515060240963856, 0.7515060240963856, 0.7515060240963856, 0.7515060240963856, 0.7515060240963856, 0.7515060240963856, 0.7515060240963856, 0.7515060240963856, 0.7515060240963856, 0.7515060240963856, 0.7515060240963856, 0.7515060240963856, 0.7515060240963856, 0.7515060240963856, 0.7515060240963856, 0.7515060240963856, 0.7515060240963856, 0.7515060240963856, 0.7515060240963856, 0.7515060240963856, 0.7515060240963856, 0.7515060240963856, 0.7515060240963856, 0.7515060240963856, 0.7515060240963856, 0.7515060240963856, 0.7515060240963856, 0.7515060240963856, 0.7515060240963856, 0.7515060240963856, 0.7515060240963856, 0.7515060240963856, 0.7515060240963856, 0.7515060240963856, 0.7515060240963856, 0.7515060240963856, 0.7515060240963856, 0.7515060240963856, 0.7515060240963856, 0.7515060240963856, 0.7515060240963856, 0.7515060240963856, 0.7515060240963856, 0.7515060240963856, 0.7515060240963856, 0.7515060240963856, 0.7515060240963856, 0.7515060240963856, 0.7515060240963856, 0.7515060240963856, 0.7515060240963856, 0.7515060240963856, 0.7515060240963856, 0.7515060240963856, 0.7515060240963856, 0.7515060240963856, 0.7515060240963856, 0.7515060240963856, 0.7515060240963856, 0.7515060240963856, 0.7515060240963856, 0.7515060240963856, 0.7515060240963856, 0.7515060240963856, 0.7515060240963856, 0.7515060240963856, 0.7515060240963856, 0.7515060240963856, 0.7515060240963856, 0.7515060240963856, 0.7515060240963856, 0.7515060240963856, 0.7515060240963856, 0.7515060240963856, 0.7515060240963856, 0.7515060240963856, 0.7515060240963856, 0.7515060240963856, 0.7515060240963856, 0.7515060240963856, 0.7515060240963856, 0.7515060240963856, 0.7515060240963856, 0.7515060240963856, 0.7515060240963856, 0.7515060240963856]",0.7551392222427534,0.0,False,"[0.006003379821777344, 0.003999948501586914, 0.00400233268737793, 0.005007743835449219, 0.0050640106201171875, 0.005062580108642578, 0.003999948501586914, 0.004343271255493164, 0.004014492034912109, 0.005015850067138672, 0.004000186920166016, 0.004536628723144531, 0.005009651184082031, 0.0060024261474609375, 0.004510164260864258, 0.004003286361694336, 0.0035092830657958984, 0.004624128341674805, 0.004051685333251953, 0.003156423568725586, 0.0029997825622558594, 0.00599980354309082, 0.004998445510864258, 0.004019021987915039, 0.005144596099853516, 0.004998922348022461, 0.005505800247192383, 0.004000186920166016, 0.005003690719604492, 0.0040035247802734375, 0.0038175582885742188, 0.004006385803222656, 0.003999471664428711, 0.004001617431640625, 0.004004478454589844, 0.00500035285949707, 0.004504203796386719, 0.0040018558502197266, 0.0035071372985839844, 0.004510641098022461, 0.0040242671966552734, 0.005013227462768555, 0.003347635269165039, 0.004507303237915039, 0.005013704299926758, 0.00400853157043457, 0.0035071372985839844, 0.003999948501586914, 0.00500035285949707, 0.004014015197753906, 0.004477024078369141, 0.003999471664428711, 0.0045375823974609375, 0.002830982208251953, 0.003000020980834961, 0.0039997100830078125, 0.0035114288330078125, 0.0046198368072509766, 0.0050106048583984375, 0.004000425338745117, 0.004504680633544922, 0.004000186920166016, 0.004505157470703125, 0.00500178337097168, 0.005506277084350586, 0.004407644271850586, 0.004513978958129883, 0.005002498626708984, 0.004509449005126953, 0.0045206546783447266, 0.002999544143676758, 0.003999948501586914, 0.0030031204223632812, 0.00391840934753418, 0.004076242446899414, 0.004003047943115234, 0.0030045509338378906, 0.005538225173950195, 0.0030040740966796875, 0.0035088062286376953, 0.0045032501220703125, 0.005000114440917969, 0.004512310028076172, 0.0045070648193359375, 0.0029997825622558594, 0.0030336380004882812, 0.0044171810150146484, 0.00450897216796875, 0.004500627517700195, 0.0030007362365722656, 0.0036268234252929688, 0.0035028457641601562, 0.003998756408691406]","[9, 9, 12, 12, 17, 17, 23, 23, 32, 32]",4743,4743,0.6936104668569728,0.816667977628534,0.75,0.5571796298027039,0.7515060240963856,0.561445426510041,0.0,0.0
10,256,"[265, 371, 519, 726, 1016, 1422]",5,14,"[1.0, 1.0, 1.0, 1.0, 1.0, 1.0, 1.0, 1.0, 1.0, 1.0, 1.0, 1.0, 1.0, 1.0]","[1.0, 2.0, 3.0, 4.0, 5.0, 6.0, 7.0, 8.0, 9.0, 10.0, 11.0, 12.0, 13.0, 14.0]","[1.0, 2.0, 3.0, 4.0, 5.0, 6.0, 7.0, 8.0, 9.0, 10.0, 11.0, 12.0, 13.0, 14.0]","[7, 45, 75, 85, 28, 42, 8, 10, 20, 17, 76, 41, 92, 19, 78, 37, 30, 31, 51, 90, 14, 59, 44, 63, 28]",irregular,25,<class 'torch.nn.modules.activation.LeakyReLU'>,0.0,<class 'torch.optim.adamw.AdamW'>,0.06097624209513673,1e-06,,256,False,kaiming_uniform,exponential,{'gamma': 0.9},None,"[0.8337996006011963, 3405.8701171875, 123.7955551147461, 0.8085847496986389, 0.5039241909980774, 5.763150691986084, 0.503450870513916, 1.1869697570800781, 1.1330890655517578, 122.42193603515625, 106.50914001464844, 61.248558044433594, 737.93115234375, 1.1201972961425781]","[0.23828125, 0.4444444477558136, 0.23828125, 0.2695651948451996, 0.78515625, 0.71484375, 0.8571429252624512, 0.671875, 0.79296875, 0.23364485800266266, 0.265625, 0.76953125, 0.74609375, 0.7580645084381104]","[2080.8882203619164, 133.0515491531556, 0.8154387574598013, 0.5415659115975162, 4.752044442188309, 0.5706633085227875, 1.144587450716869, 1.3001881622406373, 114.43189947289157, 105.84398761427546, 66.34480202916157, 450.95483288133, 1.466096373925726, 7.6190680883016935]","[0.7515060240963856, 0.24849397590361447, 0.24849397590361447, 0.7515060240963856, 0.7515060240963856, 0.7515060240963856, 0.6581325301204819, 0.7515060240963856, 0.24849397590361447, 0.24849397590361447, 0.7515060240963856, 0.7515060240963856, 0.7515060240963856, 0.7515060240963856]",0.6693919122826566,0.0,False,"[0.00801229476928711, 0.0065097808837890625, 0.005507946014404297, 0.006009340286254883, 0.006506919860839844, 0.007564544677734375, 0.006701946258544922, 0.00550389289855957, 0.005506992340087891, 0.0054378509521484375, 0.004999876022338867, 0.006020307540893555, 0.005003690719604492, 0.00471186637878418]","[2, 2, 2, 2, 3, 3, 3, 3, 4, 4]",714,714,0.4039763230528139,0.9348075015124993,0.7580645084381104,1.1201972961425781,0.7515060240963856,7.6190680883016935,0.0,0.0
11,1024,"[265, 371, 519, 726, 1016, 1422]",5,5,"[1.0, 1.0, 1.0, 1.0, 1.0]","[1.0, 2.0, 3.0, 4.0, 5.0]","[1.0, 2.0, 3.0, 4.0, 5.0]","[90, 80, 11, 59]",irregular,4,<class 'torch.nn.modules.activation.ReLU'>,0.1,<class 'torch.optim.adam.Adam'>,0.018108476019739427,0.001,,1024,False,xavier_uniform,step,"{'step_size': 20, 'gamma': 0.5}",None,"[0.6333171725273132, 0.613818347454071, 0.48652803897857666, 0.468070924282074, 0.4283507764339447]","[0.7509434223175049, 0.7520215511322021, 0.7514451146125793, 0.7520661354064941, 0.751968502998352]","[0.5796164870262146, 0.4754273295402527, 0.4769289791584015, 0.4342690408229828, 0.4184095859527588]","[0.7515060240963856, 0.7515060240963856, 0.7515060240963856, 0.7515060240963856, 0.7515060240963856]",0.7245250740435991,0.0,False,"[0.0015027523040771484, 0.0020029544830322266, 0.002002716064453125, 0.0020003318786621094, 0.0020003318786621094]","[1, 1, 1, 1, 1, 1, 1, 1, 1, 1]",255,255,0.40763826950109167,1.0,0.751968502998352,0.4283507764339447,0.7515060240963856,0.4184095859527588,0.0,0.0
12,32,"[265, 371, 519, 726, 1016, 1422]",5,93,"[1.0, 1.0, 1.0, 1.0, 1.0, 1.0, 1.0, 1.0, 1.0, 1.0, 1.0, 1.0, 1.0, 1.0, 1.0, 1.0, 1.0, 1.0, 1.0, 1.0, 1.0, 1.0, 1.0, 1.0, 1.0, 1.0, 1.0, 1.0, 1.0, 1.0, 1.0, 1.0, 1.0, 1.0, 1.0, 1.0, 1.0, 1.0, 1.0, 1.0, 1.0, 1.0, 1.0, 1.0, 1.0, 1.0, 1.0, 1.0, 1.0, 1.0, 1.0, 1.0, 1.0, 1.0, 1.0, 1.0, 1.0, 1.0, 1.0, 1.0, 1.0, 1.0, 1.0, 1.0, 1.0, 1.0, 1.0, 1.0, 1.0, 1.0, 1.0, 1.0, 1.0, 1.0, 1.0, 1.0, 1.0, 1.0, 1.0, 1.0, 1.0, 1.0, 1.0, 1.0, 1.0, 1.0, 1.0, 1.0, 1.0, 1.0, 1.0, 1.0, 1.0]","[1.0, 2.0, 3.0, 4.0, 5.0, 6.0, 7.0, 8.0, 9.0, 10.0, 11.0, 12.0, 13.0, 14.0, 15.0, 16.0, 17.0, 18.0, 19.0, 20.0, 21.0, 22.0, 23.0, 24.0, 25.0, 26.0, 27.0, 28.0, 29.0, 30.0, 31.0, 32.0, 33.0, 34.0, 35.0, 36.0, 37.0, 38.0, 39.0, 40.0, 41.0, 42.0, 43.0, 44.0, 45.0, 46.0, 47.0, 48.0, 49.0, 50.0, 51.0, 52.0, 53.0, 54.0, 55.0, 56.0, 57.0, 58.0, 59.0, 60.0, 61.0, 62.0, 63.0, 64.0, 65.0, 66.0, 67.0, 68.0, 69.0, 70.0, 71.0, 72.0, 73.0, 74.0, 75.0, 76.0, 77.0, 78.0, 79.0, 80.0, 81.0, 82.0, 83.0, 84.0, 85.0, 86.0, 87.0, 88.0, 89.0, 90.0, 91.0, 92.0, 93.0]","[1.0, 2.0, 3.0, 4.0, 5.0, 6.0, 7.0, 8.0, 9.0, 10.0, 11.0, 12.0, 13.0, 14.0, 15.0, 16.0, 17.0, 18.0, 19.0, 20.0, 21.0, 22.0, 23.0, 24.0, 25.0, 26.0, 27.0, 28.0, 29.0, 30.0, 31.0, 32.0, 33.0, 34.0, 35.0, 36.0, 37.0, 38.0, 39.0, 40.0, 41.0, 42.0, 43.0, 44.0, 45.0, 46.0, 47.0, 48.0, 49.0, 50.0, 51.0, 52.0, 53.0, 54.0, 55.0, 56.0, 57.0, 58.0, 59.0, 60.0, 61.0, 62.0, 63.0, 64.0, 65.0, 66.0, 67.0, 68.0, 69.0, 70.0, 71.0, 72.0, 73.0, 74.0, 75.0, 76.0, 77.0, 78.0, 79.0, 80.0, 81.0, 82.0, 83.0, 84.0, 85.0, 86.0, 87.0, 88.0, 89.0, 90.0, 91.0, 92.0, 93.0]","[100, 94, 86, 78, 70, 70, 65, 59, 58, 54, 45, 43, 34, 32, 31, 14, 3]",pyramid,17,<class 'torch.nn.modules.activation.Tanh'>,0.3,<class 'torch.optim.rmsprop.RMSprop'>,0.0018349241031748401,0.01,,32,True,xavier_normal,cosine,{'T_max': 50},None,"[0.6142897605895996, 0.6057225465774536, 0.6777486801147461, 0.43005213141441345, 0.4556260406970978, 0.6823780536651611, 0.5344184041023254, 0.5937157273292542, 0.5219190716743469, 0.39794689416885376, 0.5724297761917114, 0.5219128727912903, 0.4010384976863861, 0.6114470362663269, 0.4469105899333954, 0.5768814086914062, 0.5134129524230957, 0.5417628288269043, 0.5079081654548645, 0.5767139196395874, 0.4831368923187256, 0.5713009238243103, 0.375980406999588, 0.46106961369514465, 0.4274514317512512, 0.6525874733924866, 0.4942983388900757, 0.4640752971172333, 0.4382811188697815, 0.44456762075424194, 0.4481770992279053, 0.45864731073379517, 0.41546401381492615, 0.6472001671791077, 0.60823655128479, 0.44133105874061584, 0.5053261518478394, 0.5112424492835999, 0.3694113492965698, 0.6923365592956543, 0.4791712462902069, 0.5832884907722473, 0.4541536271572113, 0.542182981967926, 0.40541183948516846, 0.6354527473449707, 0.3483460545539856, 0.35550862550735474, 0.4850350022315979, 0.41274622082710266, 0.3550698161125183, 0.24266964197158813, 0.32199859619140625, 0.3891054391860962, 0.5562775135040283, 0.4173424541950226, 0.4466492533683777, 0.5329862236976624, 0.4608291983604431, 0.6008480787277222, 0.3868750333786011, 0.4527721405029297, 0.5494005084037781, 0.4548918902873993, 0.4458109140396118, 0.5176534652709961, 0.34952202439308167, 0.3419593274593353, 0.40438273549079895, 0.3701162338256836, 0.590670108795166, 0.602571427822113, 0.5837699770927429, 0.42182400822639465, 0.41790059208869934, 0.39562132954597473, 0.41105061769485474, 0.37381935119628906, 0.39728572964668274, 0.462854266166687, 0.41406869888305664, 0.45120131969451904, 0.38127633929252625, 0.31846264004707336, 0.5455504655838013, 0.3327193856239319, 0.40851259231567383, 0.3944733440876007, 0.40162917971611023, 0.5145161747932434, 0.40530911087989807, 0.44270244240760803, 0.4139665365219116]","[0.6875, 0.65625, 0.65625, 0.9375, 0.84375, 0.65625, 0.78125, 0.71875, 0.6666666865348816, 0.875, 0.6875, 0.71875, 0.90625, 0.625, 0.75, 0.65625, 0.71875, 0.65625, 0.71875, 0.6875, 0.8421052694320679, 0.65625, 0.8125, 0.84375, 0.8125, 0.625, 0.625, 0.8125, 0.78125, 0.78125, 0.78125, 0.75, 0.78125, 0.5625, 0.65625, 0.78125, 0.75, 0.5714285969734192, 0.875, 0.625, 0.8125, 0.75, 0.75, 0.6875, 0.875, 0.625, 0.8125, 0.90625, 0.75, 0.8125, 0.875, 0.96875, 0.84375, 0.8125, 0.625, 0.75, 0.78125, 0.75, 0.78125, 0.625, 0.8636363744735718, 0.75, 0.78125, 0.78125, 0.78125, 0.71875, 0.84375, 0.875, 0.84375, 0.8125, 0.6875, 0.6875, 0.6875, 0.8125, 0.8125, 0.8125, 0.8125, 0.8125, 0.8125, 0.71875, 0.78125, 0.78125, 0.8125, 0.875, 0.75, 0.84375, 0.8125, 0.875, 0.75, 0.65625, 0.8125, 0.71875, 0.75]","[0.5812531285975353, 0.5187829093760755, 0.5180039635623794, 0.5287762363272978, 0.5010466564850635, 0.4989171444651592, 0.48422246812337855, 0.4785548006913748, 0.4725857316011406, 0.4610876677984215, 0.4632838547947895, 0.4890278757336628, 0.49570767778948127, 0.4916070811001651, 0.46732544288577804, 0.4710490775395589, 0.46987101435661316, 0.46806242164359035, 0.47134761494326305, 0.46956220197390364, 0.46192898807755434, 0.46352202454245234, 0.4593781573944781, 0.45696548345577287, 0.4600353316370263, 0.45852095606815385, 0.458640516522419, 0.45833260323627883, 0.4548149159155696, 0.4554535538317209, 0.4522791310965297, 0.4502975617546633, 0.44858958455453435, 0.45117812127952117, 0.454554873417659, 0.45914426230522526, 0.46263473364244023, 0.4605482870555786, 0.4593989303313106, 0.44652520066284274, 0.4513483582490898, 0.45432180992092, 0.4529773330832102, 0.4484295722949936, 0.4405473722032754, 0.4457879493753594, 0.4385177963469402, 0.4341182988810252, 0.4346125553171319, 0.4313545499939516, 0.4276553159018597, 0.4245763740625726, 0.4281371566186468, 0.4279868279594973, 0.42703473316617757, 0.41968845638884117, 0.4189796042011445, 0.42435486309499626, 0.42285416248333024, 0.42020185130188265, 0.4179078828857606, 0.4218130854957075, 0.41723786635571214, 0.41719730324055776, 0.4158370121415839, 0.41827533079917173, 0.41171476891241876, 0.4137172379407538, 0.41218647612146586, 0.4601509650069547, 0.42562881255724344, 0.42281364784183273, 0.42531698619026737, 0.4264265341931079, 0.4245613533330251, 0.4238583768706724, 0.4271711287010147, 0.4268012510006686, 0.4242424185735634, 0.4233971647469394, 0.42570391979562233, 0.4279507158032383, 0.4299137962151723, 0.4331548167280404, 0.43057234495519153, 0.43147103578211315, 0.43145572851939373, 0.42745686690491363, 0.4300106767430363, 0.4269418716430664, 0.4195283967328359, 0.42343209917286795, 0.422921603343573]","[0.7515060240963856, 0.7515060240963856, 0.7515060240963856, 0.7515060240963856, 0.7515060240963856, 0.7515060240963856, 0.7515060240963856, 0.7515060240963856, 0.7515060240963856, 0.7515060240963856, 0.7515060240963856, 0.7515060240963856, 0.7515060240963856, 0.7003012048192772, 0.7515060240963856, 0.7515060240963856, 0.7515060240963856, 0.7515060240963856, 0.7515060240963856, 0.7515060240963856, 0.7515060240963856, 0.7515060240963856, 0.7515060240963856, 0.7515060240963856, 0.7515060240963856, 0.7515060240963856, 0.7515060240963856, 0.7515060240963856, 0.7515060240963856, 0.7515060240963856, 0.7515060240963856, 0.7515060240963856, 0.7545180722891566, 0.7725903614457831, 0.7515060240963856, 0.7515060240963856, 0.7515060240963856, 0.7831325301204819, 0.7515060240963856, 0.7515060240963856, 0.7515060240963856, 0.7515060240963856, 0.7921686746987951, 0.8042168674698795, 0.7515060240963856, 0.7756024096385542, 0.786144578313253, 0.786144578313253, 0.7831325301204819, 0.7906626506024096, 0.7936746987951807, 0.802710843373494, 0.8087349397590361, 0.7635542168674698, 0.7876506024096386, 0.8132530120481928, 0.8298192771084337, 0.802710843373494, 0.822289156626506, 0.8042168674698795, 0.8072289156626506, 0.7981927710843374, 0.7996987951807228, 0.8057228915662651, 0.8042168674698795, 0.7936746987951807, 0.802710843373494, 0.8012048192771084, 0.8102409638554217, 0.8132530120481928, 0.7906626506024096, 0.786144578313253, 0.7906626506024096, 0.7906626506024096, 0.7951807228915663, 0.7936746987951807, 0.7876506024096386, 0.7876506024096386, 0.7816265060240963, 0.7801204819277109, 0.7831325301204819, 0.7725903614457831, 0.7725903614457831, 0.7605421686746988, 0.7695783132530121, 0.7560240963855421, 0.7695783132530121, 0.7801204819277109, 0.8087349397590361, 0.7906626506024096, 0.7996987951807228, 0.7771084337349398, 0.7710843373493976]",0.7812247002930824,0.0,False,"[0.008512258529663086, 0.004504680633544922, 0.005116939544677734, 0.0040035247802734375, 0.003999233245849609, 0.005009174346923828, 0.004503011703491211, 0.004000186920166016, 0.0040171146392822266, 0.0055084228515625, 0.004004240036010742, 0.0046083927154541016, 0.0050008296966552734, 0.005000114440917969, 0.006004810333251953, 0.005015134811401367, 0.0050694942474365234, 0.004004001617431641, 0.0038909912109375, 0.0043866634368896484, 0.0035076141357421875, 0.0057392120361328125, 0.0070133209228515625, 0.0035071372985839844, 0.004538774490356445, 0.003999471664428711, 0.004006147384643555, 0.003003358840942383, 0.004002094268798828, 0.003501415252685547, 0.004003763198852539, 0.005004167556762695, 0.0045087337493896484, 0.003986835479736328, 0.004004716873168945, 0.0037221908569335938, 0.00384521484375, 0.0050122737884521484, 0.00550389289855957, 0.005011320114135742, 0.003997087478637695, 0.005669116973876953, 0.004510164260864258, 0.006000041961669922, 0.005225419998168945, 0.0040094852447509766, 0.004504680633544922, 0.0039997100830078125, 0.004001140594482422, 0.003998756408691406, 0.0042040348052978516, 0.004126787185668945, 0.004010200500488281, 0.004506111145019531, 0.0039997100830078125, 0.004504680633544922, 0.003997802734375, 0.006091117858886719, 0.004006147384643555, 0.003820180892944336, 0.004004716873168945, 0.005506277084350586, 0.006020307540893555, 0.005012035369873047, 0.0060100555419921875, 0.004001140594482422, 0.005022287368774414, 0.0040035247802734375, 0.003007173538208008, 0.005030393600463867, 0.005505084991455078, 0.005000591278076172, 0.0044536590576171875, 0.004014015197753906, 0.00402069091796875, 0.004503488540649414, 0.005004405975341797, 0.004000663757324219, 0.0037729740142822266, 0.005011081695556641, 0.005014896392822266, 0.0037641525268554688, 0.004010438919067383, 0.003999471664428711, 0.0040111541748046875, 0.003998756408691406, 0.0035102367401123047, 0.005019187927246094, 0.0040128231048583984, 0.0045053958892822266, 0.004502773284912109, 0.004000186920166016, 0.004000186920166016]","[9, 9, 12, 12, 17, 17, 23, 23, 32, 32]",4743,4743,0.7110566553496603,0.8513927452365045,0.75,0.4139665365219116,0.7710843373493976,0.422921603343573,0.0,0.0
13,32,"[265, 371, 519, 726, 1016, 1422]",5,93,"[1.0, 1.0, 1.0, 1.0, 1.0, 1.0, 1.0, 1.0, 1.0, 1.0, 1.0, 1.0, 1.0, 1.0, 1.0, 1.0, 1.0, 1.0, 1.0, 1.0, 1.0, 1.0, 1.0, 1.0, 1.0, 1.0, 1.0, 1.0, 1.0, 1.0, 1.0, 1.0, 1.0, 1.0, 1.0, 1.0, 1.0, 1.0, 1.0, 1.0, 1.0, 1.0, 1.0, 1.0, 1.0, 1.0, 1.0, 1.0, 1.0, 1.0, 1.0, 1.0, 1.0, 1.0, 1.0, 1.0, 1.0, 1.0, 1.0, 1.0, 1.0, 1.0, 1.0, 1.0, 1.0, 1.0, 1.0, 1.0, 1.0, 1.0, 1.0, 1.0, 1.0, 1.0, 1.0, 1.0, 1.0, 1.0, 1.0, 1.0, 1.0, 1.0, 1.0, 1.0, 1.0, 1.0, 1.0, 1.0, 1.0, 1.0, 1.0, 1.0, 1.0]","[1.0, 2.0, 3.0, 4.0, 5.0, 6.0, 7.0, 8.0, 9.0, 10.0, 11.0, 12.0, 13.0, 14.0, 15.0, 16.0, 17.0, 18.0, 19.0, 20.0, 21.0, 22.0, 23.0, 24.0, 25.0, 26.0, 27.0, 28.0, 29.0, 30.0, 31.0, 32.0, 33.0, 34.0, 35.0, 36.0, 37.0, 38.0, 39.0, 40.0, 41.0, 42.0, 43.0, 44.0, 45.0, 46.0, 47.0, 48.0, 49.0, 50.0, 51.0, 52.0, 53.0, 54.0, 55.0, 56.0, 57.0, 58.0, 59.0, 60.0, 61.0, 62.0, 63.0, 64.0, 65.0, 66.0, 67.0, 68.0, 69.0, 70.0, 71.0, 72.0, 73.0, 74.0, 75.0, 76.0, 77.0, 78.0, 79.0, 80.0, 81.0, 82.0, 83.0, 84.0, 85.0, 86.0, 87.0, 88.0, 89.0, 90.0, 91.0, 92.0, 93.0]","[1.0, 2.0, 3.0, 4.0, 5.0, 6.0, 7.0, 8.0, 9.0, 10.0, 11.0, 12.0, 13.0, 14.0, 15.0, 16.0, 17.0, 18.0, 19.0, 20.0, 21.0, 22.0, 23.0, 24.0, 25.0, 26.0, 27.0, 28.0, 29.0, 30.0, 31.0, 32.0, 33.0, 34.0, 35.0, 36.0, 37.0, 38.0, 39.0, 40.0, 41.0, 42.0, 43.0, 44.0, 45.0, 46.0, 47.0, 48.0, 49.0, 50.0, 51.0, 52.0, 53.0, 54.0, 55.0, 56.0, 57.0, 58.0, 59.0, 60.0, 61.0, 62.0, 63.0, 64.0, 65.0, 66.0, 67.0, 68.0, 69.0, 70.0, 71.0, 72.0, 73.0, 74.0, 75.0, 76.0, 77.0, 78.0, 79.0, 80.0, 81.0, 82.0, 83.0, 84.0, 85.0, 86.0, 87.0, 88.0, 89.0, 90.0, 91.0, 92.0, 93.0]","[22, 38, 61, 50, 63, 98, 49, 90, 38, 65, 95, 80, 83, 26, 18, 49, 3, 74, 28, 35, 44, 39]",irregular,22,<class 'torch.nn.modules.activation.ReLU'>,0.5,<class 'torch.optim.sgd.SGD'>,0.011008160757554574,0.0,0.95,32,False,xavier_normal,none,{},None,"[0.6334294080734253, 0.6439782381057739, 0.6518509984016418, 0.688754677772522, 0.6431711912155151, 0.689096987247467, 0.6530325412750244, 0.5849092602729797, 0.7010705471038818, 0.6271743178367615, 0.5872859954833984, 0.6219650506973267, 0.6409030556678772, 0.5885597467422485, 0.5304165482521057, 0.6719558238983154, 0.5628399848937988, 0.5569924712181091, 0.47040030360221863, 0.468086302280426, 0.6605017185211182, 0.5238378643989563, 0.45922204852104187, 0.5971213579177856, 0.563664972782135, 0.6945124864578247, 0.796311616897583, 0.5194374918937683, 0.5952891111373901, 0.5095669627189636, 0.42116424441337585, 0.5032861232757568, 0.6846520900726318, 0.5112395286560059, 0.6359923481941223, 0.5863076448440552, 0.7814697027206421, 1.0712997913360596, 0.4407863914966583, 0.5281909704208374, 0.5576286911964417, 0.5929287075996399, 0.5995520353317261, 0.5569395422935486, 0.5501648187637329, 0.567435622215271, 0.517781674861908, 0.4543430209159851, 0.4695480167865753, 0.5732502937316895, 0.7577216029167175, 0.5703222751617432, 0.47718527913093567, 0.6292808651924133, 0.579747200012207, 0.6421188712120056, 0.5446797013282776, 0.44445696473121643, 0.5706970691680908, 0.7967588305473328, 0.5856020450592041, 0.5243010520935059, 0.47217199206352234, 0.4964883029460907, 0.5366735458374023, 0.5993305444717407, 0.5799458622932434, 0.5587372183799744, 0.5330983400344849, 0.634656548500061, 0.4397928714752197, 0.5700114369392395, 0.5071288347244263, 0.5882600545883179, 0.5127065181732178, 0.559624195098877, 0.6708521842956543, 0.5180712342262268, 0.6549957394599915, 0.6595975160598755, 0.4833606779575348, 0.6008388996124268, 0.6516255140304565, 0.571719229221344, 0.5473381876945496, 0.5960351228713989, 0.6448308229446411, 0.38779139518737793, 0.5342329144477844, 0.5822715163230896, 0.6289504170417786, 0.6701294779777527, 0.5115111470222473]","[0.6875, 0.6875, 0.65625, 0.4375, 0.6875, 0.625, 0.71875, 0.78125, 0.5555555820465088, 0.78125, 0.6875, 0.71875, 0.71875, 0.71875, 0.8125, 0.625, 0.75, 0.78125, 0.84375, 0.875, 0.6842105388641357, 0.8125, 0.8125, 0.71875, 0.78125, 0.6875, 0.625, 0.8125, 0.75, 0.78125, 0.875, 0.8125, 0.6875, 0.8125, 0.6875, 0.71875, 0.625, 0.8571429252624512, 0.84375, 0.8125, 0.75, 0.71875, 0.71875, 0.75, 0.78125, 0.75, 0.78125, 0.84375, 0.84375, 0.75, 0.5625, 0.75, 0.84375, 0.6875, 0.71875, 0.6875, 0.78125, 0.84375, 0.75, 0.59375, 0.7272727489471436, 0.78125, 0.875, 0.8125, 0.78125, 0.71875, 0.71875, 0.75, 0.78125, 0.6875, 0.875, 0.75, 0.8125, 0.71875, 0.8125, 0.75, 0.65625, 0.78125, 0.65625, 0.65625, 0.8125, 0.71875, 0.65625, 0.75, 0.78125, 0.71875, 0.6875, 0.90625, 0.78125, 0.75, 0.6875, 0.65625, 0.7916666865348816]","[0.6859126406979849, 0.6831707918500326, 0.6782213377665325, 0.6728804233562515, 0.6663723631077502, 0.6583913155348904, 0.6488115765962256, 0.6391392177846058, 0.6304104917020683, 0.6216904542532312, 0.6136284614183817, 0.6062829257493996, 0.5997717797038067, 0.5939148168965994, 0.588163051260523, 0.5835340683718762, 0.5792450466787958, 0.5755225218922259, 0.5720681282411139, 0.5689870571515646, 0.5666658680841147, 0.5647149491740997, 0.5631257144801588, 0.5620807215391871, 0.561388519873102, 0.5610363655779735, 0.5608958142349519, 0.5608075577092458, 0.5607630696641394, 0.5607409118169762, 0.5607133385646774, 0.5606964058186634, 0.5606982374047659, 0.5606986909027559, 0.5607055533363159, 0.5607098333806877, 0.5607486622161176, 0.5608303913150925, 0.5609203842749079, 0.5609950466328356, 0.5610973009143967, 0.5612357976924942, 0.5614075789968651, 0.5615817322788468, 0.5617611322058252, 0.561992350112961, 0.5622065282729735, 0.5623453920146069, 0.5623968617025629, 0.5624508857727051, 0.5626640484993717, 0.5628800675811538, 0.5629974416939609, 0.5631432468632618, 0.5632715785359762, 0.5634515030556414, 0.5635749546878309, 0.563558329300708, 0.5635058391525085, 0.5636634611221681, 0.5638203362384474, 0.5639045260038721, 0.5638477906405207, 0.5637154033385128, 0.5635228379663214, 0.5633501539747399, 0.5631924228495863, 0.5630297574652247, 0.5628314722015197, 0.5626873689961721, 0.5624357095683914, 0.5622130840657705, 0.5619640425745264, 0.5617531990430441, 0.5615358887666679, 0.5613447355936809, 0.5612329697034445, 0.5611180785190628, 0.5610495956547289, 0.5610236166471458, 0.5609743473041489, 0.5609342592308321, 0.5609255907047226, 0.5609196374215275, 0.5609092087630766, 0.5609139792890434, 0.5609413475157267, 0.5609179114002779, 0.5608912139053804, 0.5608679975371763, 0.5608584686934229, 0.5608802423419723, 0.5608888024307159]","[0.7515060240963856, 0.7515060240963856, 0.7515060240963856, 0.7515060240963856, 0.7515060240963856, 0.7515060240963856, 0.7515060240963856, 0.7515060240963856, 0.7515060240963856, 0.7515060240963856, 0.7515060240963856, 0.7515060240963856, 0.7515060240963856, 0.7515060240963856, 0.7515060240963856, 0.7515060240963856, 0.7515060240963856, 0.7515060240963856, 0.7515060240963856, 0.7515060240963856, 0.7515060240963856, 0.7515060240963856, 0.7515060240963856, 0.7515060240963856, 0.7515060240963856, 0.7515060240963856, 0.7515060240963856, 0.7515060240963856, 0.7515060240963856, 0.7515060240963856, 0.7515060240963856, 0.7515060240963856, 0.7515060240963856, 0.7515060240963856, 0.7515060240963856, 0.7515060240963856, 0.7515060240963856, 0.7515060240963856, 0.7515060240963856, 0.7515060240963856, 0.7515060240963856, 0.7515060240963856, 0.7515060240963856, 0.7515060240963856, 0.7515060240963856, 0.7515060240963856, 0.7515060240963856, 0.7515060240963856, 0.7515060240963856, 0.7515060240963856, 0.7515060240963856, 0.7515060240963856, 0.7515060240963856, 0.7515060240963856, 0.7515060240963856, 0.7515060240963856, 0.7515060240963856, 0.7515060240963856, 0.7515060240963856, 0.7515060240963856, 0.7515060240963856, 0.7515060240963856, 0.7515060240963856, 0.7515060240963856, 0.7515060240963856, 0.7515060240963856, 0.7515060240963856, 0.7515060240963856, 0.7515060240963856, 0.7515060240963856, 0.7515060240963856, 0.7515060240963856, 0.7515060240963856, 0.7515060240963856, 0.7515060240963856, 0.7515060240963856, 0.7515060240963856, 0.7515060240963856, 0.7515060240963856, 0.7515060240963856, 0.7515060240963856, 0.7515060240963856, 0.7515060240963856, 0.7515060240963856, 0.7515060240963856, 0.7515060240963856, 0.7515060240963856, 0.7515060240963856, 0.7515060240963856, 0.7515060240963856, 0.7515060240963856, 0.7515060240963856, 0.7515060240963856]",0.7551392222427534,0.0,False,"[0.008010149002075195, 0.006118297576904297, 0.00550389289855957, 0.006507158279418945, 0.006011009216308594, 0.005392789840698242, 0.004000425338745117, 0.003809213638305664, 0.005010843276977539, 0.004998445510864258, 0.005536317825317383, 0.0060045719146728516, 0.007506132125854492, 0.004786491394042969, 0.005002498626708984, 0.004573822021484375, 0.004103899002075195, 0.004999876022338867, 0.010143756866455078, 0.006020307540893555, 0.009077072143554688, 0.006006479263305664, 0.005012989044189453, 0.005003929138183594, 0.005006313323974609, 0.006096601486206055, 0.005507230758666992, 0.007506608963012695, 0.0045032501220703125, 0.005011558532714844, 0.005006551742553711, 0.004011392593383789, 0.005000591278076172, 0.00601506233215332, 0.003997087478637695, 0.005014181137084961, 0.0050084590911865234, 0.004000425338745117, 0.00532984733581543, 0.006025791168212891, 0.005003929138183594, 0.0060117244720458984, 0.006010293960571289, 0.005014657974243164, 0.005000114440917969, 0.0050106048583984375, 0.00450587272644043, 0.004012584686279297, 0.006009340286254883, 0.005000591278076172, 0.005150794982910156, 0.004000425338745117, 0.004132747650146484, 0.0050067901611328125, 0.006510019302368164, 0.004999876022338867, 0.00557708740234375, 0.004007577896118164, 0.00400090217590332, 0.004329204559326172, 0.005047321319580078, 0.0050046443939208984, 0.0055065155029296875, 0.00600886344909668, 0.005507469177246094, 0.004999876022338867, 0.005517721176147461, 0.0045108795166015625, 0.0040209293365478516, 0.004015207290649414, 0.005000591278076172, 0.004508495330810547, 0.005167484283447266, 0.005507230758666992, 0.004508018493652344, 0.0041124820709228516, 0.005999565124511719, 0.0054967403411865234, 0.004003047943115234, 0.00400853157043457, 0.00440526008605957, 0.006002664566040039, 0.00500941276550293, 0.0048601627349853516, 0.005010128021240234, 0.0050029754638671875, 0.006012916564941406, 0.0050008296966552734, 0.00500941276550293, 0.0050008296966552734, 0.005029439926147461, 0.004004240036010742, 0.00450587272644043]","[9, 9, 12, 12, 17, 17, 23, 23, 32, 32]",4743,4743,0.6936104668569728,0.816667977628534,0.7916666865348816,0.5115111470222473,0.7515060240963856,0.5608888024307159,0.0,0.0
14,1024,"[265, 371, 519, 726, 1016, 1422]",5,5,"[1.0, 1.0, 1.0, 1.0, 1.0]","[1.0, 2.0, 3.0, 4.0, 5.0]","[1.0, 2.0, 3.0, 4.0, 5.0]","[99, 84, 82, 75, 63, 59, 59, 55, 50, 15]",pyramid,10,<class 'torch.nn.modules.activation.GELU'>,0.5,<class 'torch.optim.adam.Adam'>,0.0006465197191702889,0.01,,1024,True,kaiming_uniform,exponential,{'gamma': 0.95},None,"[9.240674018859863, 8.024630546569824, 6.048047065734863, 6.398717880249023, 6.5455732345581055]","[0.5660377740859985, 0.5795148015022278, 0.6146435737609863, 0.6060606241226196, 0.5767716765403748]","[0.6340785026550293, 0.632856547832489, 0.6324668526649475, 0.6326267123222351, 0.6334521770477295]","[0.7198795180722891, 0.7228915662650602, 0.7304216867469879, 0.7349397590361446, 0.7364457831325302]",0.709195599990647,0.0,False,"[0.003998994827270508, 0.004998445510864258, 0.0030019283294677734, 0.003512144088745117, 0.003503084182739258]","[1, 1, 1, 1, 1, 1, 1, 1, 1, 1]",255,255,0.4045415906933506,1.0,0.5767716765403748,6.5455732345581055,0.7364457831325302,0.6334521770477295,0.0,0.0
15,1024,"[265, 371, 519, 726, 1016, 1422]",5,5,"[1.0, 1.0, 1.0, 1.0, 1.0]","[1.0, 2.0, 3.0, 4.0, 5.0]","[1.0, 2.0, 3.0, 4.0, 5.0]","[100, 95, 91, 84, 67, 65, 62, 61, 55, 55, 54, 49, 40, 40, 33, 28, 26, 23, 14, 7, 7]",triangular,21,<class 'torch.nn.modules.activation.ELU'>,0.2,<class 'torch.optim.adamw.AdamW'>,0.002097745738193699,0.0,,1024,True,kaiming_uniform,exponential,{'gamma': 0.9},None,"[4.486871242523193, 3.663644552230835, 2.016557216644287, 1.994276762008667, 1.6940816640853882]","[0.6075471639633179, 0.6199460625648499, 0.6435452699661255, 0.6556473970413208, 0.6555117964744568]","[0.6851019859313965, 0.6263063549995422, 0.6215347647666931, 0.6163630485534668, 0.6156354546546936]","[0.7078313253012049, 0.6942771084337349, 0.6701807228915663, 0.6475903614457831, 0.6506024096385542]",0.6275537721325761,0.0,False,"[0.0070078372955322266, 0.0060176849365234375, 0.007502079010009766, 0.009008169174194336, 0.007008075714111328]","[1, 1, 1, 1, 1, 1, 1, 1, 1, 1]",255,255,0.33226183189661823,0.9228457123685341,0.6555117964744568,1.6940816640853882,0.6506024096385542,0.6156354546546936,0.0,0.0
16,64,"[265, 371, 519, 726, 1016, 1422]",5,48,"[1.0, 1.0, 1.0, 1.0, 1.0, 1.0, 1.0, 1.0, 1.0, 1.0, 1.0, 1.0, 1.0, 1.0, 1.0, 1.0, 1.0, 1.0, 1.0, 1.0, 1.0, 1.0, 1.0, 1.0, 1.0, 1.0, 1.0, 1.0, 1.0, 1.0, 1.0, 1.0, 1.0, 1.0, 1.0, 1.0, 1.0, 1.0, 1.0, 1.0, 1.0, 1.0, 1.0, 1.0, 1.0, 1.0, 1.0, 1.0]","[1.0, 2.0, 3.0, 4.0, 5.0, 6.0, 7.0, 8.0, 9.0, 10.0, 11.0, 12.0, 13.0, 14.0, 15.0, 16.0, 17.0, 18.0, 19.0, 20.0, 21.0, 22.0, 23.0, 24.0, 25.0, 26.0, 27.0, 28.0, 29.0, 30.0, 31.0, 32.0, 33.0, 34.0, 35.0, 36.0, 37.0, 38.0, 39.0, 40.0, 41.0, 42.0, 43.0, 44.0, 45.0, 46.0, 47.0, 48.0]","[1.0, 2.0, 3.0, 4.0, 5.0, 6.0, 7.0, 8.0, 9.0, 10.0, 11.0, 12.0, 13.0, 14.0, 15.0, 16.0, 17.0, 18.0, 19.0, 20.0, 21.0, 22.0, 23.0, 24.0, 25.0, 26.0, 27.0, 28.0, 29.0, 30.0, 31.0, 32.0, 33.0, 34.0, 35.0, 36.0, 37.0, 38.0, 39.0, 40.0, 41.0, 42.0, 43.0, 44.0, 45.0, 46.0, 47.0, 48.0]","[70, 58, 54, 51, 49, 40, 33, 29, 24, 21, 21, 20, 16, 3]",pyramid,14,<class 'torch.nn.modules.activation.GELU'>,0.1,<class 'torch.optim.rmsprop.RMSprop'>,0.013239425911802872,0.0001,,64,True,kaiming_uniform,exponential,{'gamma': 0.95},None,"[0.562817394733429, 525.4645385742188, 0.5449129343032837, 0.5618138909339905, 0.7289559245109558, 0.5875872373580933, 0.5852028131484985, 0.5476318597793579, 0.5948277115821838, 0.5134190320968628, 0.5877002477645874, 0.5653070211410522, 0.6091213226318359, 0.49070537090301514, 0.5787283778190613, 0.4841497540473938, 0.5964832305908203, 0.5789304971694946, 0.5953162908554077, 0.5996773838996887, 0.5948383808135986, 0.4683261513710022, 0.5789808630943298, 0.5936234593391418, 0.5790148377418518, 0.5134255886077881, 0.647014856338501, 0.5302573442459106, 0.5292134284973145, 0.5284337401390076, 0.562338650226593, 0.6878527402877808, 0.6258406043052673, 0.4371388256549835, 0.5963090062141418, 0.6634114384651184, 0.5788693428039551, 0.5151158571243286, 0.6118729710578918, 0.562737226486206, 0.5464202761650085, 0.5954722166061401, 0.5138106346130371, 0.5120605230331421, 0.5623365640640259, 0.5451180338859558, 0.5275552272796631, 0.5825262665748596]","[0.75, 0.640625, 0.828125, 0.765625, 0.5555555820465088, 0.734375, 0.734375, 0.78125, 0.71875, 0.8125, 0.7254902124404907, 0.75, 0.703125, 0.828125, 0.734375, 0.828125, 0.71875, 0.734375, 0.71875, 0.7142857313156128, 0.71875, 0.84375, 0.734375, 0.71875, 0.734375, 0.796875, 0.671875, 0.78125, 0.78125, 0.78125, 0.75, 0.6363636255264282, 0.6875, 0.875, 0.71875, 0.65625, 0.734375, 0.796875, 0.703125, 0.75, 0.765625, 0.71875, 0.796875, 0.796875, 0.75, 0.765625, 0.78125, 0.7321428656578064]","[386.3473808564336, 0.5844063873750618, 0.5725316175495285, 0.5688873989036284, 0.5748458432863994, 0.5720729691436491, 0.569938815501799, 0.5667832522507174, 0.5662698537470346, 0.5635843190802149, 0.5634249595992536, 0.5628307655633215, 0.5631917442183897, 0.5615721018199461, 0.5615568721150778, 0.5608259080404259, 0.560957607016506, 0.561001921992704, 0.5611629338867693, 0.561376754059849, 0.5615496355366995, 0.5607643443417837, 0.5608083519590906, 0.5609499086816627, 0.5609937669282936, 0.560731658734471, 0.561123323727803, 0.560854041791824, 0.560717049851475, 0.5606746910566307, 0.560674930193338, 0.5611184038311602, 0.5616013091730784, 0.5607116771749703, 0.5607967987117997, 0.5613811856292816, 0.5613875640444008, 0.5609366505979055, 0.5611915696098144, 0.5610987623053861, 0.5609308531485409, 0.5610725463154804, 0.5607761331351406, 0.560676502176078, 0.5606765431093882, 0.5606758156454706, 0.5607115209820759, 0.5606789711010025]","[0.7515060240963856, 0.7515060240963856, 0.7515060240963856, 0.7515060240963856, 0.7515060240963856, 0.7515060240963856, 0.7515060240963856, 0.7515060240963856, 0.7515060240963856, 0.7515060240963856, 0.7515060240963856, 0.7515060240963856, 0.7515060240963856, 0.7515060240963856, 0.7515060240963856, 0.7515060240963856, 0.7515060240963856, 0.7515060240963856, 0.7515060240963856, 0.7515060240963856, 0.7515060240963856, 0.7515060240963856, 0.7515060240963856, 0.7515060240963856, 0.7515060240963856, 0.7515060240963856, 0.7515060240963856, 0.7515060240963856, 0.7515060240963856, 0.7515060240963856, 0.7515060240963856, 0.7515060240963856, 0.7515060240963856, 0.7515060240963856, 0.7515060240963856, 0.7515060240963856, 0.7515060240963856, 0.7515060240963856, 0.7515060240963856, 0.7515060240963856, 0.7515060240963856, 0.7515060240963856, 0.7515060240963856, 0.7515060240963856, 0.7515060240963856, 0.7515060240963856, 0.7515060240963856, 0.7515060240963856]",0.7568432106697954,0.0,False,"[0.0038864612579345703, 0.004010438919067383, 0.004017353057861328, 0.005012989044189453, 0.003505706787109375, 0.005540370941162109, 0.004998683929443359, 0.005020856857299805, 0.008019208908081055, 0.007006168365478516, 0.005004167556762695, 0.004361391067504883, 0.00450897216796875, 0.003885030746459961, 0.0045735836029052734, 0.004001140594482422, 0.004508018493652344, 0.0060122013092041016, 0.005509853363037109, 0.004001140594482422, 0.004001617431640625, 0.004040241241455078, 0.005044698715209961, 0.006558895111083984, 0.0039997100830078125, 0.004999876022338867, 0.004001617431640625, 0.005377054214477539, 0.0045015811920166016, 0.00400233268737793, 0.005001068115234375, 0.003504514694213867, 0.00400233268737793, 0.003508329391479492, 0.005066633224487305, 0.004506587982177734, 0.003507375717163086, 0.004345893859863281, 0.004502296447753906, 0.0055043697357177734, 0.005001068115234375, 0.0035085678100585938, 0.003676891326904297, 0.003316640853881836, 0.003506898880004883, 0.0039997100830078125, 0.003011465072631836, 0.0050051212310791016]","[5, 5, 6, 6, 9, 9, 12, 12, 16, 16]",2448,2448,0.670604103681802,0.8430823176577888,0.7321428656578064,0.5825262665748596,0.7515060240963856,0.5606789711010025,0.0,0.0
17,128,"[265, 371, 519, 726, 1016, 1422]",5,25,"[1.0, 1.0, 1.0, 1.0, 1.0, 1.0, 1.0, 1.0, 1.0, 1.0, 1.0, 1.0, 1.0, 1.0, 1.0, 1.0, 1.0, 1.0, 1.0, 1.0, 1.0, 1.0, 1.0, 1.0, 1.0]","[1.0, 2.0, 3.0, 4.0, 5.0, 6.0, 7.0, 8.0, 9.0, 10.0, 11.0, 12.0, 13.0, 14.0, 15.0, 16.0, 17.0, 18.0, 19.0, 20.0, 21.0, 22.0, 23.0, 24.0, 25.0]","[1.0, 2.0, 3.0, 4.0, 5.0, 6.0, 7.0, 8.0, 9.0, 10.0, 11.0, 12.0, 13.0, 14.0, 15.0, 16.0, 17.0, 18.0, 19.0, 20.0, 21.0, 22.0, 23.0, 24.0, 25.0]","[94, 91, 87, 87, 75, 75, 75, 74, 74, 71, 68, 67, 67, 57, 53, 52, 35, 26, 25, 24, 21, 20, 13, 6, 5]",pyramid,25,<class 'torch.nn.modules.activation.ReLU'>,0.3,<class 'torch.optim.rmsprop.RMSprop'>,0.001504843371654464,0.0,,128,True,kaiming_normal,exponential,{'gamma': 0.9},None,"[165.91322326660156, 9.688932418823242, 3.1601223945617676, 8.312331199645996, 6.048061847686768, 2.337089776992798, 4.191336631774902, 4.52583122253418, 3.894080638885498, 2.2271552085876465, 0.42783379554748535, 1.8958189487457275, 2.3518612384796143, 2.2924420833587646, 1.6269564628601074, 1.6656622886657715, 2.080690860748291, 1.2503927946090698, 1.3063151836395264, 2.071538209915161, 1.3881056308746338, 2.0839333534240723, 1.4743983745574951, 1.8845136165618896, 1.2497915029525757]","[0.359375, 0.421875, 0.6666666865348816, 0.53125, 0.46875, 0.5913043022155762, 0.4765625, 0.390625, 0.5390625, 0.53125, 0.7142857313156128, 0.65625, 0.4765625, 0.5234375, 0.5625, 0.546875, 0.44186046719551086, 0.5546875, 0.5703125, 0.5625, 0.625, 0.5546875, 0.640625, 0.6015625, 0.5583333373069763]","[0.6886700061430414, 0.6550221033843167, 0.6503141249518797, 0.643603021840015, 0.6413644293704664, 0.6403657995074629, 0.6371112092431769, 0.634168720388987, 0.6315533468522221, 0.6300419705459871, 0.6272070745387709, 0.6258979224296938, 0.6245407067149519, 0.6252996713282114, 0.6244840183890009, 0.6225171469780336, 0.6196733066834599, 0.6184426467102694, 0.6169850603643671, 0.6162307571215802, 0.6160852794187615, 0.6151656285825983, 0.6140403266412666, 0.6121416472526918, 0.6109544957976744]","[0.6355421686746988, 0.7454819277108434, 0.75, 0.7515060240963856, 0.7515060240963856, 0.7515060240963856, 0.7515060240963856, 0.7515060240963856, 0.7515060240963856, 0.7515060240963856, 0.7515060240963856, 0.7515060240963856, 0.7515060240963856, 0.7515060240963856, 0.7515060240963856, 0.7515060240963856, 0.7515060240963856, 0.7515060240963856, 0.7515060240963856, 0.7515060240963856, 0.7515060240963856, 0.7515060240963856, 0.7515060240963856, 0.7515060240963856, 0.7515060240963856]",0.7630490637794042,0.0,False,"[0.007046937942504883, 0.006742000579833984, 0.007016658782958984, 0.009697437286376953, 0.009016990661621094, 0.008236885070800781, 0.007014036178588867, 0.009507179260253906, 0.009027481079101562, 0.00701594352722168, 0.007027626037597656, 0.00634002685546875, 0.006329059600830078, 0.006506204605102539, 0.006504535675048828, 0.00599980354309082, 0.007361173629760742, 0.005005359649658203, 0.007007598876953125, 0.0070078372955322266, 0.007011890411376953, 0.006501913070678711, 0.006011962890625, 0.00708770751953125, 0.006011486053466797]","[3, 3, 3, 3, 5, 5, 6, 6, 8, 8]",1275,1275,0.6398749700708378,0.8862231574879705,0.5583333373069763,1.2497915029525757,0.7515060240963856,0.6109544957976744,0.0,0.0
18,1024,"[265, 371, 519, 726, 1016, 1422]",5,5,"[1.0, 1.0, 1.0, 1.0, 1.0]","[1.0, 2.0, 3.0, 4.0, 5.0]","[1.0, 2.0, 3.0, 4.0, 5.0]","[14, 14, 14, 14, 14, 14, 14, 14, 14, 14, 14, 14, 14, 14, 14, 14]",constant,16,<class 'torch.nn.modules.activation.GELU'>,0.0,<class 'torch.optim.sgd.SGD'>,0.0017106775383840982,1e-05,0.8,1024,False,xavier_normal,cosine,{'T_max': 50},None,"[0.6499358415603638, 0.6495523452758789, 0.6493398547172546, 0.6487858891487122, 0.6482800841331482]","[0.7509434223175049, 0.7520215511322021, 0.7514451146125793, 0.7520661354064941, 0.751968502998352]","[0.6496496796607971, 0.6493282318115234, 0.6488941311836243, 0.6483708024024963, 0.647777795791626]","[0.7515060240963856, 0.7515060240963856, 0.7515060240963856, 0.7515060240963856, 0.7515060240963856]",0.7245250740435991,0.0,False,"[0.006012916564941406, 0.00500035285949707, 0.0030002593994140625, 0.002808094024658203, 0.0029993057250976562]","[1, 1, 1, 1, 1, 1, 1, 1, 1, 1]",255,255,0.40763826950109167,1.0,0.751968502998352,0.6482800841331482,0.7515060240963856,0.647777795791626,0.0,0.0
19,512,"[265, 371, 519, 726, 1016, 1422]",5,8,"[1.0, 1.0, 1.0, 1.0, 1.0, 1.0, 1.0, 1.0]","[1.0, 2.0, 3.0, 4.0, 5.0, 6.0, 7.0, 8.0]","[1.0, 2.0, 3.0, 4.0, 5.0, 6.0, 7.0, 8.0]","[41, 41, 41, 41, 41, 41, 41, 41, 41, 41, 41, 41, 41, 41, 41, 41, 41, 41, 41, 41, 41, 41, 41]",constant,23,<class 'torch.nn.modules.activation.Tanh'>,0.0,<class 'torch.optim.adamw.AdamW'>,0.0008204407187357085,0.001,,512,False,kaiming_uniform,none,{},None,"[0.8041418790817261, 0.6656648516654968, 0.6208223104476929, 0.5843227505683899, 0.5500721335411072, 0.5630452632904053, 0.5225064158439636, 0.5284363627433777]","[0.4000000059604645, 0.6307277679443359, 0.677734375, 0.7142857313156128, 0.74609375, 0.7242990136146545, 0.76171875, 0.7678571939468384]","[0.6840437291616417, 0.6345170872757234, 0.6088332167590957, 0.5880883415061308, 0.5709839506321642, 0.5562657204019018, 0.5434580962341952, 0.531968561999769]","[0.5993975903614458, 0.6701807228915663, 0.6852409638554217, 0.7213855421686747, 0.7319277108433735, 0.7379518072289156, 0.7454819277108434, 0.7575301204819277]",0.7529522282526631,0.0,False,"[0.013016462326049805, 0.006022453308105469, 0.0050165653228759766, 0.0050048828125, 0.003635883331298828, 0.005351543426513672, 0.004001617431640625, 0.005005598068237305]","[1, 1, 1, 1, 2, 2, 2, 2, 2, 2]",408,408,0.5451601966213737,0.9607442598839524,0.7678571939468384,0.5284363627433777,0.7575301204819277,0.531968561999769,0.0,0.0
20,64,"[265, 371, 519, 726, 1016, 1422]",5,48,"[1.0, 1.0, 1.0, 1.0, 1.0, 1.0, 1.0, 1.0, 1.0, 1.0, 1.0, 1.0, 1.0, 1.0, 1.0, 1.0, 1.0, 1.0, 1.0, 1.0, 1.0, 1.0, 1.0, 1.0, 1.0, 1.0, 1.0, 1.0, 1.0, 1.0, 1.0, 1.0, 1.0, 1.0, 1.0, 1.0, 1.0, 1.0, 1.0, 1.0, 1.0, 1.0, 1.0, 1.0, 1.0, 1.0, 1.0, 1.0]","[1.0, 2.0, 3.0, 4.0, 5.0, 6.0, 7.0, 8.0, 9.0, 10.0, 11.0, 12.0, 13.0, 14.0, 15.0, 16.0, 17.0, 18.0, 19.0, 20.0, 21.0, 22.0, 23.0, 24.0, 25.0, 26.0, 27.0, 28.0, 29.0, 30.0, 31.0, 32.0, 33.0, 34.0, 35.0, 36.0, 37.0, 38.0, 39.0, 40.0, 41.0, 42.0, 43.0, 44.0, 45.0, 46.0, 47.0, 48.0]","[1.0, 2.0, 3.0, 4.0, 5.0, 6.0, 7.0, 8.0, 9.0, 10.0, 11.0, 12.0, 13.0, 14.0, 15.0, 16.0, 17.0, 18.0, 19.0, 20.0, 21.0, 22.0, 23.0, 24.0, 25.0, 26.0, 27.0, 28.0, 29.0, 30.0, 31.0, 32.0, 33.0, 34.0, 35.0, 36.0, 37.0, 38.0, 39.0, 40.0, 41.0, 42.0, 43.0, 44.0, 45.0, 46.0, 47.0, 48.0]","[91, 19, 42, 28, 46, 41, 90, 83, 56, 45]",irregular,10,<class 'torch.nn.modules.activation.ReLU'>,0.2,<class 'torch.optim.adamw.AdamW'>,0.00022837502942526245,0.01,,64,True,kaiming_uniform,step,"{'step_size': 20, 'gamma': 0.5}",None,"[2.2258052825927734, 2.0936882495880127, 1.699272871017456, 1.5541751384735107, 1.5015232563018799, 1.6413286924362183, 1.5508931875228882, 1.5741865634918213, 1.0345284938812256, 1.4546055793762207, 0.9920596480369568, 1.0770907402038574, 1.2278168201446533, 1.1569677591323853, 0.9363428354263306, 0.9356759190559387, 0.9775382876396179, 0.9787501096725464, 1.1406134366989136, 0.8381671905517578, 0.8269662857055664, 0.8149882555007935, 0.7792330384254456, 0.7988442778587341, 0.7851436138153076, 0.822713315486908, 0.6711757183074951, 0.88699871301651, 0.7711744904518127, 0.754611074924469, 0.7770830988883972, 0.7137413620948792, 0.7453312277793884, 0.7157536149024963, 0.578672468662262, 0.6351367235183716, 0.7148057222366333, 0.5669489502906799, 0.915763795375824, 0.5753875374794006, 0.5917282700538635, 0.6746429800987244, 0.7747496366500854, 0.6044099926948547, 0.6105955243110657, 0.6797276735305786, 0.5644034147262573, 0.6461138725280762]","[0.234375, 0.3125, 0.296875, 0.21875, 0.4444444477558136, 0.25, 0.34375, 0.15625, 0.390625, 0.3125, 0.4313725531101227, 0.421875, 0.4375, 0.21875, 0.40625, 0.4375, 0.390625, 0.375, 0.296875, 0.1428571492433548, 0.59375, 0.484375, 0.5, 0.546875, 0.515625, 0.5, 0.546875, 0.484375, 0.515625, 0.578125, 0.609375, 0.7272727489471436, 0.578125, 0.578125, 0.6875, 0.65625, 0.59375, 0.6875, 0.546875, 0.734375, 0.734375, 0.609375, 0.59375, 0.6875, 0.65625, 0.671875, 0.6875, 0.6785714626312256]","[0.9237531186586403, 0.8883142844740167, 0.8573967268668026, 0.8300446451428425, 0.8089908174721592, 0.789560019251812, 0.7717072568744062, 0.7553254416189998, 0.7411514908434397, 0.728461529835161, 0.7175252301147185, 0.7076664251017283, 0.6987712433539242, 0.6907533048147179, 0.6835081835827196, 0.6770948645580246, 0.6711932176566986, 0.6657191321074244, 0.6605228918144502, 0.6559089630483145, 0.6518237605152359, 0.647958637720131, 0.6443579089210694, 0.6409935742975718, 0.6380293168217303, 0.6353484140821251, 0.6328723107475832, 0.6306044653237585, 0.6284377567739372, 0.6265970683959593, 0.6249224328132997, 0.6231625324272247, 0.6215068389134235, 0.6199237840721407, 0.6183043689612883, 0.6167735443057785, 0.6154046195099153, 0.6139890135052692, 0.6127383213445364, 0.611523478146059, 0.6104404200990516, 0.6094269328806774, 0.6085344919239182, 0.6076808751347553, 0.6068929354828524, 0.606196942817734, 0.6055014909031879, 0.6048288524868977]","[0.25, 0.25150602409638556, 0.2575301204819277, 0.2680722891566265, 0.2786144578313253, 0.3042168674698795, 0.32379518072289154, 0.34487951807228917, 0.37801204819277107, 0.4006024096385542, 0.4292168674698795, 0.45481927710843373, 0.48493975903614456, 0.5331325301204819, 0.5557228915662651, 0.5933734939759037, 0.6400602409638554, 0.6566265060240963, 0.6701807228915663, 0.6837349397590361, 0.7018072289156626, 0.7213855421686747, 0.7274096385542169, 0.7394578313253012, 0.7439759036144579, 0.7454819277108434, 0.7484939759036144, 0.75, 0.75, 0.7515060240963856, 0.7515060240963856, 0.7515060240963856, 0.7515060240963856, 0.7515060240963856, 0.7515060240963856, 0.7515060240963856, 0.7515060240963856, 0.7515060240963856, 0.7515060240963856, 0.7515060240963856, 0.7515060240963856, 0.7515060240963856, 0.7515060240963856, 0.7515060240963856, 0.7515060240963856, 0.7515060240963856, 0.7515060240963856, 0.7515060240963856]",0.9489357186545382,0.0,False,"[0.008521795272827148, 0.004000186920166016, 0.0060100555419921875, 0.00250244140625, 0.00299835205078125, 0.004010677337646484, 0.004003286361694336, 0.0029993057250976562, 0.0065479278564453125, 0.004004001617431641, 0.00400233268737793, 0.001998424530029297, 0.0030028820037841797, 0.003513336181640625, 0.0031502246856689453, 0.004041433334350586, 0.0029993057250976562, 0.005001068115234375, 0.003998517990112305, 0.0039997100830078125, 0.004003047943115234, 0.0040171146392822266, 0.004506349563598633, 0.0025038719177246094, 0.0025103092193603516, 0.002997875213623047, 0.003564596176147461, 0.0029997825622558594, 0.0035064220428466797, 0.003504037857055664, 0.0029981136322021484, 0.002000093460083008, 0.003505706787109375, 0.0030002593994140625, 0.0035064220428466797, 0.0025038719177246094, 0.002504110336303711, 0.003766775131225586, 0.0019996166229248047, 0.0019989013671875, 0.0030088424682617188, 0.0039997100830078125, 0.004000425338745117, 0.004009246826171875, 0.004123210906982422, 0.0030012130737304688, 0.0030007362365722656, 0.003004789352416992]","[5, 5, 6, 6, 9, 9, 12, 12, 16, 16]",2448,2448,0.8247732022125746,1.0,0.6785714626312256,0.6461138725280762,0.7515060240963856,0.6048288524868977,0.0,0.0
21,32,"[265, 371, 519, 726, 1016, 1422]",5,93,"[1.0, 1.0, 1.0, 1.0, 1.0, 1.0, 1.0, 1.0, 1.0, 1.0, 1.0, 1.0, 1.0, 1.0, 1.0, 1.0, 1.0, 1.0, 1.0, 1.0, 1.0, 1.0, 1.0, 1.0, 1.0, 1.0, 1.0, 1.0, 1.0, 1.0, 1.0, 1.0, 1.0, 1.0, 1.0, 1.0, 1.0, 1.0, 1.0, 1.0, 1.0, 1.0, 1.0, 1.0, 1.0, 1.0, 1.0, 1.0, 1.0, 1.0, 1.0, 1.0, 1.0, 1.0, 1.0, 1.0, 1.0, 1.0, 1.0, 1.0, 1.0, 1.0, 1.0, 1.0, 1.0, 1.0, 1.0, 1.0, 1.0, 1.0, 1.0, 1.0, 1.0, 1.0, 1.0, 1.0, 1.0, 1.0, 1.0, 1.0, 1.0, 1.0, 1.0, 1.0, 1.0, 1.0, 1.0, 1.0, 1.0, 1.0, 1.0, 1.0, 1.0]","[1.0, 2.0, 3.0, 4.0, 5.0, 6.0, 7.0, 8.0, 9.0, 10.0, 11.0, 12.0, 13.0, 14.0, 15.0, 16.0, 17.0, 18.0, 19.0, 20.0, 21.0, 22.0, 23.0, 24.0, 25.0, 26.0, 27.0, 28.0, 29.0, 30.0, 31.0, 32.0, 33.0, 34.0, 35.0, 36.0, 37.0, 38.0, 39.0, 40.0, 41.0, 42.0, 43.0, 44.0, 45.0, 46.0, 47.0, 48.0, 49.0, 50.0, 51.0, 52.0, 53.0, 54.0, 55.0, 56.0, 57.0, 58.0, 59.0, 60.0, 61.0, 62.0, 63.0, 64.0, 65.0, 66.0, 67.0, 68.0, 69.0, 70.0, 71.0, 72.0, 73.0, 74.0, 75.0, 76.0, 77.0, 78.0, 79.0, 80.0, 81.0, 82.0, 83.0, 84.0, 85.0, 86.0, 87.0, 88.0, 89.0, 90.0, 91.0, 92.0, 93.0]","[1.0, 2.0, 3.0, 4.0, 5.0, 6.0, 7.0, 8.0, 9.0, 10.0, 11.0, 12.0, 13.0, 14.0, 15.0, 16.0, 17.0, 18.0, 19.0, 20.0, 21.0, 22.0, 23.0, 24.0, 25.0, 26.0, 27.0, 28.0, 29.0, 30.0, 31.0, 32.0, 33.0, 34.0, 35.0, 36.0, 37.0, 38.0, 39.0, 40.0, 41.0, 42.0, 43.0, 44.0, 45.0, 46.0, 47.0, 48.0, 49.0, 50.0, 51.0, 52.0, 53.0, 54.0, 55.0, 56.0, 57.0, 58.0, 59.0, 60.0, 61.0, 62.0, 63.0, 64.0, 65.0, 66.0, 67.0, 68.0, 69.0, 70.0, 71.0, 72.0, 73.0, 74.0, 75.0, 76.0, 77.0, 78.0, 79.0, 80.0, 81.0, 82.0, 83.0, 84.0, 85.0, 86.0, 87.0, 88.0, 89.0, 90.0, 91.0, 92.0, 93.0]","[65, 38, 17]",pyramid,3,<class 'torch.nn.modules.activation.Sigmoid'>,0.3,<class 'torch.optim.rmsprop.RMSprop'>,0.0014971632994811087,0.001,,32,False,kaiming_normal,exponential,{'gamma': 0.99},None,"[0.655503511428833, 0.6955804228782654, 0.6156544089317322, 0.5146310925483704, 0.6005748510360718, 0.610754668712616, 0.5595564246177673, 0.5028027892112732, 0.28441178798675537, 0.606368362903595, 0.6891554594039917, 0.5185081362724304, 0.6590903401374817, 0.4871818721294403, 0.5580125451087952, 0.5422022342681885, 0.4338541030883789, 0.6302079558372498, 0.4343319833278656, 0.574566662311554, 0.5944551229476929, 0.503768265247345, 0.4872996509075165, 0.5530325174331665, 0.6291490197181702, 0.7099583745002747, 0.5329157114028931, 0.4876072108745575, 0.6034340262413025, 0.5040100812911987, 0.48199328780174255, 0.4729061722755432, 0.5666776299476624, 0.6770630478858948, 0.6146384477615356, 0.3885425627231598, 0.5970513224601746, 0.8541693091392517, 0.5555135607719421, 0.6802845001220703, 0.5768393874168396, 0.48801782727241516, 0.4935232400894165, 0.5578588247299194, 0.5308816432952881, 0.5136215090751648, 0.6058530807495117, 0.44632306694984436, 0.5208003520965576, 0.516353964805603, 0.5701298117637634, 0.5529921054840088, 0.5538501143455505, 0.5432778000831604, 0.5607776045799255, 0.6557814478874207, 0.5036875605583191, 0.39227622747421265, 0.35443055629730225, 0.5237867832183838, 0.6119332909584045, 0.5174589157104492, 0.3950825035572052, 0.5368603467941284, 0.6104462146759033, 0.4578734040260315, 0.533939003944397, 0.42353495955467224, 0.6202594637870789, 0.5517269372940063, 0.5113194584846497, 0.46550673246383667, 0.43994367122650146, 0.534301221370697, 0.38513001799583435, 0.43580466508865356, 0.5150675177574158, 0.4734993577003479, 0.4350477457046509, 0.4358961284160614, 0.49690181016921997, 0.5061971545219421, 0.4273906648159027, 0.36456409096717834, 0.44489917159080505, 0.3298805356025696, 0.46760424971580505, 0.5715320110321045, 0.49311020970344543, 0.5707775950431824, 0.5584679841995239, 0.5556812286376953, 0.3076494634151459]","[0.65625, 0.59375, 0.71875, 0.84375, 0.71875, 0.71875, 0.78125, 0.84375, 1.0, 0.71875, 0.65625, 0.8125, 0.65625, 0.78125, 0.75, 0.75, 0.875, 0.6875, 0.84375, 0.75, 0.7368420958518982, 0.8125, 0.78125, 0.6875, 0.6875, 0.59375, 0.8125, 0.84375, 0.6875, 0.75, 0.8125, 0.84375, 0.75, 0.6875, 0.71875, 0.90625, 0.71875, 0.4285714626312256, 0.78125, 0.5625, 0.75, 0.8125, 0.8125, 0.71875, 0.71875, 0.71875, 0.6875, 0.875, 0.78125, 0.75, 0.71875, 0.71875, 0.75, 0.75, 0.71875, 0.65625, 0.8125, 0.9375, 0.90625, 0.71875, 0.6818181872367859, 0.71875, 0.90625, 0.75, 0.65625, 0.8125, 0.71875, 0.84375, 0.59375, 0.6875, 0.65625, 0.75, 0.75, 0.71875, 0.8125, 0.78125, 0.75, 0.75, 0.78125, 0.84375, 0.75, 0.71875, 0.8125, 0.8125, 0.78125, 0.84375, 0.78125, 0.6875, 0.6875, 0.65625, 0.6875, 0.71875, 0.9583333730697632]","[0.5810133254671671, 0.5883536539882063, 0.5800160363496069, 0.5637170169726912, 0.561114538864917, 0.5620716996939785, 0.5578598293913416, 0.5550357483955751, 0.5613405392112503, 0.5579279481646526, 0.553938546812678, 0.5542197787618063, 0.552888661263937, 0.5524094058088509, 0.5517396589359606, 0.5509301790271897, 0.5513788827930588, 0.5495974823652979, 0.5505543279360576, 0.5486640958900911, 0.5477437118449843, 0.5478048191731235, 0.5474597237196314, 0.545207010694297, 0.5437665667878576, 0.5446618644587965, 0.5418212025998587, 0.5402405696461, 0.5388955129198281, 0.5378090620759022, 0.5370924724153725, 0.5374904572963715, 0.5358541018991585, 0.5338617067739188, 0.5322920794946602, 0.5324597128902573, 0.5301754589540413, 0.5318455839731607, 0.5300767780786537, 0.5310303339038986, 0.5299696293940027, 0.5268077555909214, 0.524787884878825, 0.5230162481227553, 0.5212059502142021, 0.518110207405435, 0.5172236418149557, 0.5151146169168404, 0.5133133918406015, 0.5114761914115354, 0.509540798434292, 0.5078507762357413, 0.5060420309204653, 0.5043241654533938, 0.5025544949324734, 0.5040649563433176, 0.5007871985435486, 0.49940016829823874, 0.5009281585015446, 0.4972294238676508, 0.49393195631992387, 0.4914355608354132, 0.49415477356278753, 0.49219877676791457, 0.48859660201762095, 0.48720194094152336, 0.4856192236205181, 0.4846212504857994, 0.4810675903257117, 0.4794085758278169, 0.4772812860557832, 0.47558548256575345, 0.4727888143206217, 0.47191004437136364, 0.46940400478351546, 0.46696303515549165, 0.4649911777800824, 0.4627379071281617, 0.46127990857664364, 0.462152935654284, 0.4602724884647921, 0.45860781619347724, 0.45918904442385017, 0.4598897027682109, 0.45847409389105187, 0.4604404098298176, 0.4592270269451371, 0.45418503198278953, 0.4501122020813356, 0.4484342997332653, 0.4488810936370528, 0.4483547131699252, 0.4446662280214838]","[0.7515060240963856, 0.7515060240963856, 0.7515060240963856, 0.7515060240963856, 0.7515060240963856, 0.7515060240963856, 0.7515060240963856, 0.7515060240963856, 0.7515060240963856, 0.7515060240963856, 0.7515060240963856, 0.7515060240963856, 0.7515060240963856, 0.7515060240963856, 0.7515060240963856, 0.7515060240963856, 0.7515060240963856, 0.7515060240963856, 0.7515060240963856, 0.7515060240963856, 0.7515060240963856, 0.7515060240963856, 0.7515060240963856, 0.7515060240963856, 0.7515060240963856, 0.7515060240963856, 0.7515060240963856, 0.7515060240963856, 0.7515060240963856, 0.7515060240963856, 0.7515060240963856, 0.7515060240963856, 0.7515060240963856, 0.7515060240963856, 0.7515060240963856, 0.7515060240963856, 0.7515060240963856, 0.7515060240963856, 0.7515060240963856, 0.7515060240963856, 0.7515060240963856, 0.7515060240963856, 0.7515060240963856, 0.7515060240963856, 0.7515060240963856, 0.7515060240963856, 0.7515060240963856, 0.7515060240963856, 0.7515060240963856, 0.7515060240963856, 0.7515060240963856, 0.7515060240963856, 0.7515060240963856, 0.7515060240963856, 0.7515060240963856, 0.7515060240963856, 0.7515060240963856, 0.7515060240963856, 0.7515060240963856, 0.7515060240963856, 0.7515060240963856, 0.7515060240963856, 0.7515060240963856, 0.7515060240963856, 0.7515060240963856, 0.7515060240963856, 0.7515060240963856, 0.7515060240963856, 0.7515060240963856, 0.7515060240963856, 0.7515060240963856, 0.7515060240963856, 0.7515060240963856, 0.7515060240963856, 0.7515060240963856, 0.7515060240963856, 0.7515060240963856, 0.7515060240963856, 0.7515060240963856, 0.7515060240963856, 0.7515060240963856, 0.7515060240963856, 0.7515060240963856, 0.7515060240963856, 0.7515060240963856, 0.7515060240963856, 0.7515060240963856, 0.7515060240963856, 0.7515060240963856, 0.7515060240963856, 0.7515060240963856, 0.7515060240963856, 0.7515060240963856]",0.7551392222427534,0.0,False,"[0.005002021789550781, 0.0016295909881591797, 0.000997781753540039, 0.0020008087158203125, 0.001999378204345703, 0.002000093460083008, 0.001506805419921875, 0.0029990673065185547, 0.0019986629486083984, 0.0020003318786621094, 0.003001689910888672, 0.0015082359313964844, 0.0019989013671875, 0.001999378204345703, 0.0010039806365966797, 0.0019996166229248047, 0.0015017986297607422, 0.002001047134399414, 0.0030105113983154297, 0.002001047134399414, 0.0015072822570800781, 0.001999378204345703, 0.0015025138854980469, 0.002001047134399414, 0.0015063285827636719, 0.00099945068359375, 0.0025124549865722656, 0.0015044212341308594, 0.001998424530029297, 0.0019989013671875, 0.0020003318786621094, 0.0010006427764892578, 0.003010272979736328, 0.0019998550415039062, 0.0010056495666503906, 0.0009992122650146484, 0.0010004043579101562, 0.0015025138854980469, 0.0019979476928710938, 0.002000093460083008, 0.0010042190551757812, 0.002001523971557617, 0.0009987354278564453, 0.002000093460083008, 0.0015010833740234375, 0.0020012855529785156, 0.0025026798248291016, 0.0020024776458740234, 0.002002716064453125, 0.002006053924560547, 0.0010006427764892578, 0.0020003318786621094, 0.0015125274658203125, 0.0010001659393310547, 0.0020003318786621094, 0.0010123252868652344, 0.001998424530029297, 0.0019991397857666016, 0.0019998550415039062, 0.0009992122650146484, 0.0010030269622802734, 0.0019979476928710938, 0.002001523971557617, 0.0019991397857666016, 0.0020041465759277344, 0.001504659652709961, 0.002000570297241211, 0.0020034313201904297, 0.0025060176849365234, 0.0020017623901367188, 0.00150299072265625, 0.0019979476928710938, 0.0010001659393310547, 0.002004384994506836, 0.002503633499145508, 0.0010006427764892578, 0.0019996166229248047, 0.0019998550415039062, 0.002506732940673828, 0.0010046958923339844, 0.0010042190551757812, 0.0009984970092773438, 0.0010006427764892578, 0.0009999275207519531, 0.0020024776458740234, 0.00150299072265625, 0.0010039806365966797, 0.0015037059783935547, 0.0010004043579101562, 0.0014328956604003906, 0.0009996891021728516, 0.0010018348693847656, 0.0025081634521484375]","[9, 9, 12, 12, 17, 17, 23, 23, 32, 32]",4743,4743,0.6936104668569728,0.816667977628534,0.9583333730697632,0.3076494634151459,0.7515060240963856,0.4446662280214838,0.0,0.0
22,128,"[265, 371, 519, 726, 1016, 1422]",5,25,"[1.0, 1.0, 1.0, 1.0, 1.0, 1.0, 1.0, 1.0, 1.0, 1.0, 1.0, 1.0, 1.0, 1.0, 1.0, 1.0, 1.0, 1.0, 1.0, 1.0, 1.0, 1.0, 1.0, 1.0, 1.0]","[1.0, 2.0, 3.0, 4.0, 5.0, 6.0, 7.0, 8.0, 9.0, 10.0, 11.0, 12.0, 13.0, 14.0, 15.0, 16.0, 17.0, 18.0, 19.0, 20.0, 21.0, 22.0, 23.0, 24.0, 25.0]","[1.0, 2.0, 3.0, 4.0, 5.0, 6.0, 7.0, 8.0, 9.0, 10.0, 11.0, 12.0, 13.0, 14.0, 15.0, 16.0, 17.0, 18.0, 19.0, 20.0, 21.0, 22.0, 23.0, 24.0, 25.0]","[100, 89, 77, 77, 66, 64, 64, 47, 38, 31, 28, 17, 14, 17, 28, 31, 38, 47, 64, 64, 66, 77, 77, 89, 100]",hourglass,24,<class 'torch.nn.modules.activation.Tanh'>,0.1,<class 'torch.optim.rmsprop.RMSprop'>,0.0001070402904423327,1e-05,,128,False,kaiming_normal,cosine,{'T_max': 50},None,"[0.7199037671089172, 0.6743012070655823, 0.5359377264976501, 0.6532196402549744, 0.6294442415237427, 0.5973691344261169, 0.608453631401062, 0.5688415169715881, 0.6383794546127319, 0.6041395664215088, 0.5566126108169556, 0.6058356761932373, 0.625320315361023, 0.5953113436698914, 0.5664163827896118, 0.604275107383728, 0.5934104323387146, 0.6124166250228882, 0.6547425389289856, 0.6100868582725525, 0.5951971411705017, 0.5743332505226135, 0.5933236479759216, 0.5590836405754089, 0.5595254302024841]","[0.5546875, 0.5546875, 0.7777777910232544, 0.625, 0.6484375, 0.7130434513092041, 0.703125, 0.7109375, 0.640625, 0.6796875, 0.8571429252624512, 0.703125, 0.6953125, 0.7421875, 0.734375, 0.6796875, 0.7093023061752319, 0.6953125, 0.671875, 0.703125, 0.7421875, 0.7265625, 0.765625, 0.7265625, 0.7500000596046448]","[0.6160571402814015, 0.5900305215134678, 0.5835323326558952, 0.578506448182715, 0.5675628012921436, 0.5663777618523104, 0.5620396072606006, 0.5598758150296039, 0.5633162331868367, 0.5667377035301852, 0.5691837704325297, 0.5683375288204975, 0.5647142026797835, 0.5629343918289047, 0.5629237136208868, 0.5659400468849274, 0.5689021252005934, 0.5684049589088164, 0.565889161035239, 0.5641430810273412, 0.5622013189706457, 0.5618451180228268, 0.5599367036876908, 0.5604978972170727, 0.5595799325460411]","[0.6792168674698795, 0.7454819277108434, 0.7515060240963856, 0.7515060240963856, 0.7515060240963856, 0.7515060240963856, 0.75, 0.75, 0.75, 0.7515060240963856, 0.7515060240963856, 0.7515060240963856, 0.7515060240963856, 0.7515060240963856, 0.7515060240963856, 0.7515060240963856, 0.7515060240963856, 0.7515060240963856, 0.7515060240963856, 0.7515060240963856, 0.7515060240963856, 0.7515060240963856, 0.7515060240963856, 0.7515060240963856, 0.7515060240963856]",0.7611382578062829,0.0,False,"[0.010010719299316406, 0.008313417434692383, 0.006016731262207031, 0.006262063980102539, 0.007005214691162109, 0.0070002079010009766, 0.006502389907836914, 0.009021520614624023, 0.006506919860839844, 0.00650477409362793, 0.007010936737060547, 0.007019519805908203, 0.0070095062255859375, 0.006598711013793945, 0.007517814636230469, 0.008009672164916992, 0.0065076351165771484, 0.006886482238769531, 0.00599980354309082, 0.0063953399658203125, 0.007632017135620117, 0.007014274597167969, 0.006520986557006836, 0.007525444030761719, 0.0060160160064697266]","[3, 3, 3, 3, 5, 5, 6, 6, 8, 8]",1275,1275,0.6389011235206035,0.8833753920919623,0.7500000596046448,0.5595254302024841,0.7515060240963856,0.5595799325460411,0.0,0.0
23,512,"[265, 371, 519, 726, 1016, 1422]",5,8,"[1.0, 1.0, 1.0, 1.0, 1.0, 1.0, 1.0, 1.0]","[1.0, 2.0, 3.0, 4.0, 5.0, 6.0, 7.0, 8.0]","[1.0, 2.0, 3.0, 4.0, 5.0, 6.0, 7.0, 8.0]","[69, 69, 69, 69, 69, 69, 69, 69, 69, 69, 69, 69, 69, 69, 69, 69]",constant,16,<class 'torch.nn.modules.activation.LeakyReLU'>,0.0,<class 'torch.optim.rmsprop.RMSprop'>,0.00012072674410875348,0.001,,512,True,kaiming_uniform,cosine,{'T_max': 50},None,"[160.6553955078125, 22.41364097595215, 85.23820495605469, 148.2071075439453, 8.079151153564453, 10.415529251098633, 14.05802059173584, 5.714087963104248]","[0.7509434223175049, 0.7466307282447815, 0.255859375, 0.5714285969734192, 0.67578125, 0.5186915993690491, 0.744140625, 0.6587302088737488]","[18.758957759443536, 86.70843441515083, 52.96662282369223, 7.789965939809041, 10.268185075507107, 13.951383946889854, 6.256801145622529, 6.030444897801043]","[0.7469879518072289, 0.2545180722891566, 0.7515060240963856, 0.7123493975903614, 0.5466867469879518, 0.7515060240963856, 0.6385542168674698, 0.7575301204819277]",0.7119251859192947,0.0,False,"[0.004506349563598633, 0.00500798225402832, 0.004515886306762695, 0.005019426345825195, 0.004999876022338867, 0.004000186920166016, 0.0035049915313720703, 0.00299835205078125]","[1, 1, 1, 1, 2, 2, 2, 2, 2, 2]",408,408,0.5120341973070639,0.9118161745315254,0.6587302088737488,5.714087963104248,0.7575301204819277,6.030444897801043,0.0,0.0
24,512,"[265, 371, 519, 726, 1016, 1422]",5,8,"[1.0, 1.0, 1.0, 1.0, 1.0, 1.0, 1.0, 1.0]","[1.0, 2.0, 3.0, 4.0, 5.0, 6.0, 7.0, 8.0]","[1.0, 2.0, 3.0, 4.0, 5.0, 6.0, 7.0, 8.0]","[12, 12, 19, 21, 23, 44, 49, 62, 93]",inv_pyramid,9,<class 'torch.nn.modules.activation.Tanh'>,0.2,<class 'torch.optim.adam.Adam'>,0.04335120795923277,1e-05,,512,True,xavier_normal,cosine,{'T_max': 100},None,"[0.7520009875297546, 0.8199125528335571, 1.4574239253997803, 1.1526248455047607, 0.7545726895332336, 0.8134480118751526, 0.9465179443359375, 0.6707635521888733]","[0.3547169864177704, 0.5309972763061523, 0.673828125, 0.4285714626312256, 0.5546875, 0.7102803587913513, 0.71484375, 0.7321429252624512]","[0.8307823984019728, 1.3591318360294204, 1.5550978212471467, 0.6705704137503382, 0.9445440618388624, 0.9991132652903177, 0.6268321261348495, 0.9093091394527849]","[0.40210843373493976, 0.7048192771084337, 0.24849397590361447, 0.7469879518072289, 0.6852409638554217, 0.6987951807228916, 0.7484939759036144, 0.3132530120481928]",0.6400665298785361,0.0,False,"[0.004000425338745117, 0.0035033226013183594, 0.003000974655151367, 0.003000020980834961, 0.004018306732177734, 0.0025043487548828125, 0.0035104751586914062, 0.0030040740966796875]","[1, 1, 1, 1, 2, 2, 2, 2, 2, 2]",408,408,0.3784028229077882,0.9017302368492839,0.7321429252624512,0.6707635521888733,0.3132530120481928,0.9093091394527849,0.0,0.0
25,64,"[265, 371, 519, 726, 1016, 1422]",5,48,"[1.0, 1.0, 1.0, 1.0, 1.0, 1.0, 1.0, 1.0, 1.0, 1.0, 1.0, 1.0, 1.0, 1.0, 1.0, 1.0, 1.0, 1.0, 1.0, 1.0, 1.0, 1.0, 1.0, 1.0, 1.0, 1.0, 1.0, 1.0, 1.0, 1.0, 1.0, 1.0, 1.0, 1.0, 1.0, 1.0, 1.0, 1.0, 1.0, 1.0, 1.0, 1.0, 1.0, 1.0, 1.0, 1.0, 1.0, 1.0]","[1.0, 2.0, 3.0, 4.0, 5.0, 6.0, 7.0, 8.0, 9.0, 10.0, 11.0, 12.0, 13.0, 14.0, 15.0, 16.0, 17.0, 18.0, 19.0, 20.0, 21.0, 22.0, 23.0, 24.0, 25.0, 26.0, 27.0, 28.0, 29.0, 30.0, 31.0, 32.0, 33.0, 34.0, 35.0, 36.0, 37.0, 38.0, 39.0, 40.0, 41.0, 42.0, 43.0, 44.0, 45.0, 46.0, 47.0, 48.0]","[1.0, 2.0, 3.0, 4.0, 5.0, 6.0, 7.0, 8.0, 9.0, 10.0, 11.0, 12.0, 13.0, 14.0, 15.0, 16.0, 17.0, 18.0, 19.0, 20.0, 21.0, 22.0, 23.0, 24.0, 25.0, 26.0, 27.0, 28.0, 29.0, 30.0, 31.0, 32.0, 33.0, 34.0, 35.0, 36.0, 37.0, 38.0, 39.0, 40.0, 41.0, 42.0, 43.0, 44.0, 45.0, 46.0, 47.0, 48.0]","[6, 48, 38, 30, 4, 83, 4, 3, 3, 96, 54]",irregular,11,<class 'torch.nn.modules.activation.GELU'>,0.2,<class 'torch.optim.adam.Adam'>,0.06740674955757228,0.001,,64,True,kaiming_normal,none,{},None,"[0.6550981998443604, 5.707817554473877, 0.9423810839653015, 0.5754536390304565, 2.945887327194214, 0.35759010910987854, 0.9310587048530579, 0.5456774234771729, 0.7126129269599915, 0.677980363368988, 0.6184345483779907, 0.5854102373123169, 0.6192339658737183, 0.5909592509269714, 0.7056404948234558, 0.7581080198287964, 0.6388821005821228, 0.4991413354873657, 0.6274783611297607, 0.3735670745372772, 0.6632794141769409, 0.5627197027206421, 0.7998606562614441, 0.6320251822471619, 0.7611597776412964, 0.46120744943618774, 0.5950640439987183, 0.666541576385498, 0.5142813324928284, 0.6934980750083923, 0.4960154891014099, 0.4800102114677429, 0.6774214506149292, 0.5301758646965027, 0.6414667963981628, 0.6339471936225891, 0.5311247706413269, 0.505105197429657, 0.5812751054763794, 0.4829319715499878, 0.6251445412635803, 0.5892372727394104, 0.5797279477119446, 0.6229656934738159, 0.5611117482185364, 0.604697585105896, 0.5800140500068665, 0.5562153458595276]","[0.734375, 0.6875, 0.265625, 0.765625, 0.4444444477558136, 0.890625, 0.640625, 0.703125, 0.578125, 0.625, 0.6666666865348816, 0.78125, 0.71875, 0.765625, 0.65625, 0.4375, 0.671875, 0.828125, 0.75, 0.8571429252624512, 0.734375, 0.75, 0.484375, 0.734375, 0.625, 0.828125, 0.75, 0.703125, 0.796875, 0.671875, 0.828125, 0.8181818723678589, 0.6875, 0.78125, 0.71875, 0.703125, 0.796875, 0.8125, 0.75, 0.8125, 0.734375, 0.734375, 0.765625, 0.6875, 0.765625, 0.734375, 0.734375, 0.7678571939468384]","[2.5864313115556556, 0.811171419649239, 0.5688891604722265, 0.922050292951515, 0.5965777247785086, 0.6683729535125824, 0.5671232651515179, 0.6105442427727114, 0.5790757784642369, 0.5699362830225244, 0.5963862017694727, 0.6060912400843149, 0.5899261760424419, 0.5631234380136053, 0.6608917863972216, 0.5769403167517788, 0.5862626548273018, 0.6637951832219778, 0.6809842098190124, 0.6398328786872955, 0.5642341964216118, 0.5991489779518311, 0.5619981928044054, 0.5876919620008354, 0.5798530779689192, 0.574531586055296, 0.5663223194788738, 0.5606802522418011, 0.5612683210028223, 0.5631373912455088, 0.5607053210218269, 0.5724623221230795, 0.5719447114381445, 0.5679755824876119, 0.5618471876684442, 0.561387378049184, 0.5619418649788362, 0.5615177585417965, 0.5686625156057886, 0.5817403200879154, 0.5809429208916354, 0.5730398771274521, 0.5670265164001879, 0.5609203246702631, 0.561487480100379, 0.5640955395009144, 0.562053454209523, 0.5610395318054291]","[0.7515060240963856, 0.24849397590361447, 0.7515060240963856, 0.7018072289156626, 0.7515060240963856, 0.7515060240963856, 0.7515060240963856, 0.7515060240963856, 0.7515060240963856, 0.7515060240963856, 0.7515060240963856, 0.7515060240963856, 0.7515060240963856, 0.7515060240963856, 0.7515060240963856, 0.7515060240963856, 0.7515060240963856, 0.7515060240963856, 0.7515060240963856, 0.7515060240963856, 0.7515060240963856, 0.7515060240963856, 0.7515060240963856, 0.7515060240963856, 0.7515060240963856, 0.7515060240963856, 0.7515060240963856, 0.7515060240963856, 0.7515060240963856, 0.7515060240963856, 0.7515060240963856, 0.7515060240963856, 0.7515060240963856, 0.7515060240963856, 0.7515060240963856, 0.7515060240963856, 0.7515060240963856, 0.7515060240963856, 0.7515060240963856, 0.7515060240963856, 0.7515060240963856, 0.7515060240963856, 0.7515060240963856, 0.7515060240963856, 0.7515060240963856, 0.7515060240963856, 0.7515060240963856, 0.7515060240963856]",0.771409550285516,0.0,False,"[0.003998279571533203, 0.004511594772338867, 0.006014585494995117, 0.0020411014556884766, 0.003000974655151367, 0.0039997100830078125, 0.00400090217590332, 0.00550389289855957, 0.003999948501586914, 0.0044786930084228516, 0.004421710968017578, 0.0035071372985839844, 0.004003763198852539, 0.0030100345611572266, 0.004008293151855469, 0.004000186920166016, 0.003998279571533203, 0.003999948501586914, 0.003513336181640625, 0.004505157470703125, 0.002999544143676758, 0.004000186920166016, 0.005000114440917969, 0.003501415252685547, 0.0029997825622558594, 0.002192974090576172, 0.0039997100830078125, 0.00480341911315918, 0.0025033950805664062, 0.003001689910888672, 0.004008769989013672, 0.003508329391479492, 0.003999948501586914, 0.003505229949951172, 0.0030159950256347656, 0.003999233245849609, 0.0030012130737304688, 0.0033881664276123047, 0.003001689910888672, 0.003998517990112305, 0.003000020980834961, 0.003004312515258789, 0.0029959678649902344, 0.002999544143676758, 0.0035071372985839844, 0.003000974655151367, 0.003849029541015625, 0.003999948501586914]","[5, 5, 6, 6, 9, 9, 12, 12, 16, 16]",2448,2448,0.6758585131685778,0.8669605874024543,0.7678571939468384,0.5562153458595276,0.7515060240963856,0.5610395318054291,0.0,0.0
