id,forecasted_val_acc,forecasted_CI_high,forecasted_CI_low,forecast_horizon_time,fidelity_val_acc,fidelity_val_loss,fidelity_train_acc,fidelity_train_loss,learning_curve
8,0.8590497092236162,1.0,0.5849239894482374,459,0.878698224852071,0.35084399580955505,0.8432672222455343,0.3892492751280467,"{'es_train_losses': [0.7411444783210754, 0.6834867397944132, 0.6315337618192037, 0.5718356172243754, 0.5266682406266531, 0.49256449937820435, 0.4553050994873047, 0.43559402227401733, 0.42357279856999713, 0.4082692265510559, 0.4085165858268738, 0.4038544197877248, 0.39633888006210327, 0.3854171633720398, 0.3892492751280467, 0.40664563576380414, 0.3825862209002177, 0.39112403988838196, 0.38450587789217633, 0.38941983381907147, 0.376359502474467, 0.37581583857536316, 0.373549481232961, 0.3923649887243907, 0.3737640082836151, 0.3693299988905589, 0.36517831683158875, 0.3797928790251414, 0.3709534207979838, 0.37881173690160114, 0.3729328711827596, 0.3737322886784871, 0.38341909646987915, 0.3751686116059621, 0.37117454409599304, 0.3658200701077779, 0.3623077670733134, 0.36999009052912396, 0.3729560176531474, 0.36551182468732196, 0.36899999777475995, 0.3640667100747426, 0.3775413930416107, 0.3621848523616791, 0.36231804887453717], 'es_val_losses': [0.6944181323051453, 0.6314311623573303, 0.5735135674476624, 0.5221914052963257, 0.47806981205940247, 0.4413534700870514, 0.4123161733150482, 0.3909534811973572, 0.3769233822822571, 0.3687826991081238, 0.36376532912254333, 0.3588736653327942, 0.3552858829498291, 0.3525446653366089, 0.35084399580955505, 0.35028934478759766, 0.3501231074333191, 0.3501364588737488, 0.35035440325737, 0.3506443202495575, 0.35133638978004456, 0.35191914439201355, 0.3528713583946228, 0.35379013419151306, 0.35465681552886963, 0.3550366461277008, 0.35511431097984314, 0.3549085259437561, 0.35437294840812683, 0.3543025851249695, 0.354362815618515, 0.354739248752594, 0.35530540347099304, 0.3552446663379669, 0.3552631735801697, 0.35570859909057617, 0.3560945689678192, 0.35631585121154785, 0.35626161098480225, 0.35615795850753784, 0.35672011971473694, 0.3567332327365875, 0.35685068368911743, 0.3562963902950287, 0.3557051122188568], 'es_train_accs': [0.3669771651426951, 0.5518749952316284, 0.7157512108484904, 0.8106790781021118, 0.8206590612729391, 0.8376662731170654, 0.8446494340896606, 0.8386738697687784, 0.8378265301386515, 0.8434094587961832, 0.8408233126004537, 0.8301121791203817, 0.8403505682945251, 0.852756400903066, 0.8432672222455343, 0.8347676197687784, 0.8487520019213358, 0.8472355802853903, 0.8524619340896606, 0.8488141099611918, 0.8544330994288126, 0.8478064934412638, 0.8525601029396057, 0.8412780364354452, 0.8522836565971375, 0.8491265972455343, 0.8513561685880026, 0.8501342137654623, 0.8516326149304708, 0.8452644149462382, 0.8539603352546692, 0.858615775903066, 0.8459334969520569, 0.8477083245913187, 0.8446314136187235, 0.8574919899304708, 0.8507051269213358, 0.8519090612729391, 0.8485556840896606, 0.8587760329246521, 0.8545933564503988, 0.8562880555788676, 0.8512399792671204, 0.8470753232638041, 0.8516145745913187], 'es_val_accs': [0.5029585798816568, 0.8461538461538461, 0.8579881656804734, 0.8579881656804734, 0.8609467455621301, 0.8609467455621301, 0.8579881656804734, 0.8579881656804734, 0.8461538461538461, 0.849112426035503, 0.8461538461538461, 0.8520710059171598, 0.863905325443787, 0.8727810650887574, 0.878698224852071, 0.8668639053254438, 0.863905325443787, 0.863905325443787, 0.8727810650887574, 0.8727810650887574, 0.8727810650887574, 0.8727810650887574, 0.878698224852071, 0.8757396449704142, 0.8698224852071006, 0.8668639053254438, 0.8698224852071006, 0.8727810650887574, 0.8757396449704142, 0.8727810650887574, 0.8698224852071006, 0.8698224852071006, 0.8668639053254438, 0.8698224852071006, 0.8698224852071006, 0.8698224852071006, 0.8698224852071006, 0.8698224852071006, 0.8698224852071006, 0.8698224852071006, 0.8668639053254438, 0.8668639053254438, 0.8668639053254438, 0.8698224852071006, 0.8698224852071006]}"
4,0.9441837309755138,1.0,0.6073349662498879,459,0.8727810650887574,0.367511510848999,0.8351602554321289,0.42756766080856323,"{'es_train_losses': [0.7042738993962606, 0.4704791108767192, 0.4385464588801066, 0.45538462201754254, 0.4192947447299957, 0.44055435061454773, 0.4155673384666443, 0.4129304885864258, 0.42756766080856323, 0.4170224368572235, 0.40673598647117615, 0.4172074496746063, 0.39970796306927997, 0.40935906767845154, 0.4044567445913951, 0.40348949035008747, 0.39189525445302326, 0.3895884056886037, 0.4057559072971344, 0.40105271339416504, 0.38564533988634747, 0.3776409824689229, 0.39505622784296673, 0.3956374526023865, 0.38633260130882263, 0.3749968111515045, 0.38702783981959027, 0.3958945572376251, 0.37457244594891864, 0.37431657314300537, 0.40003323554992676, 0.37214423219362897, 0.36575189232826233, 0.3672022819519043, 0.38023417194684345, 0.36287136872609455, 0.3829269806543986, 0.36664005120595294, 0.37453510363896686], 'es_val_losses': [0.36947888135910034, 0.35629406571388245, 0.4011279344558716, 0.3880595862865448, 0.3565329313278198, 0.35483816266059875, 0.3694651424884796, 0.36736539006233215, 0.367511510848999, 0.3586196303367615, 0.3616625666618347, 0.35779455304145813, 0.3558855950832367, 0.3591155707836151, 0.37112489342689514, 0.35510316491127014, 0.3626432716846466, 0.3674992322921753, 0.3559000492095947, 0.35964271426200867, 0.3576919138431549, 0.36374229192733765, 0.3592802882194519, 0.3546436131000519, 0.35558369755744934, 0.3558652400970459, 0.35546040534973145, 0.37298253178596497, 0.3683900237083435, 0.3615259826183319, 0.3594956696033478, 0.3586338758468628, 0.36371850967407227, 0.3580893278121948, 0.3599686622619629, 0.3574505150318146, 0.36086294054985046, 0.3616655766963959, 0.3746079206466675], 'es_train_accs': [0.5604647397994995, 0.8183133006095886, 0.8363822102546692, 0.8279627362887064, 0.8240745266278585, 0.8299339016278585, 0.8356149792671204, 0.8363461494445801, 0.8351602554321289, 0.8376842935880026, 0.8396995266278585, 0.8354186614354452, 0.8368369340896606, 0.8445693055788676, 0.8357752362887064, 0.8360877434412638, 0.8463080922762553, 0.838219145933787, 0.8329927921295166, 0.8396995266278585, 0.8511418302853903, 0.8491887052853903, 0.84210737546285, 0.8409214814503988, 0.8401903112729391, 0.8414923946062723, 0.8439182639122009, 0.8410817384719849, 0.844078520933787, 0.8453806042671204, 0.8310396671295166, 0.855717142422994, 0.8490284482638041, 0.8545132279396057, 0.8487339814503988, 0.8630929390589396, 0.852818508942922, 0.8610416650772095, 0.8538621862729391], 'es_val_accs': [0.8520710059171598, 0.8520710059171598, 0.8254437869822485, 0.7928994082840237, 0.863905325443787, 0.8579881656804734, 0.8372781065088757, 0.8609467455621301, 0.8727810650887574, 0.8668639053254438, 0.8698224852071006, 0.8698224852071006, 0.8431952662721893, 0.8609467455621301, 0.8579881656804734, 0.8668639053254438, 0.8579881656804734, 0.8550295857988166, 0.8727810650887574, 0.8550295857988166, 0.8668639053254438, 0.8668639053254438, 0.8698224852071006, 0.8698224852071006, 0.8698224852071006, 0.8698224852071006, 0.8698224852071006, 0.8431952662721893, 0.8520710059171598, 0.8727810650887574, 0.8609467455621301, 0.863905325443787, 0.8698224852071006, 0.8579881656804734, 0.863905325443787, 0.8668639053254438, 0.863905325443787, 0.8550295857988166, 0.8402366863905325]}"
10,0.6633375107436621,1.0,0.11686750576972543,918,0.8727810650887574,0.3556635282801453,0.8672063748041788,0.28134074807167053,"{'es_train_losses': [0.5107158422470093, 0.39355771740277606, 0.37281444668769836, 0.372082456946373, 0.3423433502515157, 0.35674526790777844, 0.3569244494040807, 0.3247394561767578, 0.35247714320818585, 0.36099883417288464, 0.3339253415664037, 0.3478821615378062, 0.32134657104810077, 0.332241952419281, 0.32234809796015423, 0.3111876944700877, 0.31962960958480835, 0.3091287116209666, 0.3034584199388822, 0.3104343165953954, 0.3106018801530202, 0.3147732615470886, 0.30036013821760815, 0.30620017151037854, 0.2995808074871699, 0.2937692850828171, 0.29371583461761475, 0.295248344540596, 0.3126460562149684, 0.29997352262338, 0.28450876226027805, 0.27395738909641904, 0.2708074475328128, 0.28296807905038196, 0.2746840516726176, 0.2731550683577855, 0.28134074807167053, 0.27409280836582184, 0.2794770449399948, 0.25275147209564847, 0.275504266222318, 0.25911952555179596, 0.2682927226026853, 0.24289235969384512, 0.2520255148410797, 0.22707595179478327, 0.23558814575274786, 0.2424841970205307, 0.2325083389878273, 0.22758814692497253, 0.22292075802882513, 0.2258544315894445, 0.2505323936541875, 0.2458718717098236, 0.2696692893902461, 0.25861162692308426, 0.23855869472026825, 0.22614498933156332, 0.24073113004366556, 0.2346732864777247, 0.23576991508404413, 0.2167437200744947, 0.20855666945377985, 0.20429462442795435, 0.21148778001467386, 0.19550755868355432, 0.2083254928390185], 'es_val_losses': [0.3998584734970296, 0.38314217734619005, 0.366974329454659, 0.36749102378032616, 0.3622291467246219, 0.3614576194413315, 0.35819308115885806, 0.3509990786306957, 0.3695453634628883, 0.3530805516525133, 0.35870700686640994, 0.3526862408282489, 0.34566001382452494, 0.366763145436902, 0.35532178610739623, 0.3556565478355927, 0.3580816964778674, 0.35112612116971664, 0.3538985497500064, 0.3627321914102904, 0.37650116123038635, 0.35801221879981676, 0.3557093725401974, 0.3496974493272206, 0.3769348217890813, 0.36157875177422927, 0.3727606965239937, 0.3888614170650053, 0.3855051179609355, 0.34464855157059326, 0.3562024800029732, 0.3807593402425213, 0.3868615588492896, 0.3910892842083993, 0.3736904344615146, 0.39495463325427127, 0.3556635282801453, 0.34759257725004616, 0.3866790081622333, 0.39069708441136153, 0.39832150124939236, 0.378585163305497, 0.37574981056021517, 0.41582162722328003, 0.3871563175726219, 0.4205406022495067, 0.43151461090561904, 0.3852435551451508, 0.4224964489598246, 0.4177749146371198, 0.40769744254428253, 0.4008518887694771, 0.38592726979735337, 0.3842548385879697, 0.4288044139831024, 0.4086291961063295, 0.42921781769165623, 0.4042564820961134, 0.4671264336659358, 0.4121034036021261, 0.3865508849804218, 0.4203046098263306, 0.49680919231042353, 0.47643345982365354, 0.46807115987913145, 0.47852610025180164, 0.4921345202880498], 'es_train_accs': [0.8462881247202555, 0.8409948746363322, 0.8485148747762045, 0.8389568229516348, 0.85334579149882, 0.84731658299764, 0.8437877396742502, 0.8659892082214355, 0.84926970799764, 0.8370036979516348, 0.8494584163029989, 0.8491847813129425, 0.8602336247762045, 0.8544780413309733, 0.8643285830815634, 0.86302649974823, 0.86497962474823, 0.8659042914708456, 0.8657155831654867, 0.8587428331375122, 0.8584692080815634, 0.8646022081375122, 0.8673950831095377, 0.8564311663309733, 0.87092391649882, 0.8678574164708456, 0.8694331248601278, 0.8664704163869222, 0.8695369164148966, 0.8626490831375122, 0.86905570824941, 0.8802272081375122, 0.87279212474823, 0.8778117497762045, 0.8756699164708456, 0.8729808330535889, 0.8672063748041788, 0.8780004580815634, 0.8801422913869222, 0.88459579149882, 0.8783778746922811, 0.8908325831095377, 0.8828313748041788, 0.8978053331375122, 0.8953898747762045, 0.9109110832214355, 0.90217391649882, 0.9007869164148966, 0.9065424998601278, 0.9078445831934611, 0.9145437081654867, 0.9031174580256144, 0.8843221664428711, 0.8953049580256144, 0.8681310415267944, 0.8830200831095377, 0.8993810415267944, 0.90412704149882, 0.9029287497202555, 0.9011454582214355, 0.9091466665267944, 0.9255076249440511, 0.9230072498321533, 0.9265360832214355, 0.9200256665547689, 0.9271871248881022, 0.9182612498601278], 'es_val_accs': [0.8461538461538461, 0.8461538461538461, 0.8520710059171598, 0.8461538461538461, 0.8609467455621301, 0.8609467455621301, 0.8402366863905325, 0.8579881656804734, 0.834319526627219, 0.8550295857988166, 0.8520710059171598, 0.8609467455621301, 0.863905325443787, 0.834319526627219, 0.8520710059171598, 0.849112426035503, 0.8313609467455622, 0.8579881656804734, 0.8520710059171598, 0.8431952662721893, 0.8579881656804734, 0.8520710059171598, 0.8431952662721893, 0.8579881656804734, 0.8284023668639053, 0.8431952662721893, 0.8165680473372781, 0.8372781065088757, 0.8224852071005917, 0.8579881656804734, 0.8431952662721893, 0.849112426035503, 0.8461538461538461, 0.8520710059171598, 0.8313609467455622, 0.8076923076923077, 0.8727810650887574, 0.8372781065088757, 0.8254437869822485, 0.8579881656804734, 0.8224852071005917, 0.8579881656804734, 0.8461538461538461, 0.8254437869822485, 0.8520710059171598, 0.849112426035503, 0.8431952662721893, 0.849112426035503, 0.8313609467455622, 0.8372781065088757, 0.8372781065088757, 0.8313609467455622, 0.8520710059171598, 0.8431952662721893, 0.8224852071005917, 0.8136094674556213, 0.8402366863905325, 0.8313609467455622, 0.8047337278106509, 0.8224852071005917, 0.834319526627219, 0.8313609467455622, 0.8195266272189349, 0.8165680473372781, 0.8402366863905325, 0.849112426035503, 0.8402366863905325]}"
3,0.7489202597774964,1.0,0.2061420035890209,459,0.8698224852071006,0.374025821685791,0.8556550542513529,0.3611004054546356,"{'es_train_losses': [0.5189382235209147, 0.42126065492630005, 0.39865102370580036, 0.396562655766805, 0.3873302737871806, 0.402111957470576, 0.3885048528512319, 0.3917330304781596, 0.3812975287437439, 0.38834476470947266, 0.3797893524169922, 0.38155383865038556, 0.370216170946757, 0.38104061285654706, 0.39040757218996686, 0.36584216356277466, 0.36615079641342163, 0.37934765219688416, 0.36077000697453815, 0.3717123468716939, 0.3784022430578868, 0.36791911721229553, 0.37023359537124634, 0.3674438496430715, 0.3669292132059733, 0.3721648653348287, 0.3690859576066335, 0.36769991119702655, 0.3633744915326436, 0.37920201818148297, 0.35986079772313434, 0.3740352789560954, 0.37634215752283734, 0.3671714663505554, 0.3599047561486562, 0.3656536142031352, 0.36747467517852783, 0.3727027078469594, 0.35475732882817584, 0.3611004054546356, 0.36777493357658386, 0.3634556531906128, 0.3750288387139638, 0.3642953336238861, 0.35441147287686664, 0.3760257164637248, 0.3619079291820526, 0.3629879156748454, 0.36286766330401105, 0.35967035094896954, 0.3703313072522481, 0.36137330532073975, 0.35862382253011066, 0.3664773106575012, 0.3585517803827922, 0.3523382941881816, 0.3614570697148641, 0.36495370666186017, 0.3603806694348653, 0.3542051911354065, 0.3663869599501292, 0.36322230100631714, 0.3524189591407776, 0.35834452509880066, 0.3619011342525482, 0.35280723373095196, 0.3523845473925273, 0.35790236790974933, 0.3563951253890991, 0.35882410407066345], 'es_val_losses': [0.4273821711540222, 0.3753317594528198, 0.37883204221725464, 0.3796982169151306, 0.3701149821281433, 0.37307190895080566, 0.38562241196632385, 0.3693239092826843, 0.37554028630256653, 0.37637266516685486, 0.3744968771934509, 0.36820173263549805, 0.3748586177825928, 0.37866634130477905, 0.3737872540950775, 0.3716347813606262, 0.3677230179309845, 0.36958006024360657, 0.3787010610103607, 0.3821620047092438, 0.3686182200908661, 0.3751290738582611, 0.3668294847011566, 0.36670318245887756, 0.3837129473686218, 0.36606961488723755, 0.371677964925766, 0.3831648826599121, 0.3716563582420349, 0.36655887961387634, 0.3842972218990326, 0.36620548367500305, 0.362742155790329, 0.3619537353515625, 0.36542025208473206, 0.3656550943851471, 0.3729126453399658, 0.35812970995903015, 0.37753498554229736, 0.374025821685791, 0.36517441272735596, 0.37263017892837524, 0.36579930782318115, 0.36554718017578125, 0.3672543466091156, 0.36497920751571655, 0.3673163056373596, 0.36208343505859375, 0.35760781168937683, 0.38178926706314087, 0.35751649737358093, 0.36037468910217285, 0.36210301518440247, 0.36637452244758606, 0.37068021297454834, 0.36972665786743164, 0.3656894564628601, 0.37391677498817444, 0.37171950936317444, 0.38259100914001465, 0.366786926984787, 0.37358906865119934, 0.3663024306297302, 0.36507487297058105, 0.3634352684020996, 0.3733385503292084, 0.36867183446884155, 0.3701115548610687, 0.3617735505104065, 0.36433589458465576], 'es_train_accs': [0.830326517422994, 0.8326181968053182, 0.835240383942922, 0.8338761925697327, 0.8423036932945251, 0.8338221112887064, 0.8460496862729391, 0.832421878973643, 0.8359094460805258, 0.8355969587961832, 0.8413942257563273, 0.8463080922762553, 0.8375681042671204, 0.8446314136187235, 0.839146633942922, 0.8407431840896606, 0.8395212292671204, 0.8415725231170654, 0.8513561685880026, 0.8397175470987955, 0.8453004757563273, 0.8501522342363993, 0.8439002434412638, 0.8404667377471924, 0.8456931114196777, 0.8409034411112467, 0.8393068909645081, 0.8396013577779134, 0.848930279413859, 0.8383173147837321, 0.8480028112729391, 0.8399138649304708, 0.8492247660954794, 0.8423397342363993, 0.8538802067438761, 0.8409214814503988, 0.8431510329246521, 0.8484575351079305, 0.8468790054321289, 0.8556550542513529, 0.8393249114354452, 0.843070904413859, 0.8462279637654623, 0.8526582519213358, 0.8497776389122009, 0.842045267422994, 0.8456931114196777, 0.8454607327779134, 0.8502323627471924, 0.8385757207870483, 0.840172270933787, 0.848930279413859, 0.8456750710805258, 0.8424999912579855, 0.8501342137654623, 0.844078520933787, 0.8434274792671204, 0.8513381481170654, 0.8465044101079305, 0.8319851756095886, 0.8415725231170654, 0.8368189136187235, 0.8465044101079305, 0.8505088090896606, 0.8492067257563273, 0.8397976756095886, 0.8536658684412638, 0.8485376636187235, 0.8437399864196777, 0.8545312484105428], 'es_val_accs': [0.8461538461538461, 0.8461538461538461, 0.8461538461538461, 0.8461538461538461, 0.8461538461538461, 0.8461538461538461, 0.8461538461538461, 0.8461538461538461, 0.8461538461538461, 0.8461538461538461, 0.8461538461538461, 0.8461538461538461, 0.8461538461538461, 0.8461538461538461, 0.8461538461538461, 0.8461538461538461, 0.8461538461538461, 0.8461538461538461, 0.8461538461538461, 0.8461538461538461, 0.8461538461538461, 0.8461538461538461, 0.8461538461538461, 0.8461538461538461, 0.8461538461538461, 0.8461538461538461, 0.8461538461538461, 0.8402366863905325, 0.8550295857988166, 0.8461538461538461, 0.849112426035503, 0.8461538461538461, 0.8461538461538461, 0.8461538461538461, 0.849112426035503, 0.8461538461538461, 0.863905325443787, 0.8461538461538461, 0.8550295857988166, 0.8698224852071006, 0.863905325443787, 0.8461538461538461, 0.8461538461538461, 0.849112426035503, 0.8609467455621301, 0.8461538461538461, 0.8461538461538461, 0.8550295857988166, 0.8550295857988166, 0.8165680473372781, 0.8461538461538461, 0.8668639053254438, 0.849112426035503, 0.8668639053254438, 0.863905325443787, 0.8668639053254438, 0.863905325443787, 0.8402366863905325, 0.8372781065088757, 0.8402366863905325, 0.8461538461538461, 0.8431952662721893, 0.8698224852071006, 0.8579881656804734, 0.8550295857988166, 0.8668639053254438, 0.8550295857988166, 0.8461538461538461, 0.863905325443787, 0.8668639053254438]}"
6,0.9864783386520526,1.0,0.5481725026105017,306,0.8461538461538461,0.5117783546447754,0.8454402089118958,0.5122970044612885,"{'es_train_losses': [0.5122970044612885, 0.5163798332214355, 0.5161228775978088, 0.5169698297977448, 0.5119905471801758, 0.5118164420127869, 0.5066405832767487, 0.5029427856206894, 0.5115083754062653, 0.5086254477500916, 0.5059222280979156, 0.4989950656890869, 0.49496640264987946, 0.49676914513111115, 0.4986283928155899, 0.4971814304590225, 0.48493243753910065, 0.49695904552936554, 0.49711932241916656, 0.49180468916893005, 0.4904114753007889, 0.48059338331222534, 0.4767043739557266, 0.48521119356155396, 0.4658360183238983, 0.4708828181028366, 0.47605523467063904, 0.4838562607765198, 0.4748985022306442, 0.4718964397907257, 0.48897063732147217], 'es_val_losses': [0.5117783546447754, 0.5113368630409241, 0.5106887221336365, 0.5098581910133362, 0.5088677406311035, 0.5077335238456726, 0.5064741373062134, 0.505100667476654, 0.5036343932151794, 0.5021042227745056, 0.5005229711532593, 0.49889734387397766, 0.49722954630851746, 0.49553072452545166, 0.49381616711616516, 0.49209851026535034, 0.4903813600540161, 0.48866528272628784, 0.4869726598262787, 0.48530712723731995, 0.48366835713386536, 0.4820564389228821, 0.4804648160934448, 0.478898823261261, 0.4773639142513275, 0.4758486747741699, 0.47436389327049255, 0.47292056679725647, 0.47152358293533325, 0.47016599774360657, 0.4688517153263092], 'es_train_accs': [0.8454402089118958, 0.8391391336917877, 0.8391391336917877, 0.8370387554168701, 0.8422896564006805, 0.8412394821643829, 0.847540557384491, 0.8506911098957062, 0.8380889296531677, 0.8380889296531677, 0.8401893079280853, 0.8485907316207886, 0.8506911098957062, 0.8464903831481934, 0.8422896564006805, 0.8412394821643829, 0.854891836643219, 0.8380889296531677, 0.8359885811805725, 0.8401893079280853, 0.8391391336917877, 0.8496409356594086, 0.8517412841320038, 0.8412394821643829, 0.8601427376270294, 0.8527914583683014, 0.8454402089118958, 0.8359885811805725, 0.8433398306369781, 0.8454402089118958, 0.8265369534492493], 'es_val_accs': [0.8461538461538461, 0.8461538461538461, 0.8461538461538461, 0.8461538461538461, 0.8461538461538461, 0.8461538461538461, 0.8461538461538461, 0.8461538461538461, 0.8461538461538461, 0.8461538461538461, 0.8461538461538461, 0.8461538461538461, 0.8461538461538461, 0.8461538461538461, 0.8461538461538461, 0.8461538461538461, 0.8461538461538461, 0.8461538461538461, 0.8461538461538461, 0.8461538461538461, 0.8461538461538461, 0.8461538461538461, 0.8461538461538461, 0.8461538461538461, 0.8461538461538461, 0.8461538461538461, 0.8461538461538461, 0.8461538461538461, 0.8461538461538461, 0.8461538461538461, 0.8461538461538461]}"
2,0.9163947937304813,1.0,0.5653813988747234,459,0.8461538461538461,0.5491728186607361,0.786430279413859,0.636686364809672,"{'es_train_losses': [0.636686364809672, 0.5131242275238037, 0.45089144508043927, 0.44549115498860675, 0.4388512174288432, 0.4362311065196991, 0.4343605538209279, 0.43866100907325745, 0.4381050070126851, 0.43678781390190125, 0.43659813205401105, 0.4332786202430725, 0.4415341516335805, 0.436947504679362, 0.4432086646556854, 0.438966045777003, 0.43869667251904804, 0.4315718611081441, 0.430862158536911, 0.4338478247324626, 0.43671414256095886, 0.4375378092130025, 0.44408679008483887, 0.436273197333018, 0.43015924096107483, 0.4380700687567393, 0.42784489194552106, 0.4319275915622711, 0.433637668689092, 0.4351654847462972, 0.42735960086186725], 'es_val_losses': [0.5491728186607361, 0.45164504647254944, 0.44340455532073975, 0.4407028555870056, 0.4332372546195984, 0.4319133460521698, 0.4300634264945984, 0.43312597274780273, 0.43331894278526306, 0.4317435026168823, 0.4319179356098175, 0.430359423160553, 0.4341801702976227, 0.43215689063072205, 0.4333391785621643, 0.43145856261253357, 0.4319611191749573, 0.43009626865386963, 0.43032732605934143, 0.4307108223438263, 0.4315682053565979, 0.43123531341552734, 0.4330596923828125, 0.43127772212028503, 0.4299646317958832, 0.43139463663101196, 0.42989498376846313, 0.4302442967891693, 0.43064960837364197, 0.43102025985717773, 0.42980748414993286], 'es_train_accs': [0.786430279413859, 0.8444531162579855, 0.8418309291203817, 0.8410817384719849, 0.8455769220987955, 0.8467007279396057, 0.8474499185880026, 0.8444531162579855, 0.844078520933787, 0.8455769220987955, 0.8444531162579855, 0.8467007279396057, 0.8403325279553732, 0.8444531162579855, 0.8414563337961832, 0.8444531162579855, 0.8425801197687784, 0.8481991092363993, 0.8467007279396057, 0.845951517422994, 0.8437039256095886, 0.844078520933787, 0.8395833373069763, 0.8452023267745972, 0.8481991092363993, 0.8422055244445801, 0.8496975104014078, 0.8455769220987955, 0.8444531162579855, 0.8452023267745972, 0.8500721057256063], 'es_val_accs': [0.8461538461538461, 0.8461538461538461, 0.8461538461538461, 0.8461538461538461, 0.8461538461538461, 0.8461538461538461, 0.8461538461538461, 0.8461538461538461, 0.8461538461538461, 0.8461538461538461, 0.8461538461538461, 0.8461538461538461, 0.8461538461538461, 0.8461538461538461, 0.8461538461538461, 0.8461538461538461, 0.8461538461538461, 0.8461538461538461, 0.8461538461538461, 0.8461538461538461, 0.8461538461538461, 0.8461538461538461, 0.8461538461538461, 0.8461538461538461, 0.8461538461538461, 0.8461538461538461, 0.8461538461538461, 0.8461538461538461, 0.8461538461538461, 0.8461538461538461, 0.8461538461538461]}"
7,0.8461608462135478,1.0,0.6591227720863219,918,0.8461538461538461,0.5639901739605785,0.4463975727558136,1.5307041108608246,"{'es_train_losses': [1.5307041108608246, 0.6367820898691813, 0.5810098896423975, 0.5229814102252325, 0.48075976471106213, 0.5416150639454523, 0.5155222415924072, 0.5028714537620544, 0.47563962638378143, 0.47082329789797467, 0.504123126467069, 0.501423974831899, 0.4741834153731664, 0.49268580973148346, 0.4463532318671544, 0.44790123403072357, 0.4675725003083547, 0.4331439087788264, 0.43159210681915283, 0.46406303346157074, 0.4509132703145345, 0.467498521010081, 0.43840890129407245, 0.44045184055964154, 0.4366014897823334, 0.44633470475673676, 0.4464907298485438, 0.4420954833428065, 0.43093159794807434, 0.44621705015500385, 0.4383687923351924], 'es_val_losses': [0.5639901739605785, 0.5461462231782767, 0.5442260017056437, 0.5432346964023522, 0.5388768265938618, 0.533586043930618, 0.5290100034877393, 0.5206482315204553, 0.5112977348841153, 0.49890053501495946, 0.487326806466255, 0.47901524911970783, 0.4738881485702018, 0.46899150902702963, 0.46335223934354164, 0.4578176414120127, 0.45289355551702737, 0.4490355394295687, 0.4454867104454153, 0.4427439223027088, 0.442216466340793, 0.4415659036862074, 0.4418591260910034, 0.44020177379867736, 0.439064275759917, 0.43799902207752656, 0.43715269519732547, 0.43650120390942815, 0.4355905265850428, 0.434256472531155, 0.4342718413595617], 'es_train_accs': [0.4463975727558136, 0.8057536979516348, 0.8465617497762045, 0.8401551246643066, 0.8491659164428711, 0.8427592913309733, 0.84740149974823, 0.8332861562569936, 0.8480525414148966, 0.8498169581095377, 0.8462881247202555, 0.8409948746363322, 0.84740149974823, 0.8462881247202555, 0.8445237080256144, 0.8498169581095377, 0.8392304480075836, 0.8498169581095377, 0.8491659164428711, 0.8427592913309733, 0.8462881247202555, 0.8357016146183014, 0.8498169581095377, 0.8427592913309733, 0.85334579149882, 0.8462881247202555, 0.8462881247202555, 0.8498169581095377, 0.85334579149882, 0.8445237080256144, 0.8445237080256144], 'es_val_accs': [0.8461538461538461, 0.8461538461538461, 0.8461538461538461, 0.8461538461538461, 0.8461538461538461, 0.8461538461538461, 0.8461538461538461, 0.8461538461538461, 0.8461538461538461, 0.8461538461538461, 0.8461538461538461, 0.8461538461538461, 0.8461538461538461, 0.8461538461538461, 0.8461538461538461, 0.8461538461538461, 0.8461538461538461, 0.8461538461538461, 0.8461538461538461, 0.8461538461538461, 0.8461538461538461, 0.8461538461538461, 0.8461538461538461, 0.8461538461538461, 0.8461538461538461, 0.8461538461538461, 0.8461538461538461, 0.8461538461538461, 0.8461538461538461, 0.8461538461538461, 0.8461538461538461]}"
1,0.8461698651568633,1.0,0.5043433746014598,306,0.8461538461538461,0.5798980593681335,0.45533202588558197,1.757921040058136,"{'es_train_losses': [1.757921040058136, 1.0460187494754791, 0.9260667562484741, 0.7929205894470215, 0.6580544710159302, 0.6536639332771301, 0.5504651814699173, 0.637001633644104, 0.6529853641986847, 0.5753726065158844, 0.49335750937461853, 0.49114246666431427, 0.48957428336143494, 0.5212610960006714, 0.47874562442302704, 0.5102768540382385, 0.5157341808080673, 0.5427636802196503, 0.5150910913944244, 0.4832286834716797, 0.4680347591638565, 0.4779096245765686, 0.5886993855237961, 0.5124287456274033, 0.47679972648620605, 0.45914749801158905, 0.47332681715488434, 0.4748954176902771, 0.4901198446750641, 0.510506197810173, 0.4799138754606247], 'es_val_losses': [0.5798980593681335, 0.5274792909622192, 0.4972037971019745, 0.4853476881980896, 0.48082566261291504, 0.4804435670375824, 0.483029305934906, 0.4872393310070038, 0.494170606136322, 0.5026090741157532, 0.5098996758460999, 0.5163564085960388, 0.5212799310684204, 0.5253807902336121, 0.5284903049468994, 0.5303940176963806, 0.5315649509429932, 0.5326607823371887, 0.5334709882736206, 0.5337312817573547, 0.5330657958984375, 0.5318164825439453, 0.5306432843208313, 0.5298305153846741, 0.5288511514663696, 0.5273810625076294, 0.5256667137145996, 0.5238425135612488, 0.5221982002258301, 0.5209720730781555, 0.5198294520378113], 'es_train_accs': [0.45533202588558197, 0.6801457405090332, 0.7971198856830597, 0.8335005939006805, 0.8342563211917877, 0.8397746384143829, 0.8517412841320038, 0.8376006484031677, 0.8365504741668701, 0.8507647216320038, 0.8418013751506805, 0.8476878106594086, 0.8439753651618958, 0.8445372581481934, 0.8506911098957062, 0.8497145473957062, 0.8303966224193573, 0.8423632681369781, 0.8454402089118958, 0.852376788854599, 0.852938711643219, 0.8481024503707886, 0.853353351354599, 0.8355002999305725, 0.846075713634491, 0.8517412841320038, 0.8496409356594086, 0.8449519276618958, 0.8439017534255981, 0.8443900346755981, 0.8423632681369781], 'es_val_accs': [0.8461538461538461, 0.8461538461538461, 0.8461538461538461, 0.8461538461538461, 0.8461538461538461, 0.8461538461538461, 0.8461538461538461, 0.8461538461538461, 0.8461538461538461, 0.8461538461538461, 0.8461538461538461, 0.8461538461538461, 0.8461538461538461, 0.8461538461538461, 0.8461538461538461, 0.8461538461538461, 0.8461538461538461, 0.8461538461538461, 0.8461538461538461, 0.8461538461538461, 0.8461538461538461, 0.8461538461538461, 0.8461538461538461, 0.8461538461538461, 0.8461538461538461, 0.8461538461538461, 0.8461538461538461, 0.8461538461538461, 0.8461538461538461, 0.8461538461538461, 0.8461538461538461]}"
9,0.846155305163207,0.9151141424906233,0.7771964678357905,6579,0.8461538461538461,0.4333878983054641,0.8430232558139535,0.47172657694927483,"{'es_train_losses': [0.47172657694927483, 0.46249980877998265, 0.46380086208498755, 0.4598175682300745, 0.44385930029458776, 0.42891714184783225, 0.4402301841697028, 0.4361810957969621, 0.432011631685634, 0.4422473294097324, 0.45062473693559335, 0.43059764074724777, 0.44731239697267844, 0.4372902491758036, 0.44245465342388596, 0.4405238219471865, 0.4448862075805664, 0.4339552098928496, 0.4447614238705746, 0.43437941614971604, 0.4728729648645534, 0.4328951142555059, 0.4351468120896539, 0.42865947131500687, 0.4239370407060135, 0.42475129317405613, 0.4810698822487232, 0.4367335851109305, 0.4356630888096122, 0.4439149152400882, 0.4195700131876524], 'es_val_losses': [0.4333878983054641, 0.42924026342538685, 0.4321859241766337, 0.4293415643407043, 0.42972078469730696, 0.43025060077390725, 0.42932586733406114, 0.43093211763709255, 0.42937117497596516, 0.42928410105451326, 0.4294250822631565, 0.4294175950027782, 0.4307012242325664, 0.4294692076874908, 0.43031916851122703, 0.42977084880749855, 0.42938867581666573, 0.4295588176278673, 0.43142953250535143, 0.42950307758602163, 0.4298885690390006, 0.4295712062240352, 0.4292054021146876, 0.43006376207932917, 0.4298985076726541, 0.42934290756135296, 0.4287008115878472, 0.42943256846546424, 0.4281836398959865, 0.429343066977326, 0.4289823237960861], 'es_train_accs': [0.8430232558139535, 0.8427325584167658, 0.8420058142307193, 0.8459302325581395, 0.840988372647485, 0.8481104651162791, 0.8441860467888588, 0.8456395351609518, 0.8456395351609518, 0.8424418610195781, 0.8434593026028123, 0.8495639534883721, 0.8488372093023255, 0.8449127909749053, 0.8402616284614386, 0.8427325584167658, 0.839534884275392, 0.8488372093023255, 0.8402616284614386, 0.8449127909749053, 0.839534884275392, 0.8456395351609518, 0.8441860467888588, 0.8456395351609518, 0.8517441860465116, 0.8510174418604651, 0.8456395351609518, 0.8495639534883721, 0.8424418610195781, 0.8478197677190914, 0.8507267444632775], 'es_val_accs': [0.8461538461538461, 0.8461538461538461, 0.8461538461538461, 0.8461538461538461, 0.8461538461538461, 0.8461538461538461, 0.8461538461538461, 0.8461538461538461, 0.8461538461538461, 0.8461538461538461, 0.8461538461538461, 0.8461538461538461, 0.8461538461538461, 0.8461538461538461, 0.8461538461538461, 0.8461538461538461, 0.8461538461538461, 0.8461538461538461, 0.8461538461538461, 0.8461538461538461, 0.8461538461538461, 0.8461538461538461, 0.8461538461538461, 0.8461538461538461, 0.8461538461538461, 0.8461538461538461, 0.8461538461538461, 0.8461538461538461, 0.8461538461538461, 0.8461538461538461, 0.8461538461538461]}"
5,0.6258271362661845,1.0,0.0,459,0.8461538461538461,0.5762099027633667,0.8359715541203817,0.6770954926808676,"{'es_train_losses': [0.6770954926808676, 0.5520478288332621, 0.5540308753649393, 0.5004708369572958, 0.49828553199768066, 0.48219630122184753, 0.494506299495697, 0.4614429871241252, 0.49423182010650635, 0.47568994760513306, 0.4781250059604645, 0.454638808965683, 0.4674055178960164, 0.4480582575003306, 0.4872407714525859, 0.46750856439272565, 0.436320960521698, 0.4403875966866811, 0.44866839051246643, 0.4412869115670522, 0.44530706604321796, 0.4335572421550751, 0.43875129024187726, 0.43070167303085327, 0.44353585441907245, 0.42108311255772907, 0.43541716535886127, 0.4412888487180074, 0.4197440246740977, 0.43836119771003723, 0.43695146838823956], 'es_val_losses': [0.5762099027633667, 0.5566433072090149, 0.5832933783531189, 0.5672141313552856, 0.5727642178535461, 0.5591828227043152, 0.5719817280769348, 0.5253821611404419, 0.5501574277877808, 0.5574185252189636, 0.5739831328392029, 0.5572949051856995, 0.5585497617721558, 0.5673050284385681, 0.5601892471313477, 0.5520764589309692, 0.5403556823730469, 0.5397525429725647, 0.5494089722633362, 0.5433610081672668, 0.5477383136749268, 0.5422154068946838, 0.5305109620094299, 0.5325740575790405, 0.5354762077331543, 0.5224405527114868, 0.5068198442459106, 0.5182797908782959, 0.4935350716114044, 0.5043303370475769, 0.5171343684196472], 'es_train_accs': [0.8359715541203817, 0.8411358197530111, 0.8366406162579855, 0.8439002434412638, 0.8440965612729391, 0.8464242815971375, 0.8405468662579855, 0.8424999912579855, 0.8475480675697327, 0.8434274792671204, 0.8420272469520569, 0.8438020745913187, 0.8394050399462382, 0.8460496862729391, 0.8460496862729391, 0.8432311614354452, 0.8449258804321289, 0.8457732399304708, 0.8438020745913187, 0.8431510329246521, 0.8434274792671204, 0.8388341267903646, 0.8452023267745972, 0.8444531162579855, 0.8453004757563273, 0.8463261127471924, 0.8467988769213358, 0.8419290781021118, 0.8433293302853903, 0.8470753232638041, 0.8438020745913187], 'es_val_accs': [0.8461538461538461, 0.8461538461538461, 0.8461538461538461, 0.8461538461538461, 0.8461538461538461, 0.8461538461538461, 0.8461538461538461, 0.8461538461538461, 0.8461538461538461, 0.8461538461538461, 0.8461538461538461, 0.8461538461538461, 0.8461538461538461, 0.8461538461538461, 0.8461538461538461, 0.8461538461538461, 0.8461538461538461, 0.8461538461538461, 0.8461538461538461, 0.8461538461538461, 0.8461538461538461, 0.8461538461538461, 0.8461538461538461, 0.8461538461538461, 0.8461538461538461, 0.8461538461538461, 0.8461538461538461, 0.8461538461538461, 0.8461538461538461, 0.8461538461538461, 0.8461538461538461]}"
