id,batch_size,n_instances,epochs_trained,batches_trained,efforts,cumulative_effort,cumulative_times,arch_hidden_layers,arch_shape,arch_depth,arch_activation_fn,arch_dropout_rate,arch_optimizer_type,arch_learning_rate,arch_weight_decay,arch_momentum,arch_batch_size,arch_use_skip_connections,arch_initializer,arch_lr_scheduler,arch_scheduler_params,arch_rng_state,train_loss,train_acc,val_loss,val_acc,forecasted_val_acc,score,fcst_greater_than_baseline,wall_times_per_batch,epoch_batches,epoch_time,forecast_horizon_time,forecast_horizon_effort,forecast_CI_low,forecast_CI_high,last_train_acc,last_train_loss,last_val_acc,last_val_loss,total_epoch_time,avg_epoch_time
1,1024,"[3072, 1280, 1280, 1280]",3,6,"[1.0, 1.0, 1.0, 1.0, 1.0, 1.0]","[1.0, 2.0, 3.0, 4.0, 5.0, 6.0]","[1.0, 2.0, 3.0, 4.0, 5.0, 6.0]","[83, 86, 9, 82, 95, 28, 19, 10, 81, 95, 62, 63, 80, 3, 84, 92, 15, 99, 86, 31, 49, 82, 91]",irregular,23,<class 'torch.nn.modules.activation.ReLU'>,0.3,<class 'torch.optim.sgd.SGD'>,0.0283864657546653,0.001,0.9,1024,False,kaiming_normal,step,"{'step_size': 30, 'gamma': 0.9}",None,"[8.416352272033691, 2.5273044109344482, 2.477639675140381, 2.532132625579834, 2.4256978034973145, 2.4107463359832764]","[0.095703125, 0.08984375, 0.1015625, 0.08203125, 0.1103515625, 0.0625]","[2.3109824657440186, 2.323641061782837, 2.3286337852478027, 2.326725959777832, 2.320507764816284, 2.3170416355133057]","[0.1, 0.1, 0.1, 0.1, 0.1, 0.1]",0.10001229587470344,0.0,False,"[0.008999347686767578, 0.0065076351165771484, 0.007507801055908203, 0.005032777786254883, 0.005002737045288086, 0.0050013065338134766]","[2, 2, 2, 2, 2, 2]","[0.03751111030578613, 0.02354264259338379, 0.021507978439331055]",306,306,0.05959716173606559,0.14042743001334126,0.0625,2.4107463359832764,0.1,2.3170416355133057,0.08256173133850098,0.02752057711283366
2,512,"[3072, 1280, 1280, 1280]",3,9,"[1.0, 1.0, 1.0, 1.0, 1.0, 1.0, 1.0, 1.0, 1.0]","[1.0, 2.0, 3.0, 4.0, 5.0, 6.0, 7.0, 8.0, 9.0]","[1.0, 2.0, 3.0, 4.0, 5.0, 6.0, 7.0, 8.0, 9.0]","[5, 27, 30, 33, 38, 40, 40, 41, 55, 65, 75, 79, 98, 100]",inv_pyramid,14,<class 'torch.nn.modules.activation.GELU'>,0.3,<class 'torch.optim.rmsprop.RMSprop'>,0.00022491049506993151,0.01,,512,True,xavier_uniform,cosine,{'T_max': 50},None,"[2.3045718669891357, 2.3027796745300293, 2.300844669342041, 2.3015456199645996, 2.304080009460449, 2.3057713508605957, 2.3055973052978516, 2.3023035526275635, 2.302245855331421]","[0.107421875, 0.087890625, 0.09765625, 0.119140625, 0.0859375, 0.09765625, 0.095703125, 0.09765625, 0.12109375]","[2.303593158721924, 2.303518295288086, 2.3035459518432617, 2.3035502433776855, 2.3034822940826416, 2.3034017086029053, 2.303342342376709, 2.3033347129821777, 2.3033335208892822]","[0.1, 0.1, 0.1, 0.1, 0.1, 0.1, 0.1, 0.1, 0.1]",0.10000962248014905,0.0,False,"[0.006003618240356445, 0.003999948501586914, 0.006002664566040039, 0.003999233245849609, 0.003000974655151367, 0.0029985904693603516, 0.004506111145019531, 0.003511667251586914, 0.003999233245849609]","[3, 3, 3, 3, 3, 3]","[0.033506155014038086, 0.023000240325927734, 0.028573036193847656]",459,459,0.06803391179322106,0.13198533316707706,0.12109375,2.302245855331421,0.1,2.3033335208892822,0.08507943153381348,0.02835981051127116
3,512,"[3072, 1280, 1280, 1280]",3,9,"[1.0, 1.0, 1.0, 1.0, 1.0, 1.0, 1.0, 1.0, 1.0]","[1.0, 2.0, 3.0, 4.0, 5.0, 6.0, 7.0, 8.0, 9.0]","[1.0, 2.0, 3.0, 4.0, 5.0, 6.0, 7.0, 8.0, 9.0]","[57, 26, 56, 9, 8, 13, 75, 90, 34, 11, 10, 15, 96, 18, 67, 63, 47, 49, 74]",irregular,19,<class 'torch.nn.modules.activation.ELU'>,0.2,<class 'torch.optim.rmsprop.RMSprop'>,0.0065123789538270825,0.0,,512,False,xavier_normal,cosine,{'T_max': 100},None,"[2.318169355392456, 4.251081943511963, 3.4581527709960938, 4.060227870941162, 2.6935811042785645, 2.9190268516540527, 2.485823154449463, 2.471872568130493, 2.366528034210205]","[0.09765625, 0.08203125, 0.08203125, 0.08984375, 0.111328125, 0.1015625, 0.09765625, 0.083984375, 0.09375]","[3.3735134601593018, 3.358588695526123, 3.2255332469940186, 2.5152952671051025, 2.962332248687744, 2.302116870880127, 2.401292085647583, 2.2786214351654053, 2.228085517883301]","[0.115625, 0.090625, 0.1, 0.08125, 0.1125, 0.125, 0.084375, 0.125, 0.153125]",0.661197347237092,0.0,False,"[0.006505250930786133, 0.0060002803802490234, 0.006000041961669922, 0.004000663757324219, 0.003999471664428711, 0.004048347473144531, 0.004999876022338867, 0.0049991607666015625, 0.004505157470703125]","[3, 3, 3, 3, 3, 3]","[0.04050397872924805, 0.025560855865478516, 0.02850651741027832]",459,459,0.5956551530181657,0.7267395414560185,0.09375,2.366528034210205,0.153125,2.228085517883301,0.09457135200500488,0.0315237840016683
4,512,"[3072, 1280, 1280, 1280]",3,9,"[1.0, 1.0, 1.0, 1.0, 1.0, 1.0, 1.0, 1.0, 1.0]","[1.0, 2.0, 3.0, 4.0, 5.0, 6.0, 7.0, 8.0, 9.0]","[1.0, 2.0, 3.0, 4.0, 5.0, 6.0, 7.0, 8.0, 9.0]","[95, 94, 93, 88, 80, 79, 78, 72, 67, 54, 54, 39, 33, 29, 18]",pyramid,15,<class 'torch.nn.modules.activation.ELU'>,0.3,<class 'torch.optim.rmsprop.RMSprop'>,0.00010115663745876392,1e-05,,512,True,xavier_uniform,exponential,{'gamma': 0.9},None,"[2.609959602355957, 2.570303201675415, 2.577014207839966, 2.5174431800842285, 2.4727530479431152, 2.5090129375457764, 2.4741363525390625, 2.5274276733398438, 2.463243007659912]","[0.095703125, 0.0859375, 0.08984375, 0.083984375, 0.109375, 0.07421875, 0.095703125, 0.095703125, 0.09765625]","[2.29725980758667, 2.2809576988220215, 2.270495891571045, 2.2620294094085693, 2.2530479431152344, 2.24479341506958, 2.237886428833008, 2.2315025329589844, 2.2290878295898438]","[0.1, 0.1, 0.109375, 0.13125, 0.15625, 0.165625, 0.171875, 0.190625, 0.2125]",0.7836443156706626,0.0,False,"[0.0059986114501953125, 0.004000186920166016, 0.0055048465728759766, 0.0040035247802734375, 0.004000663757324219, 0.003999233245849609, 0.00500035285949707, 0.0060002803802490234, 0.005997896194458008]","[3, 3, 3, 3, 3, 3]","[0.03500843048095703, 0.023547649383544922, 0.03500032424926758]",459,459,0.7160031844300838,0.8489499243833276,0.09765625,2.463243007659912,0.2125,2.2290878295898438,0.09355640411376953,0.031185468037923176
5,512,"[3072, 1280, 1280, 1280]",3,9,"[1.0, 1.0, 1.0, 1.0, 1.0, 1.0, 1.0, 1.0, 1.0]","[1.0, 2.0, 3.0, 4.0, 5.0, 6.0, 7.0, 8.0, 9.0]","[1.0, 2.0, 3.0, 4.0, 5.0, 6.0, 7.0, 8.0, 9.0]","[93, 92, 90, 83, 80, 75, 74, 69, 68, 61, 54, 51, 48, 44, 34, 33, 32, 29, 24, 23, 21, 19, 18, 8, 6]",pyramid,25,<class 'torch.nn.modules.activation.ReLU'>,0.2,<class 'torch.optim.rmsprop.RMSprop'>,0.030937497074812127,0.001,,512,True,kaiming_uniform,cosine,{'T_max': 100},None,"[8.665731430053711, 1060545088.0, 9.6524658203125, 2.4392828941345215, 2.309727191925049, 2.30395245552063, 2.3049097061157227, 2.30501389503479, 2.326138734817505]","[0.083984375, 0.10546875, 0.0859375, 0.103515625, 0.09765625, 0.09765625, 0.1015625, 0.08984375, 0.0625]","[2.3374361991882324, 2.321324586868286, 2.3136935234069824, 2.3078153133392334, 2.306182861328125, 2.305631160736084, 2.3052921295166016, 2.305468797683716, 2.3050436973571777]","[0.1, 0.1, 0.1, 0.1, 0.1, 0.1, 0.1, 0.1, 0.1]",0.10000962248014905,0.0,False,"[0.006000995635986328, 0.005000114440917969, 0.005000114440917969, 0.005506277084350586, 0.005000114440917969, 0.005507230758666992, 0.008506536483764648, 0.0070002079010009766, 0.004998445510864258]","[3, 3, 3, 3, 3, 3]","[0.04150962829589844, 0.029018402099609375, 0.03753232955932617]",459,459,0.06803391179322106,0.13198533316707706,0.0625,2.326138734817505,0.1,2.3050436973571777,0.10806035995483398,0.036020119984944664
6,1024,"[3072, 1280, 1280, 1280]",3,6,"[1.0, 1.0, 1.0, 1.0, 1.0, 1.0]","[1.0, 2.0, 3.0, 4.0, 5.0, 6.0]","[1.0, 2.0, 3.0, 4.0, 5.0, 6.0]","[99, 87, 82, 52, 52, 49, 42, 34, 12, 3]",pyramid,10,<class 'torch.nn.modules.activation.GELU'>,0.2,<class 'torch.optim.sgd.SGD'>,0.022166890699637547,0.01,0.95,1024,False,xavier_uniform,exponential,{'gamma': 0.95},None,"[2.3436925411224365, 2.325770616531372, 2.3439533710479736, 2.3139965534210205, 2.3415188789367676, 2.3196446895599365]","[0.095703125, 0.1171875, 0.0966796875, 0.11328125, 0.095703125, 0.1171875]","[2.3392341136932373, 2.3387417793273926, 2.337989330291748, 2.3370676040649414, 2.335930347442627, 2.334664821624756]","[0.1, 0.1, 0.1, 0.1, 0.1, 0.1]",0.10001229587470344,0.0,False,"[0.003998994827270508, 0.0030031204223632812, 0.003000497817993164, 0.0019986629486083984, 0.0030045509338378906, 0.002998828887939453]","[2, 2, 2, 2, 2, 2]","[0.020998716354370117, 0.014000177383422852, 0.015002965927124023]",306,306,0.05959716173606559,0.14042743001334126,0.1171875,2.3196446895599365,0.1,2.334664821624756,0.05000185966491699,0.016667286554972332
7,256,"[3072, 1280, 1280, 1280]",3,15,"[1.0, 1.0, 1.0, 1.0, 1.0, 1.0, 1.0, 1.0, 1.0, 1.0, 1.0, 1.0, 1.0, 1.0, 1.0]","[1.0, 2.0, 3.0, 4.0, 5.0, 6.0, 7.0, 8.0, 9.0, 10.0, 11.0, 12.0, 13.0, 14.0, 15.0]","[1.0, 2.0, 3.0, 4.0, 5.0, 6.0, 7.0, 8.0, 9.0, 10.0, 11.0, 12.0, 13.0, 14.0, 15.0]","[5, 6, 11, 24, 31, 36, 39, 41, 48, 48, 50, 55, 76, 77, 78, 81, 85, 93]",inv_pyramid,18,<class 'torch.nn.modules.activation.LeakyReLU'>,0.3,<class 'torch.optim.adamw.AdamW'>,0.0015815312297035665,1e-05,,256,False,kaiming_normal,cosine,{'T_max': 50},None,"[6.942215442657471, 4.63425874710083, 4.214219093322754, 3.5089688301086426, 3.022568702697754, 2.7532200813293457, 2.662562847137451, 2.587597370147705, 2.504079580307007, 2.4330503940582275, 2.3901801109313965, 2.3271288871765137, 2.431152820587158, 2.3800995349884033, 2.3291893005371094]","[0.10546875, 0.0859375, 0.09375, 0.09375, 0.10546875, 0.08984375, 0.125, 0.1015625, 0.1171875, 0.12890625, 0.109375, 0.12109375, 0.078125, 0.1015625, 0.1171875]","[2.3137285232543947, 2.306455612182617, 2.3060614585876467, 2.3064218521118165, 2.3065843105316164, 2.3058943271636965, 2.3051512241363525, 2.304561138153076, 2.303675651550293, 2.3032325744628905, 2.3028354167938234, 2.3026876926422117, 2.3025420665740968, 2.3024301528930664, 2.3023759841918947]","[0.1125, 0.103125, 0.10625, 0.084375, 0.06875, 0.071875, 0.08125, 0.103125, 0.1, 0.1, 0.1, 0.096875, 0.1, 0.11875, 0.134375]",0.26448330657672064,0.0,False,"[0.004999399185180664, 0.00400233268737793, 0.005507469177246094, 0.004003047943115234, 0.00450587272644043, 0.003998756408691406, 0.0039997100830078125, 0.0029990673065185547, 0.003999233245849609, 0.003999233245849609, 0.004004716873168945, 0.0040018558502197266, 0.004000663757324219, 0.004000425338745117, 0.004000186920166016]","[5, 5, 5, 5, 5, 5]","[0.06252837181091309, 0.04250788688659668, 0.04301333427429199]",765,765,0.21147005126253823,0.3174965618909031,0.1171875,2.3291893005371094,0.134375,2.3023759841918947,0.14804959297180176,0.04934986432393392
8,512,"[3072, 1280, 1280, 1280]",3,9,"[1.0, 1.0, 1.0, 1.0, 1.0, 1.0, 1.0, 1.0, 1.0]","[1.0, 2.0, 3.0, 4.0, 5.0, 6.0, 7.0, 8.0, 9.0]","[1.0, 2.0, 3.0, 4.0, 5.0, 6.0, 7.0, 8.0, 9.0]","[43, 30, 6, 30, 43]",hourglass,4,<class 'torch.nn.modules.activation.ELU'>,0.3,<class 'torch.optim.adamw.AdamW'>,0.013332225454503549,0.0001,,512,False,xavier_normal,exponential,{'gamma': 0.9},None,"[2.3776044845581055, 2.2044544219970703, 2.0596518516540527, 1.909333348274231, 1.7914336919784546, 1.7304680347442627, 1.5930758714675903, 1.6239376068115234, 1.5248290300369263]","[0.140625, 0.1875, 0.25, 0.28125, 0.3359375, 0.35546875, 0.369140625, 0.37890625, 0.43359375]","[2.0860304832458496, 1.8753341436386108, 1.675286889076233, 1.5058729648590088, 1.3764889240264893, 1.2546876668930054, 1.1372698545455933, 1.029817819595337, 0.9226314425468445]","[0.325, 0.30625, 0.41875, 0.478125, 0.515625, 0.578125, 0.66875, 0.703125, 0.740625]",0.9475974903651647,0.0,False,"[0.0030014514923095703, 0.0020012855529785156, 0.0020003318786621094, 0.002001047134399414, 0.0010001659393310547, 0.0020034313201904297, 0.002002716064453125, 0.002000093460083008, 0.002003908157348633]","[3, 3, 3, 3, 3, 3]","[0.021998882293701172, 0.01550436019897461, 0.015514135360717773]",459,459,0.7063245178679238,1.0,0.43359375,1.5248290300369263,0.740625,0.9226314425468445,0.053017377853393555,0.01767245928446452
9,32,"[3072, 1280, 1280, 1280]",3,120,"[1.0, 1.0, 1.0, 1.0, 1.0, 1.0, 1.0, 1.0, 1.0, 1.0, 1.0, 1.0, 1.0, 1.0, 1.0, 1.0, 1.0, 1.0, 1.0, 1.0, 1.0, 1.0, 1.0, 1.0, 1.0, 1.0, 1.0, 1.0, 1.0, 1.0, 1.0, 1.0, 1.0, 1.0, 1.0, 1.0, 1.0, 1.0, 1.0, 1.0, 1.0, 1.0, 1.0, 1.0, 1.0, 1.0, 1.0, 1.0, 1.0, 1.0, 1.0, 1.0, 1.0, 1.0, 1.0, 1.0, 1.0, 1.0, 1.0, 1.0, 1.0, 1.0, 1.0, 1.0, 1.0, 1.0, 1.0, 1.0, 1.0, 1.0, 1.0, 1.0, 1.0, 1.0, 1.0, 1.0, 1.0, 1.0, 1.0, 1.0, 1.0, 1.0, 1.0, 1.0, 1.0, 1.0, 1.0, 1.0, 1.0, 1.0, 1.0, 1.0, 1.0, 1.0, 1.0, 1.0, 1.0, 1.0, 1.0, 1.0, 1.0, 1.0, 1.0, 1.0, 1.0, 1.0, 1.0, 1.0, 1.0, 1.0, 1.0, 1.0, 1.0, 1.0, 1.0, 1.0, 1.0, 1.0, 1.0, 1.0]","[1.0, 2.0, 3.0, 4.0, 5.0, 6.0, 7.0, 8.0, 9.0, 10.0, 11.0, 12.0, 13.0, 14.0, 15.0, 16.0, 17.0, 18.0, 19.0, 20.0, 21.0, 22.0, 23.0, 24.0, 25.0, 26.0, 27.0, 28.0, 29.0, 30.0, 31.0, 32.0, 33.0, 34.0, 35.0, 36.0, 37.0, 38.0, 39.0, 40.0, 41.0, 42.0, 43.0, 44.0, 45.0, 46.0, 47.0, 48.0, 49.0, 50.0, 51.0, 52.0, 53.0, 54.0, 55.0, 56.0, 57.0, 58.0, 59.0, 60.0, 61.0, 62.0, 63.0, 64.0, 65.0, 66.0, 67.0, 68.0, 69.0, 70.0, 71.0, 72.0, 73.0, 74.0, 75.0, 76.0, 77.0, 78.0, 79.0, 80.0, 81.0, 82.0, 83.0, 84.0, 85.0, 86.0, 87.0, 88.0, 89.0, 90.0, 91.0, 92.0, 93.0, 94.0, 95.0, 96.0, 97.0, 98.0, 99.0, 100.0, 101.0, 102.0, 103.0, 104.0, 105.0, 106.0, 107.0, 108.0, 109.0, 110.0, 111.0, 112.0, 113.0, 114.0, 115.0, 116.0, 117.0, 118.0, 119.0, 120.0]","[1.0, 2.0, 3.0, 4.0, 5.0, 6.0, 7.0, 8.0, 9.0, 10.0, 11.0, 12.0, 13.0, 14.0, 15.0, 16.0, 17.0, 18.0, 19.0, 20.0, 21.0, 22.0, 23.0, 24.0, 25.0, 26.0, 27.0, 28.0, 29.0, 30.0, 31.0, 32.0, 33.0, 34.0, 35.0, 36.0, 37.0, 38.0, 39.0, 40.0, 41.0, 42.0, 43.0, 44.0, 45.0, 46.0, 47.0, 48.0, 49.0, 50.0, 51.0, 52.0, 53.0, 54.0, 55.0, 56.0, 57.0, 58.0, 59.0, 60.0, 61.0, 62.0, 63.0, 64.0, 65.0, 66.0, 67.0, 68.0, 69.0, 70.0, 71.0, 72.0, 73.0, 74.0, 75.0, 76.0, 77.0, 78.0, 79.0, 80.0, 81.0, 82.0, 83.0, 84.0, 85.0, 86.0, 87.0, 88.0, 89.0, 90.0, 91.0, 92.0, 93.0, 94.0, 95.0, 96.0, 97.0, 98.0, 99.0, 100.0, 101.0, 102.0, 103.0, 104.0, 105.0, 106.0, 107.0, 108.0, 109.0, 110.0, 111.0, 112.0, 113.0, 114.0, 115.0, 116.0, 117.0, 118.0, 119.0, 120.0]","[3, 20, 28, 36, 48, 49, 55, 58, 65, 77, 87, 90, 91, 91, 92, 95]",inv_pyramid,16,<class 'torch.nn.modules.activation.GELU'>,0.5,<class 'torch.optim.rmsprop.RMSprop'>,0.005597903939882154,1e-05,,32,False,xavier_uniform,exponential,{'gamma': 0.95},None,"[2.285374402999878, 10.571709632873535, 9.961942672729492, 4.0500874519348145, 3.6122193336486816, 2.67436146736145, 2.4411752223968506, 2.42883038520813, 4.8467583656311035, 2.5356621742248535, 3.0896928310394287, 2.582160472869873, 2.415598154067993, 2.487281322479248, 2.3392038345336914, 2.283236026763916, 2.243166208267212, 2.3933095932006836, 2.3334600925445557, 2.276965618133545, 2.3646395206451416, 2.3937370777130127, 2.3325374126434326, 2.311717987060547, 2.5866334438323975, 2.375800848007202, 2.35009503364563, 2.3001272678375244, 2.373077392578125, 2.3047592639923096, 2.667416572570801, 2.3315396308898926, 2.363201856613159, 2.3551957607269287, 2.269040107727051, 2.2667717933654785, 2.3050060272216797, 2.3409016132354736, 2.329184055328369, 2.25278902053833, 2.3090498447418213, 2.3014214038848877, 2.274029016494751, 2.354414939880371, 2.2722790241241455, 2.313337802886963, 2.188560962677002, 2.31825590133667, 2.3426222801208496, 2.3437037467956543, 2.2464046478271484, 2.3005754947662354, 2.275747537612915, 2.273804187774658, 2.262692451477051, 2.676483154296875, 2.3824069499969482, 2.387957811355591, 2.5433483123779297, 2.281186103820801, 2.21478533744812, 2.2692978382110596, 2.258579730987549, 2.2871012687683105, 2.2069711685180664, 2.3891794681549072, 2.4727015495300293, 2.3404033184051514, 2.237992763519287, 2.457740545272827, 2.3176825046539307, 2.390293836593628, 2.4446849822998047, 2.374755859375, 2.290863275527954, 2.3054869174957275, 2.294168710708618, 3.1087453365325928, 2.334077835083008, 2.35727858543396, 2.2916688919067383, 2.373962640762329, 2.4136786460876465, 2.349540948867798, 2.2355523109436035, 2.3332409858703613, 2.332423210144043, 2.3357276916503906, 2.258279800415039, 2.316286087036133, 2.3482842445373535, 2.306255578994751, 2.3222877979278564, 2.3296620845794678, 2.411325454711914, 2.247917890548706, 2.637460708618164, 2.2691736221313477, 2.312215566635132, 2.361957550048828, 2.3123679161071777, 2.2789106369018555, 2.3695714473724365, 2.296827793121338, 2.256775140762329, 2.3151748180389404, 2.260939359664917, 2.327605724334717, 2.316582202911377, 2.2597501277923584, 2.3118746280670166, 2.3062191009521484, 2.2760086059570312, 2.23987078666687, 2.2575879096984863, 2.31550931930542, 2.339500904083252, 2.306891679763794, 2.3300869464874268, 2.206578016281128]","[0.125, 0.0625, 0.0625, 0.21875, 0.03125, 0.15625, 0.03125, 0.09375, 0.1875, 0.15625, 0.03125, 0.125, 0.03125, 0.0, 0.09375, 0.09375, 0.1875, 0.03125, 0.1875, 0.1875, 0.15625, 0.03125, 0.09375, 0.0625, 0.09375, 0.09375, 0.09375, 0.1875, 0.03125, 0.125, 0.03125, 0.0625, 0.125, 0.03125, 0.125, 0.09375, 0.125, 0.03125, 0.09375, 0.125, 0.125, 0.1875, 0.15625, 0.15625, 0.125, 0.09375, 0.1875, 0.03125, 0.03125, 0.0625, 0.0625, 0.15625, 0.1875, 0.125, 0.125, 0.1875, 0.15625, 0.15625, 0.125, 0.15625, 0.15625, 0.0625, 0.1875, 0.15625, 0.1875, 0.125, 0.09375, 0.0625, 0.125, 0.15625, 0.09375, 0.09375, 0.125, 0.09375, 0.125, 0.125, 0.125, 0.09375, 0.125, 0.125, 0.125, 0.0625, 0.03125, 0.09375, 0.1875, 0.0625, 0.0, 0.0625, 0.125, 0.03125, 0.0625, 0.09375, 0.125, 0.03125, 0.15625, 0.125, 0.15625, 0.09375, 0.09375, 0.0, 0.09375, 0.0625, 0.03125, 0.0625, 0.15625, 0.03125, 0.09375, 0.09375, 0.0625, 0.09375, 0.125, 0.09375, 0.09375, 0.09375, 0.21875, 0.09375, 0.125, 0.125, 0.125, 0.09375]","[2.8653232574462892, 2.3190493106842043, 2.3181645393371584, 2.325818586349487, 2.3154506921768188, 2.316419243812561, 2.3137293577194216, 2.316726541519165, 2.31206796169281, 2.313855600357056, 2.316330814361572, 2.313134860992432, 2.3082059383392335, 2.3154738664627077, 2.315082144737244, 2.3209806442260743, 2.3132866859436034, 2.3076316356658935, 2.3101547956466675, 2.314659094810486, 2.3180166482925415, 2.3207324504852296, 2.321326470375061, 2.316592502593994, 2.3140069246292114, 2.3099953651428224, 2.309663915634155, 2.309771728515625, 2.306490969657898, 2.307454514503479, 2.3072278022766115, 2.307815361022949, 2.3090564966201783, 2.311226463317871, 2.3149611711502076, 2.3179434537887573, 2.314806318283081, 2.314835262298584, 2.3157962799072265, 2.313594698905945, 2.3111692667007446, 2.3118804931640624, 2.313097095489502, 2.311209964752197, 2.3166290044784548, 2.3153525829315185, 2.313548541069031, 2.3169503927230837, 2.320222592353821, 2.320619821548462, 2.322785186767578, 2.3229522943496703, 2.3253077030181886, 2.321407103538513, 2.315244770050049, 2.3128676652908324, 2.312604546546936, 2.308799910545349, 2.3102249622344972, 2.309549021720886, 2.311671829223633, 2.312743902206421, 2.3114906787872314, 2.3116403818130493, 2.3157042503356933, 2.3138596057891845, 2.3139578342437743, 2.3169277906417847, 2.3173524856567385, 2.3107832431793214, 2.310218262672424, 2.311281609535217, 2.3100417375564577, 2.310634183883667, 2.3137349128723144, 2.3137349605560305, 2.3160519361495973, 2.311829352378845, 2.310701608657837, 2.3109454870224, 2.3110531091690065, 2.312748908996582, 2.3111382961273192, 2.31027352809906, 2.311479997634888, 2.3130184173583985, 2.3086109161376953, 2.308894681930542, 2.308538389205933, 2.306580638885498, 2.305355763435364, 2.3054725170135497, 2.3056076526641847, 2.3056570053100587, 2.305313777923584, 2.3054317474365233, 2.305600881576538, 2.307591772079468, 2.307124900817871, 2.306325912475586, 2.3060808420181274, 2.307245659828186, 2.306714725494385, 2.306686186790466, 2.3083085298538206, 2.3073703765869142, 2.3077080965042116, 2.3078439950942995, 2.3058881044387816, 2.3065545082092287, 2.307240629196167, 2.306537699699402, 2.3061007499694823, 2.306030797958374, 2.3058379650115968, 2.305924129486084, 2.3057987451553346, 2.3056904077529907, 2.30626699924469, 2.3098270416259767]","[0.16875, 0.1, 0.115625, 0.1, 0.1, 0.1, 0.1, 0.1, 0.1, 0.1, 0.1, 0.1, 0.1, 0.1, 0.1, 0.1, 0.1, 0.1, 0.1, 0.1, 0.1, 0.1, 0.1, 0.1, 0.1, 0.1, 0.1, 0.1, 0.1, 0.1, 0.1, 0.1, 0.1, 0.1, 0.1, 0.1, 0.1, 0.1, 0.1, 0.1, 0.1, 0.1, 0.1, 0.1, 0.1, 0.1, 0.1, 0.1, 0.1, 0.1, 0.1, 0.1, 0.1, 0.1, 0.1, 0.1, 0.1, 0.1, 0.1, 0.1, 0.1, 0.1, 0.1, 0.1, 0.1, 0.1, 0.1, 0.1, 0.1, 0.1, 0.1, 0.1, 0.1, 0.1, 0.1, 0.1, 0.1, 0.1, 0.1, 0.1, 0.1, 0.1, 0.1, 0.1, 0.1, 0.1, 0.1, 0.1, 0.1, 0.1, 0.1, 0.096875, 0.1, 0.1, 0.1, 0.1, 0.1, 0.1, 0.1, 0.1, 0.1, 0.1, 0.1, 0.1, 0.1, 0.1, 0.1, 0.1, 0.1, 0.1, 0.1, 0.1, 0.1, 0.1, 0.1, 0.1, 0.1, 0.1, 0.1, 0.1]",0.0752730449127579,0.0,False,"[0.005000591278076172, 0.0039975643157958984, 0.004506111145019531, 0.004003047943115234, 0.0045108795166015625, 0.003999233245849609, 0.0040018558502197266, 0.004001140594482422, 0.005000591278076172, 0.003999948501586914, 0.004563093185424805, 0.004000425338745117, 0.003996372222900391, 0.0045108795166015625, 0.0050013065338134766, 0.003500699996948242, 0.0030024051666259766, 0.00400090217590332, 0.004502534866333008, 0.002999544143676758, 0.003999948501586914, 0.0030014514923095703, 0.00400233268737793, 0.004000663757324219, 0.004000663757324219, 0.003999948501586914, 0.00400090217590332, 0.003999948501586914, 0.003999471664428711, 0.00600123405456543, 0.004000186920166016, 0.00299835205078125, 0.004000425338745117, 0.0039997100830078125, 0.003999948501586914, 0.0029990673065185547, 0.003998517990112305, 0.004003763198852539, 0.003504514694213867, 0.002998828887939453, 0.004000186920166016, 0.003003358840942383, 0.0039997100830078125, 0.004002809524536133, 0.0040018558502197266, 0.003002166748046875, 0.004000186920166016, 0.004514217376708984, 0.003174304962158203, 0.004000425338745117, 0.0035066604614257812, 0.0029993057250976562, 0.004000186920166016, 0.003999471664428711, 0.0030035972595214844, 0.004355669021606445, 0.003999471664428711, 0.00400090217590332, 0.0029993057250976562, 0.004000425338745117, 0.005502462387084961, 0.004507303237915039, 0.004000425338745117, 0.0040035247802734375, 0.00299835205078125, 0.0040013790130615234, 0.004001140594482422, 0.004004716873168945, 0.0040018558502197266, 0.0029997825622558594, 0.004000186920166016, 0.002998828887939453, 0.00299835205078125, 0.004000186920166016, 0.0029997825622558594, 0.0060007572174072266, 0.003002166748046875, 0.0030007362365722656, 0.00400233268737793, 0.004004001617431641, 0.0029993057250976562, 0.003999948501586914, 0.002999544143676758, 0.0029997825622558594, 0.004000186920166016, 0.004000186920166016, 0.003999948501586914, 0.00400090217590332, 0.004000425338745117, 0.0029997825622558594, 0.003999471664428711, 0.002999544143676758, 0.0029997825622558594, 0.004003763198852539, 0.004004001617431641, 0.0040018558502197266, 0.0030019283294677734, 0.004000663757324219, 0.004004478454589844, 0.002999544143676758, 0.004000663757324219, 0.003000020980834961, 0.004004240036010742, 0.0030183792114257812, 0.003999233245849609, 0.0029981136322021484, 0.00450897216796875, 0.0035066604614257812, 0.004000186920166016, 0.003506183624267578, 0.004003047943115234, 0.0030012130737304688, 0.0030014514923095703, 0.005507230758666992, 0.004001617431640625, 0.003999471664428711, 0.003999471664428711, 0.002998828887939453, 0.004000186920166016, 0.004000425338745117]","[40, 40, 40, 40, 40, 40]","[0.6722893714904785, 0.6367878913879395, 0.6147875785827637]",6120,6120,0.050316899121987675,0.10022919070352812,0.09375,2.206578016281128,0.1,2.3098270416259767,1.9238648414611816,0.6412882804870605
10,256,"[3072, 1280, 1280, 1280]",3,15,"[1.0, 1.0, 1.0, 1.0, 1.0, 1.0, 1.0, 1.0, 1.0, 1.0, 1.0, 1.0, 1.0, 1.0, 1.0]","[1.0, 2.0, 3.0, 4.0, 5.0, 6.0, 7.0, 8.0, 9.0, 10.0, 11.0, 12.0, 13.0, 14.0, 15.0]","[1.0, 2.0, 3.0, 4.0, 5.0, 6.0, 7.0, 8.0, 9.0, 10.0, 11.0, 12.0, 13.0, 14.0, 15.0]","[7, 45, 75, 85, 28, 42, 8, 10, 20, 17, 76, 41, 92, 19, 78, 37, 30, 31, 51, 90, 14, 59, 44, 63, 28]",irregular,25,<class 'torch.nn.modules.activation.LeakyReLU'>,0.0,<class 'torch.optim.adamw.AdamW'>,0.06097624209513673,1e-06,,256,False,kaiming_uniform,exponential,{'gamma': 0.9},None,"[2.3134827613830566, 166.73023986816406, 42.26165771484375, 30.35519790649414, 3.3050174713134766, 21.287199020385742, 6966.8642578125, 11.211004257202148, 6.030131816864014, 4.0258002281188965, 27.66590690612793, 19.532758712768555, 10.532594680786133, 25.986055374145508, 2.825986623764038]","[0.07421875, 0.078125, 0.09765625, 0.08203125, 0.109375, 0.1015625, 0.09765625, 0.09765625, 0.171875, 0.0703125, 0.234375, 0.09765625, 0.07421875, 0.0703125, 0.08984375]","[159.0846710205078, 40.3481201171875, 28.413559341430663, 3.274295139312744, 23.361044311523436, 7218.7275390625, 11.561147308349609, 6.678668022155762, 3.7525248527526855, 30.66011962890625, 20.154916763305664, 12.113515090942382, 25.51235427856445, 2.8943605422973633, 3.4660776615142823]","[0.1, 0.1, 0.103125, 0.1, 0.1, 0.1, 0.109375, 0.1625, 0.0875, 0.18125, 0.1, 0.09375, 0.071875, 0.1, 0.1]",0.2575619511777033,0.0,False,"[0.005998849868774414, 0.003999233245849609, 0.004998922348022461, 0.0040013790130615234, 0.003998756408691406, 0.0049991607666015625, 0.003506898880004883, 0.003998994827270508, 0.003998994827270508, 0.003998994827270508, 0.00400233268737793, 0.004000425338745117, 0.003999233245849609, 0.004004955291748047, 0.003998756408691406]","[5, 5, 5, 5, 5, 5]","[0.05350780487060547, 0.04650759696960449, 0.04550886154174805]",765,765,0.20318053862132085,0.31194336373408577,0.08984375,2.825986623764038,0.1,3.4660776615142823,0.145524263381958,0.048508087793986
