id,batch_size,n_instances,epochs_trained,efforts,arch_hidden_layers,arch_shape,arch_depth,arch_activation_fn,arch_dropout_rate,arch_optimizer_type,arch_learning_rate,arch_weight_decay,arch_momentum,arch_batch_size,arch_use_skip_connections,arch_initializer,arch_lr_scheduler,arch_scheduler_params,arch_seed,train_loss,train_acc,val_loss,val_acc,test_loss,test_acc,forecasted_val_acc,score,fcst_greater_than_baseline,last_train_acc,last_train_loss,last_val_acc,last_val_loss,slope_val_acc,var_val_acc,gap_val_acc,p_sigmoid,p_mc,p_above_goal
3,128,"[527, 1054]",1,[5],"[100, 92, 90, 80, 70, 68, 61, 56, 51, 50, 46, 46, 45, 43, 41, 33, 24, 22, 16, 16, 5, 3]",pyramid,22,<class 'torch.nn.modules.activation.Tanh'>,0.5,<class 'torch.optim.rmsprop.RMSprop'>,0.00013816103185302256,0.01,,128,False,xavier_normal,none,{},42375,[2.148266524019911],[0.14990512333965844],[2.0325914391617492],[0.11229135053110774],[],[],0.26229135053110775,0.002952601039403388,False,0.14990512333965844,2.148266524019911,0.11229135053110774,2.0325914391617492,0.0,0.0,0.0,6.548858663208162e-09,0.0,1.964657598962449e-09
20,1024,"[527, 1054]",1,[1],"[7, 17, 22, 30, 32, 41, 46, 56, 57, 63, 72, 86, 99]",triangular,13,<class 'torch.nn.modules.activation.GELU'>,0.3,<class 'torch.optim.sgd.SGD'>,0.001156372984008507,0.001,0.8,1024,True,xavier_normal,step,"{'step_size': 5, 'gamma': 0.5}",282500,[1.9556958675384521],[0.11005692599620494],[1.9570433237845692],[0.11229135053110774],[],[],0.26229135053110775,0.002952601039403388,False,0.11005692599620494,1.9556958675384521,0.11229135053110774,1.9570433237845692,0.0,0.0,0.0,6.548858663208162e-09,0.0,1.964657598962449e-09
6,1024,"[527, 1054]",1,[1],"[73, 73, 73, 73, 73, 73, 73, 73, 73, 73, 73, 73, 73, 73, 73, 73, 73, 73, 73, 73, 73, 73]",constant,22,<class 'torch.nn.modules.activation.LeakyReLU'>,0.4,<class 'torch.optim.rmsprop.RMSprop'>,0.0001431923924022744,0.01,,1024,True,xavier_uniform,exponential,{'gamma': 0.99},84750,[43521.6171875],[0.10815939278937381],[109.01660452627087],[0.0819423368740516],[],[],0.23194233687405158,0.0,False,0.10815939278937381,43521.6171875,0.0819423368740516,109.01660452627087,0.0,0.0,0.0,3.5690899088773434e-09,0.0,1.0707269726632031e-09
17,1024,"[527, 1054, 2108]",2,"[1, 3]","[8, 10, 13, 19, 24, 32, 38, 41, 45, 50, 51, 60, 60, 61, 61, 68, 71, 82, 83, 93, 93]",triangular,21,<class 'torch.nn.modules.activation.GELU'>,0.1,<class 'torch.optim.sgd.SGD'>,0.02680569273344529,0.0001,0.8,1024,True,kaiming_normal,step,"{'step_size': 10, 'gamma': 0.9}",240125,"[3.4245564937591553, 2.1248083352137788]","[0.12333965844402277, 0.12903225806451613]","[1.9600107271863043, 1.9533411195679753]","[0.12291350531107739, 0.11987860394537178]",[],[],0.2698786039453718,0.0007140462291179372,False,0.12903225806451613,2.1248083352137788,0.11987860394537178,1.9533411195679753,0.0,0.0,0.0,7.621977278726e-09,0.0,2.2865931836178003e-09
14,1024,"[527, 1054, 2108]",2,"[1, 3]","[4, 5, 24, 30, 32, 34, 41, 53, 62, 68, 69, 74, 79, 85, 86, 87, 89, 95, 96]",triangular,19,<class 'torch.nn.modules.activation.GELU'>,0.5,<class 'torch.optim.sgd.SGD'>,0.06903233505484939,1e-05,0.99,1024,False,kaiming_normal,cosine,{'T_max': 50},197750,"[255.9857940673828, nan]","[0.16318785578747627, 0.17647058823529413]","[378.4869476920375, nan]","[0.17981790591805766, 0.11608497723823975]",[],[],0.26608497723823976,0.0004226298219369318,False,0.17647058823529413,,0.11608497723823975,,0.0,0.0,0.0,7.065072677233521e-09,0.0,2.1195218031700567e-09
8,512,"[527, 1054, 2108]",2,"[2, 5]","[90, 78, 68, 57, 56, 48, 40, 34, 28, 27, 16, 16, 27, 28, 34, 40, 48, 56, 57, 68, 78, 90]",hourglass,21,<class 'torch.nn.modules.activation.Sigmoid'>,0.1,<class 'torch.optim.rmsprop.RMSprop'>,0.001559044554898602,0.001,,512,False,xavier_normal,step,"{'step_size': 5, 'gamma': 0.1}",113000,"[1.9595539397940012, 1.9404525449199062]","[0.19165085388994307, 0.18026565464895636]","[2.0047199315474864, 1.9313446762710131]","[0.1646433990895296, 0.11229135053110774]",[],[],0.26229135053110775,0.00015250593913797278,False,0.18026565464895636,1.9404525449199062,0.11229135053110774,1.9313446762710131,0.0,0.0,0.0,6.548858663208162e-09,0.0,1.964657598962449e-09
28,128,"[527, 1054]",1,[5],"[49, 97, 97, 17]",mutated,25,<class 'torch.nn.modules.activation.Tanh'>,0.2,<class 'torch.optim.sgd.SGD'>,0.020516704633678922,1e-05,0.95,128,False,xavier_normal,cosine,{'T_max': 50},155375,[2.0286248700668508],[0.1252371916508539],[1.9969344766802057],[0.11001517450682853],[],[],0.26001517450682854,0.0,False,0.1252371916508539,2.0286248700668508,0.11001517450682853,1.9969344766802057,0.0,0.0,0.0,6.257415706778752e-09,0.0,1.877224712033626e-09
27,32,"[527, 1054, 2108]",2,"[17, 50]","[13, 11, 11, 55]",mutated,14,<class 'torch.nn.modules.activation.LeakyReLU'>,0.1,<class 'torch.optim.sgd.SGD'>,0.00020225155654263356,0.0001,0.99,32,False,xavier_uniform,cosine,{'T_max': 50},254250,"[1.971927453263661, 1.9587929674072555]","[0.1859582542694497, 0.1888045540796964]","[1.970644098674039, 1.953404718899763]","[0.18209408194233687, 0.18133535660091046]",[],[],0.33133535660091046,9.994740771129836e-10,False,0.1888045540796964,1.9587929674072555,0.18133535660091046,1.953404718899763,0.0,0.0,0.0,2.605398184067023e-08,0.0,7.81619455220107e-09
4,1024,"[527, 1054, 2108, 4216]",3,"[1, 3, 6]","[89, 86, 79, 35, 15, 13, 10]",pyramid,7,<class 'torch.nn.modules.activation.GELU'>,0.2,<class 'torch.optim.adamw.AdamW'>,0.026084817419894882,0.0001,,1024,True,kaiming_normal,cosine,{'T_max': 100},56500,"[2.1880455017089844, 2.183463348383243, 1.9208363624858675]","[0.1555977229601518, 0.16698292220113853, 0.18738140417457305]","[2.0104429316629226, 1.918295267861964, 1.9021906398677682]","[0.20106221547799696, 0.15857359635811835, 0.16236722306525037]",[],[],0.31236722306525033,6.440447345187322e-10,False,0.18738140417457305,1.9208363624858675,0.16236722306525037,1.9021906398677682,-0.0077389984825493195,0.00036855297734774404,-0.017450682852807292,1.7697740317109168e-08,0.0,5.309322095132751e-09
30,256,"[527, 1054]",1,[3],"[89, 80, 78, 61, 60, 57, 52, 48, 37, 22, 8, 22, 37, 48, 52, 57, 60, 61, 78, 80, 89]",hourglass,20,<class 'torch.nn.modules.activation.ELU'>,0.5,<class 'torch.optim.adamw.AdamW'>,0.00011353760357248227,0.0,,256,True,xavier_normal,exponential,{'gamma': 0.95},14127,[2.370836995810666],[0.18026565464895636],[1.9554604624761254],[0.10698027314112292],[],[],0.25698027314112293,1.417605120945934e-10,False,0.18026565464895636,2.370836995810666,0.10698027314112292,1.9554604624761254,0.0,0.0,0.0,5.888900210057025e-09,0.0,1.7666700630171077e-09
32,512,"[527, 1054]",1,[2],"[93, 79, 51, 28, 7, 28, 51, 36, 43, 51, 57, 65, 76, 94, 256]",mutated,14,<class 'torch.nn.modules.activation.LeakyReLU'>,0.1,<class 'torch.optim.rmsprop.RMSprop'>,0.045142268598243634,0.0001,0.99,512,False,xavier_uniform,step,"{'step_size': 10, 'gamma': 0.5, 'T_max': 50}",254250,[21162831026.712833],[0.18216318785578747],[515620874193.3839],[0.06525037936267071],[],[],0.21525037936267072,0.0,False,0.18216318785578747,21162831026.712833,0.06525037936267071,515620874193.3839,0.0,0.0,0.0,2.5560716120579763e-09,0.0,7.66821483617393e-10
29,32,"[527, 1054, 2108]",2,"[17, 50]","[28, 23, 17, 17, 23, 28]",hourglass,5,<class 'torch.nn.modules.activation.GELU'>,0.4,<class 'torch.optim.adam.Adam'>,0.03903304514522225,1e-06,,32,True,kaiming_uniform,exponential,{'gamma': 0.99},14125,"[2.726479734370107, 1.9388193358053971]","[0.1840607210626186, 0.21916508538899432]","[1.8864328068919898, 1.8785239971823684]","[0.24506828528072838, 0.24203338391502277]",[],[],0.39203338391502274,3.7212832904508082e-09,False,0.21916508538899432,1.9388193358053971,0.24203338391502277,1.8785239971823684,0.0,0.0,0.0,8.771832706950862e-08,0.0,2.631549812085259e-08
35,32,"[527, 1054]",1,[17],"[11, 11, 11, 55]",mutated,17,<class 'torch.nn.modules.activation.Sigmoid'>,0.2,<class 'torch.optim.sgd.SGD'>,0.03863077527237173,0.0,0.99,32,True,kaiming_uniform,cosine,{'T_max': 50},183625,[2.0255917312976757],[0.17077798861480076],[1.9482164578300325],[0.24203338391502277],[],[],0.39203338391502274,3.7212832904508082e-09,False,0.17077798861480076,2.0255917312976757,0.24203338391502277,1.9482164578300325,0.0,0.0,0.0,8.771832706950862e-08,0.0,2.631549812085259e-08
34,1024,"[527, 1054]",1,[1],"[93, 82, 77, 71, 71, 50, 46, 20, 9, 7, 5, 5, 3, 5, 5, 7, 9, 20, 46, 50, 71, 71, 77, 82, 93]",hourglass,24,<class 'torch.nn.modules.activation.ELU'>,0.5,<class 'torch.optim.adam.Adam'>,0.011884956687492048,0.01,,1024,False,kaiming_uniform,step,"{'step_size': 5, 'gamma': 0.9}",14128,[3047.14453125],[0.127134724857685],[3.079169013612368],[0.23520485584218512],[],[],0.3852048558421851,3.1178912277758145e-09,False,0.127134724857685,3047.14453125,0.23520485584218512,3.079169013612368,0.0,0.0,0.0,7.652062628783366e-08,0.0,2.2956187886350103e-08
13,32,"[527, 1054, 2108, 4216, 8432]",4,"[17, 50, 116, 248]","[11, 11, 11, 11, 11, 11, 11, 11, 11, 11, 11, 11, 11, 11, 11, 11, 11]",constant,17,<class 'torch.nn.modules.activation.Sigmoid'>,0.2,<class 'torch.optim.sgd.SGD'>,0.03863077527237173,0.0,0.99,32,True,kaiming_uniform,cosine,{'T_max': 50},183625,"[1.9452521145004475, 1.9669060259209186, 1.9365552819883574, 1.9120720450746944]","[0.19924098671726756, 0.18311195445920303, 0.20920303605313093, 0.196157495256167]","[1.9277049525554697, 2.0217544240184546, 1.8910713910332941, 1.8974483928477819]","[0.17981790591805766, 0.24203338391502277, 0.24203338391502277, 0.17981790591805766]",[],[],0.36781790591805763,1.8509757592251233e-09,False,0.196157495256167,1.9120720450746944,0.17981790591805766,1.8974483928477819,0.0,0.0009676914255977126,-0.041476985331310084,5.300931215218932e-08,0.0,1.59027936456568e-08
36,512,"[527, 1054]",1,[2],"[7, 34, 50, 52, 53, 58, 64, 68, 69, 69, 71, 75, 76, 88, 88, 89, 17, 15, 12, 5, 4]",mutated,17,<class 'torch.nn.modules.activation.GELU'>,0.4,<class 'torch.optim.adamw.AdamW'>,0.007435141295848892,0.01,,512,False,xavier_uniform,none,{'T_max': 50},141250,[1.9541900838801258],[0.18026565464895636],[1.9443352048784177],[0.1646433990895296],[],[],0.3146433990895296,0.0,False,0.18026565464895636,1.9541900838801258,0.1646433990895296,1.9443352048784177,0.0,0.0,0.0,1.8659054686007483e-08,0.0,5.597716405802246e-09
1,32,"[527, 1054, 2108, 4216, 8432, 10542]",5,"[17, 50, 116, 248, 413]","[28, 23, 17, 17, 23, 28]",hourglass,5,<class 'torch.nn.modules.activation.GELU'>,0.4,<class 'torch.optim.adam.Adam'>,0.03903304514522225,1e-06,,32,True,kaiming_uniform,exponential,{'gamma': 0.99},14125,"[2.726479734370107, 1.9388193358053971, 1.8994262496705752, 1.8919839472200657, 1.8865326822787845]","[0.1840607210626186, 0.21916508538899432, 0.2239089184060721, 0.22462049335863377, 0.22993739328400684]","[1.8864328068919898, 1.8785239971823684, 1.889487144979613, 1.8787702928001855, 1.8816221366341088]","[0.24506828528072838, 0.24203338391502277, 0.24203338391502277, 0.24203338391502277, 0.24203338391502277]",[],[],0.39203338391502274,4.272533892081815e-09,False,0.22993739328400684,1.8865326822787845,0.24203338391502277,1.8816221366341088,-7.663892337640432e-06,1.4737002079298852e-06,-0.0007587253414264028,8.771574169801642e-08,0.0,2.6314722509404928e-08
39,32,"[527, 1054]",1,[17],"[99, 11, 11, 55]",mutated,16,<class 'torch.nn.modules.activation.GELU'>,0.3,<class 'torch.optim.sgd.SGD'>,0.02579930544955364,1e-05,0.9,32,True,kaiming_uniform,cosine,{'T_max': 10},211875,[2.1677244612116513],[0.1935483870967742],[1.9175328946077408],[0.24127465857359637],[],[],0.39127465857359633,4.202202389784778e-09,False,0.1935483870967742,2.1677244612116513,0.24127465857359637,1.9175328946077408,0.0,0.0,0.0,8.639729346132169e-08,0.0,2.5919188038396512e-08
38,32,"[527, 1054]",1,[17],"[73, 88, 4, 34, 37, 5, 78]",irregular,7,<class 'torch.nn.modules.activation.Tanh'>,0.4,<class 'torch.optim.adamw.AdamW'>,0.0017786103091322254,0.01,,32,True,xavier_uniform,step,"{'step_size': 30, 'gamma': 0.1}",14129,[1.9325873639144753],[0.1859582542694497],[1.8894602337086146],[0.2336874051593323],[],[],0.3836874051593323,3.553318491330869e-09,False,0.1859582542694497,1.9325873639144753,0.2336874051593323,1.8894602337086146,0.0,0.0,0.0,7.42331877079289e-08,0.0,2.2269956312378673e-08
41,256,"[527, 1054]",1,[3],"[7, 34, 62, 72]",mutated,3,<class 'torch.nn.modules.activation.ReLU'>,0.2,<class 'torch.optim.adamw.AdamW'>,0.007435141295848892,0.01,,256,False,kaiming_uniform,cosine,{'T_max': 50},141250,[2.1729952958774748],[0.14800759013282733],[1.9392147263192625],[0.21471927162367224],[],[],0.36471927162367224,2.303165986314761e-09,False,0.14800759013282733,2.1729952958774748,0.21471927162367224,1.9392147263192625,0.0,0.0,0.0,5.079758186978367e-08,0.0,1.5239274560935102e-08
40,512,"[527, 1054]",1,[2],"[83, 34, 50, 52, 53, 58, 64, 68, 69, 69, 71, 75, 76, 88, 88, 89, 97]",mutated,4,<class 'torch.nn.modules.activation.ReLU'>,0.2,<class 'torch.optim.rmsprop.RMSprop'>,0.007435141295848892,0.01,,512,True,kaiming_normal,none,{'T_max': 50},141250,[41.82271429709737],[0.21821631878557876],[2.018909069041019],[0.11987860394537178],[],[],0.2698786039453718,0.0,False,0.21821631878557876,41.82271429709737,0.11987860394537178,2.018909069041019,0.0,0.0,0.0,7.621977278726e-09,0.0,2.2865931836178003e-09
26,32,"[527, 1054, 2108, 4216, 8432, 10542]",5,"[17, 50, 116, 248, 413]","[28, 23, 17, 17, 23, 28]",hourglass,5,<class 'torch.nn.modules.activation.GELU'>,0.4,<class 'torch.optim.adam.Adam'>,0.03903304514522225,1e-06,,32,True,kaiming_uniform,exponential,{'gamma': 0.99},14125,"[2.726479734370107, 1.9388193358053971, 1.8994262496705752, 1.8919839472200657, 1.8865326822787845]","[0.1840607210626186, 0.21916508538899432, 0.2239089184060721, 0.22462049335863377, 0.22993739328400684]","[1.8864328068919898, 1.8785239971823684, 1.889487144979613, 1.8787702928001855, 1.8816221366341088]","[0.24506828528072838, 0.24203338391502277, 0.24203338391502277, 0.24203338391502277, 0.24203338391502277]",[],[],0.39203338391502274,3.826871531665103e-09,False,0.22993739328400684,1.8865326822787845,0.24203338391502277,1.8816221366341088,-7.663892337640432e-06,1.4737002079298852e-06,-0.0007587253414264028,8.771574169801642e-08,0.0,2.6314722509404928e-08
45,512,"[527, 1054]",1,[2],"[72, 62, 26, 17, 32]",mutated,3,<class 'torch.nn.modules.activation.GELU'>,0.2,<class 'torch.optim.adamw.AdamW'>,0.020516704633678922,1e-06,,512,True,kaiming_normal,cosine,{'T_max': 10},169500,[2.1325143702342344],[0.16698292220113853],[1.9332895461633823],[0.20030349013657056],[],[],0.3503034901365706,1.4713753740441975e-09,False,0.16698292220113853,2.1325143702342344,0.20030349013657056,1.9332895461633823,0.0,0.0,0.0,3.80740593430953e-08,0.0,1.1422217802928591e-08
7,32,"[527, 1054, 2108, 4216, 8432, 10542, 10542]",6,"[17, 50, 116, 248, 413, 578]","[98, 65, 60, 37, 37, 33, 31, 18, 15, 8]",pyramid,10,<class 'torch.nn.modules.activation.Tanh'>,0.5,<class 'torch.optim.adam.Adam'>,0.052164117530572714,1e-05,,32,True,kaiming_uniform,none,{},98875,"[1.9847806642358625, 1.9285471848790061, 1.923356711525166, 1.9375168415355501, 1.9342421730427244, 1.9417698237683827]","[0.1954459203036053, 0.21631878557874762, 0.21584440227703985, 0.20422201138519924, 0.20736103206222728, 0.19692657939669891]","[1.9560806364137595, 1.8841875733663533, 1.8826445398996379, 1.907411615475899, 1.8900682524592816, 1.9177830152337938]","[0.20182094081942337, 0.23823975720789076, 0.24203338391502277, 0.2116843702579666, 0.22458270106221548, 0.19650986342943855]",[],[],0.34650986342943857,1.3294331109084617e-09,False,0.19692657939669891,1.9417698237683827,0.19650986342943855,1.9177830152337938,-9.467161122967593e-06,0.00029769831565788573,-0.027162367223065254,3.50826502013204e-08,0.0,1.0524795060396122e-08
44,512,"[527, 1054]",1,[2],"[94, 50, 26, 17]",mutated,21,<class 'torch.nn.modules.activation.GELU'>,0.2,<class 'torch.optim.adamw.AdamW'>,0.0006585104721427294,1e-05,,512,False,xavier_uniform,none,{},226000,[1.9938738395864641],[0.13851992409867173],[1.9660810818259742],[0.1479514415781487],[],[],0.2979514415781487,2.988381910599296e-10,False,0.13851992409867173,1.9938738395864641,0.1479514415781487,1.9660810818259742,0.0,0.0,0.0,1.3363036912123085e-08,0.0,4.008911073636926e-09
43,512,"[527, 1054]",1,[2],"[75, 10, 18, 100, 33, 38, 30, 51, 7, 94, 68, 19, 35, 57, 49]",irregular,15,<class 'torch.nn.modules.activation.LeakyReLU'>,0.0,<class 'torch.optim.adam.Adam'>,0.00036917801697302754,1e-06,,512,True,xavier_uniform,step,"{'step_size': 30, 'gamma': 0.5}",14130,[1.9558740815808695],[0.11764705882352941],[1.9523156486983002],[0.11608497723823975],[],[],0.26608497723823976,0.0,False,0.11764705882352941,1.9558740815808695,0.11608497723823975,1.9523156486983002,0.0,0.0,0.0,7.065072677233521e-09,0.0,2.1195218031700567e-09
46,1024,"[527, 1054]",1,[1],"[83, 50, 81, 81, 79, 75, 55, 45, 40, 38, 35, 34, 28, 26, 23, 34, 17, 15, 12, 5, 4]",mutated,21,<class 'torch.nn.modules.activation.GELU'>,0.2,<class 'torch.optim.adam.Adam'>,0.0006585104721427294,1e-05,,1024,False,kaiming_normal,none,{},226000,[2.5488078594207764],[0.1062618595825427],[2.023713686035689],[0.11608497723823975],[],[],0.26608497723823976,0.0,False,0.1062618595825427,2.5488078594207764,0.11608497723823975,2.023713686035689,0.0,0.0,0.0,7.065072677233521e-09,0.0,2.1195218031700567e-09
22,32,"[527, 1054, 2108, 4216, 8432, 10542, 10542, 10542]",7,"[17, 50, 116, 248, 413, 578, 743]","[100, 75, 62, 53, 53, 48, 40, 39, 26, 25, 20, 14, 14, 14, 20, 25, 26, 39, 40, 48, 53, 53, 62, 75, 100]",hourglass,24,<class 'torch.nn.modules.activation.GELU'>,0.1,<class 'torch.optim.rmsprop.RMSprop'>,0.0005487765132012066,1e-05,,32,False,xavier_normal,cosine,{'T_max': 50},310750,"[1.9100026272279713, 1.881966980856329, 1.8771710260090837, 1.875444578264877, 1.8756735128552158, 1.8742335512795951, 1.873013467156351]","[0.1954459203036053, 0.23244781783681215, 0.23244781783681215, 0.2314990512333966, 0.23240371845949534, 0.23240371845949534, 0.23240371845949534]","[1.8847113106066251, 1.8781886938309271, 1.8791609439936683, 1.8777959306974512, 1.8777203608716928, 1.8777470641143406, 1.8777822505722277]","[0.24203338391502277, 0.24203338391502277, 0.24203338391502277, 0.24203338391502277, 0.24203338391502277, 0.24203338391502277, 0.24203338391502277]",[],[],0.39203338391502274,3.842334125148028e-09,False,0.23240371845949534,1.873013467156351,0.24203338391502277,1.8777822505722277,0.0,7.703719777548943e-34,-2.7755575615628914e-17,8.771832706950862e-08,0.0,2.631549812085259e-08
50,32,"[527, 1054]",1,[17],"[99, 11, 11, 55]",mutated,16,<class 'torch.nn.modules.activation.GELU'>,0.3,<class 'torch.optim.sgd.SGD'>,0.02579930544955364,1e-05,0.9,32,True,kaiming_uniform,cosine,{'T_max': 10},211875,[2.1677244612116513],[0.1935483870967742],[1.9175328946077408],[0.24127465857359637],[],[],0.39127465857359633,3.779399869717782e-09,False,0.1935483870967742,2.1677244612116513,0.24127465857359637,1.9175328946077408,0.0,0.0,0.0,8.639729346132169e-08,0.0,2.5919188038396512e-08
9,256,"[527, 1054, 2108, 4216, 8432, 10542, 10542, 10542]",7,"[3, 8, 17, 34, 55, 76, 97]","[91, 88, 80, 73, 72, 51, 44, 44, 38, 37, 35, 22, 3]",pyramid,13,<class 'torch.nn.modules.activation.Sigmoid'>,0.1,<class 'torch.optim.adam.Adam'>,0.000602683458612075,1e-06,,256,False,kaiming_uniform,step,"{'step_size': 10, 'gamma': 0.9}",127125,"[2.0660982733659545, 2.068387497534562, 2.053167286588752, 2.0326808878773757, 2.008967225023746, 1.9929735584336832, 1.9817682914230905]","[0.1650853889943074, 0.1413662239089184, 0.16840607210626185, 0.17077798861480076, 0.17340163156896224, 0.17491937013849365, 0.17435021817491936]","[2.0675038184309225, 2.0582865807644697, 2.0423880925851456, 2.0183821632576278, 1.9985675965527663, 1.9855956032713917, 1.975913814782011]","[0.1646433990895296, 0.1646433990895296, 0.1646433990895296, 0.1646433990895296, 0.1646433990895296, 0.1646433990895296, 0.1646433990895296]",[],[],0.3905297173995469,3.718531173493411e-09,False,0.17435021817491936,1.9817682914230905,0.1646433990895296,1.975913814782011,0.0,0.0,0.0,8.51196173714212e-08,0.0,2.5535885211426366e-08
51,128,"[527, 1054]",1,[5],"[72, 62, 64, 54, 48, 41, 36, 8, 36, 41, 48, 54, 64, 65, 68]",mutated,3,<class 'torch.nn.modules.activation.ELU'>,0.2,<class 'torch.optim.adamw.AdamW'>,0.0007006700163436125,0.0,,128,False,kaiming_uniform,cosine,"{'step_size': 5, 'gamma': 0.9, 'T_max': 10}",0,[4.368192371426316],[0.14800759013282733],[2.111244983123177],[0.1661608497723824],[],[],0.3161608497723824,5.797305837299472e-10,False,0.14800759013282733,4.368192371426316,0.1661608497723824,2.111244983123177,0.0,0.0,0.0,1.923401913676409e-08,0.0,5.770205741029227e-09
52,512,"[527, 1054]",1,[2],"[7, 34, 11, 55]",mutated,17,<class 'torch.nn.modules.activation.Tanh'>,0.4,<class 'torch.optim.rmsprop.RMSprop'>,0.007435141295848892,0.0,0.95,512,False,xavier_normal,cosine,{'T_max': 50},155375,[1.968132940143969],[0.127134724857685],[2.3679785399227113],[0.1471927162367223],[],[],0.2971927162367223,2.904486134661481e-10,False,0.127134724857685,1.968132940143969,0.1471927162367223,2.3679785399227113,0.0,0.0,0.0,1.3161790231401546e-08,0.0,3.9485370694204645e-09
48,1024,"[527, 1054]",1,[1],"[4, 9, 12, 26, 27, 33, 39, 40, 61, 66, 71, 77, 80, 81, 84, 84]",triangular,16,<class 'torch.nn.modules.activation.GELU'>,0.3,<class 'torch.optim.sgd.SGD'>,0.0049853462588284846,1e-05,0.99,1024,True,xavier_normal,none,{},14131,[1.9609919786453247],[0.11385199240986717],[1.9593517503535802],[0.11608497723823975],[],[],0.26608497723823976,0.0,False,0.11385199240986717,1.9609919786453247,0.11608497723823975,1.9593517503535802,0.0,0.0,0.0,7.065072677233521e-09,0.0,2.1195218031700567e-09
49,1024,"[527, 1054, 2108]",2,"[1, 3]","[96, 83, 75, 71, 65, 19, 18, 14, 12, 12, 14, 18, 19, 65, 71, 75, 83, 96]",hourglass,17,<class 'torch.nn.modules.activation.GELU'>,0.3,<class 'torch.optim.adamw.AdamW'>,0.00010097467475688998,0.0001,,1024,True,xavier_normal,cosine,{'T_max': 10},14137,"[1.9460407495498657, 1.946469028489187]","[0.17836812144212524, 0.17077798861480076]","[1.9430155759516181, 1.9424692285621654]","[0.24203338391502277, 0.24203338391502277]",[],[],0.39203338391502274,3.938903626319982e-09,False,0.17077798861480076,1.946469028489187,0.24203338391502277,1.9424692285621654,0.0,0.0,0.0,8.771832706950862e-08,0.0,2.631549812085259e-08
47,32,"[527, 1054, 2108]",2,"[17, 50]","[28, 23, 17, 17, 23, 28]",hourglass,5,<class 'torch.nn.modules.activation.GELU'>,0.4,<class 'torch.optim.adam.Adam'>,0.03903304514522225,1e-06,,32,True,kaiming_uniform,exponential,{'gamma': 0.99},14125,"[2.726479734370107, 1.9388193358053971]","[0.1840607210626186, 0.21916508538899432]","[1.8864328068919898, 1.8785239971823684]","[0.24506828528072838, 0.24203338391502277]",[],[],0.39203338391502274,3.938903626319982e-09,False,0.21916508538899432,1.9388193358053971,0.24203338391502277,1.8785239971823684,0.0,0.0,0.0,8.771832706950862e-08,0.0,2.631549812085259e-08
33,32,"[527, 1054, 2108, 4216, 8432, 10542]",5,"[17, 50, 116, 248, 413]","[28, 23, 17, 17, 23, 28]",hourglass,5,<class 'torch.nn.modules.activation.GELU'>,0.4,<class 'torch.optim.adam.Adam'>,0.03903304514522225,1e-06,,32,True,kaiming_uniform,exponential,{'gamma': 0.99},14125,"[2.726479734370107, 1.9388193358053971, 1.8994262496705752, 1.8919839472200657, 1.8865326822787845]","[0.1840607210626186, 0.21916508538899432, 0.2239089184060721, 0.22462049335863377, 0.22993739328400684]","[1.8864328068919898, 1.8785239971823684, 1.889487144979613, 1.8787702928001855, 1.8816221366341088]","[0.24506828528072838, 0.24203338391502277, 0.24203338391502277, 0.24203338391502277, 0.24203338391502277]",[],[],0.39203338391502274,3.938779703283279e-09,False,0.22993739328400684,1.8865326822787845,0.24203338391502277,1.8816221366341088,-7.663892337640432e-06,1.4737002079298852e-06,-0.0007587253414264028,8.771574169801642e-08,0.0,2.6314722509404928e-08
56,32,"[527, 1054]",1,[17],"[99, 11, 11, 55]",mutated,16,<class 'torch.nn.modules.activation.GELU'>,0.3,<class 'torch.optim.sgd.SGD'>,0.02579930544955364,1e-05,0.9,32,True,kaiming_uniform,cosine,{'T_max': 10},211875,[2.1677244612116513],[0.1935483870967742],[1.9175328946077408],[0.24127465857359637],[],[],0.39127465857359633,3.875583327165405e-09,False,0.1935483870967742,2.1677244612116513,0.24127465857359637,1.9175328946077408,0.0,0.0,0.0,8.639729346132169e-08,0.0,2.5919188038396512e-08
57,64,"[527, 1054]",1,[9],"[83, 50, 26, 55, 128]",mutated,4,<class 'torch.nn.modules.activation.LeakyReLU'>,0.2,<class 'torch.optim.adam.Adam'>,0.020516704633678922,1e-05,0.95,64,True,kaiming_normal,none,{'T_max': 50},155375,[2.1723389440062375],[0.17836812144212524],[1.9080463447049825],[0.2321699544764795],[],[],0.3821699544764795,3.1861638074288715e-09,False,0.17836812144212524,2.1723389440062375,0.2321699544764795,1.9080463447049825,0.0,0.0,0.0,7.20141277487159e-08,0.0,2.1604238324614772e-08
54,128,"[527, 1054]",1,[5],"[97, 95, 93, 88, 83, 52, 30, 23, 20, 15, 12, 6, 6, 12, 15, 20, 23, 30, 52, 83, 88, 93, 95, 97]",hourglass,23,<class 'torch.nn.modules.activation.GELU'>,0.3,<class 'torch.optim.sgd.SGD'>,0.0004802699158997481,0.01,0.8,128,True,kaiming_uniform,none,{},14132,[11.353329249984625],[0.11954459203036052],[1.9406609895196778],[0.18361153262518967],[],[],0.33361153262518967,1.0413491345900558e-09,False,0.11954459203036052,11.353329249984625,0.18361153262518967,1.9406609895196778,0.0,0.0,0.0,2.7267461924605882e-08,0.0,8.180238577381766e-09
58,512,"[527, 1054]",1,[2],"[68, 65, 64, 55]",mutated,14,<class 'torch.nn.modules.activation.Tanh'>,0.1,<class 'torch.optim.sgd.SGD'>,0.0007006700163436125,0.0,0.95,512,True,xavier_normal,step,"{'step_size': 5, 'gamma': 0.9, 'T_max': 50}",155375,[1.995954349099798],[0.127134724857685],[1.9996140317960285],[0.1039453717754173],[],[],0.2539453717754173,0.0,False,0.127134724857685,1.995954349099798,0.1039453717754173,1.9996140317960285,0.0,0.0,0.0,5.542087549927137e-09,0.0,1.6626262649781412e-09
55,64,"[527, 1054, 2108]",2,"[9, 26]","[95, 94, 88, 75, 70, 69, 62, 62, 38, 29, 28, 16, 16, 14, 12, 12, 10, 8]",triangular,18,<class 'torch.nn.modules.activation.Sigmoid'>,0.2,<class 'torch.optim.sgd.SGD'>,0.07032367822233777,0.0001,0.8,64,False,kaiming_uniform,exponential,{'gamma': 0.99},14139,"[1.9850354889086121, 1.8912693682838888]","[0.1252371916508539, 0.20398481973434535]","[1.8818848753554325, 1.8790355215304178]","[0.24203338391502277, 0.24203338391502277]",[],[],0.39203338391502274,3.043118302853521e-09,False,0.20398481973434535,1.8912693682838888,0.24203338391502277,1.8790355215304178,0.0,0.0,0.0,8.771832706950862e-08,0.0,2.631549812085259e-08
53,32,"[527, 1054, 2108]",2,"[17, 50]","[28, 23, 17, 17, 23, 28]",hourglass,5,<class 'torch.nn.modules.activation.GELU'>,0.4,<class 'torch.optim.adam.Adam'>,0.03903304514522225,1e-06,,32,True,kaiming_uniform,exponential,{'gamma': 0.99},14125,"[2.726479734370107, 1.9388193358053971]","[0.1840607210626186, 0.21916508538899432]","[1.8864328068919898, 1.8785239971823684]","[0.24506828528072838, 0.24203338391502277]",[],[],0.39203338391502274,3.043118302853521e-09,False,0.21916508538899432,1.9388193358053971,0.24203338391502277,1.8785239971823684,0.0,0.0,0.0,8.771832706950862e-08,0.0,2.631549812085259e-08
37,32,"[527, 1054, 2108, 4216, 8432, 10542]",5,"[17, 50, 116, 248, 413]","[28, 23, 17, 17, 23, 28]",hourglass,5,<class 'torch.nn.modules.activation.GELU'>,0.4,<class 'torch.optim.adam.Adam'>,0.03903304514522225,1e-06,,32,True,kaiming_uniform,exponential,{'gamma': 0.99},14125,"[2.726479734370107, 1.9388193358053971, 1.8994262496705752, 1.8919839472200657, 1.8865326822787845]","[0.1840607210626186, 0.21916508538899432, 0.2239089184060721, 0.22462049335863377, 0.22993739328400684]","[1.8864328068919898, 1.8785239971823684, 1.889487144979613, 1.8787702928001855, 1.8816221366341088]","[0.24506828528072838, 0.24203338391502277, 0.24203338391502277, 0.24203338391502277, 0.24203338391502277]",[],[],0.39203338391502274,3.042992306846099e-09,False,0.22993739328400684,1.8865326822787845,0.24203338391502277,1.8816221366341088,-7.663892337640432e-06,1.4737002079298852e-06,-0.0007587253414264028,8.771574169801642e-08,0.0,2.6314722509404928e-08
62,32,"[527, 1054]",1,[17],"[99, 11, 11, 55]",mutated,16,<class 'torch.nn.modules.activation.GELU'>,0.3,<class 'torch.optim.sgd.SGD'>,0.02579930544955364,1e-05,0.9,32,True,kaiming_uniform,cosine,{'T_max': 10},211875,[2.1677244612116513],[0.1935483870967742],[1.9175328946077408],[0.24127465857359637],[],[],0.39127465857359633,2.9787387888056866e-09,False,0.1935483870967742,2.1677244612116513,0.24127465857359637,1.9175328946077408,0.0,0.0,0.0,8.639729346132169e-08,0.0,2.5919188038396512e-08
63,256,"[527, 1054]",1,[3],"[7, 34, 50, 52, 53, 58, 64, 68, 69, 69, 71, 27, 47, 54, 95, 99, 99]",mutated,16,<class 'torch.nn.modules.activation.ReLU'>,0.3,<class 'torch.optim.sgd.SGD'>,0.007435141295848892,0.01,,256,False,kaiming_uniform,cosine,{'T_max': 50},141250,[16.682790439540565],[0.14800759013282733],[1.947877279543551],[0.17981790591805766],[],[],0.32981790591805765,0.0,False,0.14800759013282733,16.682790439540565,0.17981790591805766,1.947877279543551,0.0,0.0,0.0,2.527514757033821e-08,0.0,7.582544271101464e-09
64,64,"[527, 1054]",1,[9],"[94, 85, 50, 52, 53, 58, 64, 68, 103, 69, 71, 75, 76, 88, 88, 89, 97]",mutated,21,<class 'torch.nn.modules.activation.GELU'>,0.2,<class 'torch.optim.rmsprop.RMSprop'>,0.0006585104721427294,0.01,,64,False,xavier_uniform,cosine,{'T_max': 50},226000,[1.931753147032953],[0.174573055028463],[1.913362345492894],[0.17981790591805766],[],[],0.32981790591805765,0.0,False,0.174573055028463,1.931753147032953,0.17981790591805766,1.913362345492894,0.0,0.0,0.0,2.527514757033821e-08,0.0,7.582544271101464e-09
65,32,"[527, 1054]",1,[17],"[94, 85, 81, 81, 79, 75, 55, 45, 17, 24, 26, 27, 47, 54, 95, 99, 99]",mutated,16,<class 'torch.nn.modules.activation.GELU'>,0.3,<class 'torch.optim.adamw.AdamW'>,0.0006585104721427294,1e-05,,32,True,xavier_uniform,cosine,{'T_max': 10},226000,[1.9443941403611562],[0.1840607210626186],[1.9305308963170724],[0.17981790591805766],[],[],0.32981790591805765,0.0,False,0.1840607210626186,1.9443941403611562,0.17981790591805766,1.9305308963170724,0.0,0.0,0.0,2.527514757033821e-08,0.0,7.582544271101464e-09
69,32,"[527, 1054]",1,[17],"[99, 11, 11, 55]",mutated,16,<class 'torch.nn.modules.activation.GELU'>,0.3,<class 'torch.optim.sgd.SGD'>,0.02579930544955364,1e-05,0.9,32,True,kaiming_uniform,cosine,{'T_max': 10},211875,[2.1677244612116513],[0.1935483870967742],[1.9175328946077408],[0.24127465857359637],[],[],0.39127465857359633,3.9783210227282745e-09,False,0.1935483870967742,2.1677244612116513,0.24127465857359637,1.9175328946077408,0.0,0.0,0.0,8.639729346132169e-08,0.0,2.5919188038396512e-08
60,512,"[527, 1054, 2108]",2,"[2, 5]","[67, 82, 64, 67, 35, 67, 84, 30, 45, 70, 58, 67]",irregular,12,<class 'torch.nn.modules.activation.LeakyReLU'>,0.5,<class 'torch.optim.sgd.SGD'>,0.019538626620893246,0.001,0.8,512,True,kaiming_uniform,none,{},14133,"[55.90122179469302, 9.036312982298618]","[0.1366223908918406, 0.1774193548387097]","[1.9172047890372268, 1.9213939440268486]","[0.24203338391502277, 0.24051593323216997]",[],[],0.39051593323216993,3.912800248212529e-09,False,0.1774193548387097,9.036312982298618,0.24051593323216997,1.9213939440268486,0.0,0.0,0.0,8.509615455135526e-08,0.0,2.5528846365406583e-08
70,64,"[527, 1054]",1,[9],"[94, 85, 81, 55]",mutated,25,<class 'torch.nn.modules.activation.Tanh'>,0.2,<class 'torch.optim.adamw.AdamW'>,0.0655108914701854,1e-05,,64,False,xavier_normal,cosine,{'T_max': 50},226000,[2.2572713024928404],[0.19924098671726756],[2.0510625278461325],[0.22306525037936267],[],[],0.37306525037936267,2.6503267647959638e-09,False,0.19924098671726756,2.2572713024928404,0.22306525037936267,2.0510625278461325,0.0,0.0,0.0,6.00254287515646e-08,0.0,1.8007628625469383e-08
71,256,"[527, 1054]",1,[3],"[68, 65, 26, 17]",mutated,4,<class 'torch.nn.modules.activation.ELU'>,0.1,<class 'torch.optim.adam.Adam'>,0.0007006700163436125,0.0,0.95,256,True,kaiming_normal,none,"{'step_size': 5, 'gamma': 0.9}",70625,[2.4093461977689046],[0.14800759013282733],[2.1551207645890926],[0.18816388467374812],[],[],0.33816388467374814,1.1316348442197428e-09,False,0.14800759013282733,2.4093461977689046,0.18816388467374812,2.1551207645890926,0.0,0.0,0.0,2.986661019793898e-08,0.0,8.959983059381695e-09
67,128,"[527, 1054]",1,[5],"[25, 88, 40, 37, 17, 24, 48, 11, 90, 18, 79, 82, 63, 43, 89, 72, 92, 88, 60, 59, 4]",irregular,21,<class 'torch.nn.modules.activation.GELU'>,0.1,<class 'torch.optim.sgd.SGD'>,0.061531710765274805,0.0001,0.8,128,False,kaiming_normal,step,"{'step_size': 5, 'gamma': 0.1}",14134,[2.1589945658786927],[0.18216318785578747],[1.944310367559627],[0.17981790591805766],[],[],0.32981790591805765,9.004249517046836e-10,False,0.18216318785578747,2.1589945658786927,0.17981790591805766,1.944310367559627,0.0,0.0,0.0,2.527514757033821e-08,0.0,7.582544271101464e-09
68,256,"[527, 1054]",1,[3],"[86, 75, 62, 38, 29, 29, 18, 29, 29, 38, 62, 75, 86]",hourglass,12,<class 'torch.nn.modules.activation.ReLU'>,0.1,<class 'torch.optim.sgd.SGD'>,0.0038548610540861104,1e-05,0.95,256,True,kaiming_uniform,none,{},14143,[3.1535900860629],[0.1347248576850095],[2.0004616293813102],[0.17450682852807284],[],[],0.32450682852807283,7.721623547151973e-10,False,0.1347248576850095,3.1535900860629,0.17450682852807284,2.0004616293813102,0.0,0.0,0.0,2.2728055340891805e-08,0.0,6.818416602267543e-09
72,64,"[527, 1054]",1,[9],"[68, 65, 64, 54, 48, 41, 55, 45, 40, 38, 35, 34, 28, 26, 23, 23, 17, 15, 12, 5, 4]",mutated,14,<class 'torch.nn.modules.activation.ELU'>,0.2,<class 'torch.optim.adamw.AdamW'>,0.0007006700163436125,0.0,,64,True,xavier_uniform,step,"{'step_size': 5, 'gamma': 0.9}",0,[2.017794113231565],[0.12333965844402277],[1.9568760290131402],[0.11836115326251896],[],[],0.26836115326251897,0.0,False,0.12333965844402277,2.017794113231565,0.11836115326251896,1.9568760290131402,0.0,0.0,0.0,7.39413274982395e-09,0.0,2.2182398249471853e-09
42,32,"[527, 1054, 2108, 4216, 8432, 10542, 10542]",6,"[17, 50, 116, 248, 413, 578]","[28, 23, 17, 17, 23, 28]",hourglass,5,<class 'torch.nn.modules.activation.GELU'>,0.4,<class 'torch.optim.adam.Adam'>,0.03903304514522225,1e-06,,32,True,kaiming_uniform,exponential,{'gamma': 0.99},14125,"[2.726479734370107, 1.9388193358053971, 1.8994262496705752, 1.8919839472200657, 1.8865326822787845, 1.8909216521021945]","[0.1840607210626186, 0.21916508538899432, 0.2239089184060721, 0.22462049335863377, 0.22993739328400684, 0.22879908935685828]","[1.8864328068919898, 1.8785239971823684, 1.889487144979613, 1.8787702928001855, 1.8816221366341088, 1.8804364557150464]","[0.24506828528072838, 0.24203338391502277, 0.24203338391502277, 0.24203338391502277, 0.24203338391502277, 0.24203338391502277]",[],[],0.39203338391502274,4.169330644131445e-09,False,0.22879908935685828,1.8909216521021945,0.24203338391502277,1.8804364557150464,-5.409806355981481e-06,1.2792536527169143e-06,-0.0006069802731411278,8.771608281905809e-08,0.0,2.631482484571743e-08
76,32,"[527, 1054]",1,[17],"[99, 11, 11, 55]",mutated,16,<class 'torch.nn.modules.activation.GELU'>,0.3,<class 'torch.optim.sgd.SGD'>,0.02579930544955364,1e-05,0.9,32,True,kaiming_uniform,cosine,{'T_max': 10},211875,[2.1677244612116513],[0.1935483870967742],[1.9175328946077408],[0.24127465857359637],[],[],0.39127465857359633,4.1009700457614945e-09,False,0.1935483870967742,2.1677244612116513,0.24127465857359637,1.9175328946077408,0.0,0.0,0.0,8.639729346132169e-08,0.0,2.5919188038396512e-08
78,256,"[527, 1054]",1,[3],"[99, 99, 95, 54, 42, 29, 42, 48, 74, 75, 88]",mutated,10,<class 'torch.nn.modules.activation.Sigmoid'>,0.3,<class 'torch.optim.adamw.AdamW'>,0.02579930544955364,1e-05,0.9,256,True,kaiming_uniform,cosine,{'T_max': 10},324875,[2.054882253596181],[0.1840607210626186],[2.0244672007191706],[0.17981790591805766],[],[],0.32981790591805765,9.326502210285673e-10,False,0.1840607210626186,2.054882253596181,0.17981790591805766,2.0244672007191706,0.0,0.0,0.0,2.527514757033821e-08,0.0,7.582544271101464e-09
75,256,"[527, 1054]",1,[3],"[46, 46, 46, 46, 46, 46, 46, 46, 46]",constant,9,<class 'torch.nn.modules.activation.GELU'>,0.2,<class 'torch.optim.sgd.SGD'>,0.0034260716389344415,0.001,0.8,256,True,kaiming_normal,step,"{'step_size': 30, 'gamma': 0.1}",14145,[49.67837247178948],[0.174573055028463],[6.590789936742942],[0.1638846737481032],[],[],0.3138846737481032,5.75133155973192e-10,False,0.174573055028463,49.67837247178948,0.1638846737481032,6.590789936742942,0.0,0.0,0.0,1.8378050238735042e-08,0.0,5.513415071620514e-09
74,256,"[527, 1054]",1,[3],"[7, 9, 21, 30, 43, 43, 45, 50, 63, 72, 73, 79, 83, 84, 85, 87, 96]",inv_pyramid,17,<class 'torch.nn.modules.activation.GELU'>,0.1,<class 'torch.optim.adamw.AdamW'>,0.004468714831503031,0.01,,256,False,kaiming_normal,none,{},14135,[2.0582118029838723],[0.12903225806451613],[1.942169300703069],[0.1638846737481032],[],[],0.3138846737481032,5.75133155973192e-10,False,0.12903225806451613,2.0582118029838723,0.1638846737481032,1.942169300703069,0.0,0.0,0.0,1.8378050238735042e-08,0.0,5.513415071620514e-09
79,1024,"[527, 1054]",1,[1],"[83, 99, 95, 54, 47, 27, 26, 24, 17, 24, 26, 27, 47, 54, 95, 99, 99, 64]",mutated,16,<class 'torch.nn.modules.activation.LeakyReLU'>,0.2,<class 'torch.optim.sgd.SGD'>,0.020516704633678922,1e-05,0.9,1024,True,kaiming_normal,cosine,{'T_max': 10},70625,[6.420262813568115],[0.11954459203036052],[1.9182151518027228],[0.15629742033383914],[],[],0.3062974203338391,4.4100809545540326e-10,False,0.11954459203036052,6.420262813568115,0.15629742033383914,1.9182151518027228,0.0,0.0,0.0,1.5790555298164666e-08,0.0,4.7371665894494005e-09
77,64,"[527, 1054]",1,[9],"[55, 11, 81, 81, 79, 75, 55, 45, 40, 38, 35, 34, 28, 26, 23, 34, 17, 15, 12, 5, 4]",mutated,21,<class 'torch.nn.modules.activation.GELU'>,0.2,<class 'torch.optim.adamw.AdamW'>,0.0006585104721427294,0.0,,64,False,kaiming_normal,none,{},226000,[2.4508465897200002],[0.15370018975332067],[1.97479469606113],[0.11760242792109256],[],[],0.26760242792109257,0.0,False,0.15370018975332067,2.4508465897200002,0.11760242792109256,1.97479469606113,0.0,0.0,0.0,7.282777472483155e-09,0.0,2.1848332417449468e-09
15,1024,"[527, 1054, 2108, 4216, 8432, 10542, 10542, 10542, 10542, 10542, 10542, 10542, 10542]",12,"[1, 3, 6, 11, 17, 23, 29, 35, 41, 47, 53, 59]","[99, 99, 95, 54, 47, 27, 26, 24, 17, 24, 26, 27, 47, 54, 95, 99, 99]",hourglass,16,<class 'torch.nn.modules.activation.GELU'>,0.3,<class 'torch.optim.sgd.SGD'>,0.02579930544955364,1e-05,0.9,1024,True,kaiming_uniform,cosine,{'T_max': 10},211875,"[13.447855949401855, 9.221997334789732, 1.9503784095992174, 1.9392905158381308, 1.9517426638466608, 1.9063460056796695, 1.8934896695638739, 1.881354552906574, 1.8689876015691553, 1.8588327004773366, 1.8492299759779227, 1.8398643015367757]","[0.1461100569259962, 0.18121442125237192, 0.17362428842504743, 0.19283681214421253, 0.21324226901916146, 0.22102067918800986, 0.23069626256877254, 0.2388541073800038, 0.24397647505217226, 0.24720166951242648, 0.2513754505786378, 0.26199962056535764]","[1.9426797814723755, 1.92939973673437, 1.9248859931196176, 1.919153110933955, 1.8940191768188939, 1.8844899376896698, 1.8836858373853251, 1.881510351424152, 1.8819008112315523, 1.881937813324704, 1.881175352155891, 1.8813938597084359]","[0.18285280728376327, 0.1646433990895296, 0.24203338391502277, 0.24203338391502277, 0.24203338391502277, 0.24203338391502277, 0.24203338391502277, 0.24203338391502277, 0.24203338391502277, 0.24203338391502277, 0.24203338391502277, 0.24203338391502277]",[],[],1.0,0.11322954007332028,True,0.26199962056535764,1.8398643015367757,0.24203338391502277,1.8813938597084359,0.0010203547695044743,0.0006614381011372823,0.012415505586977543,0.01708795252921041,1.0,0.7051263857587631
61,32,"[527, 1054, 2108, 4216, 8432]",4,"[17, 50, 116, 248]","[24, 22, 12]",pyramid,3,<class 'torch.nn.modules.activation.Sigmoid'>,0.1,<class 'torch.optim.rmsprop.RMSprop'>,0.0007300882229097138,1e-06,,32,True,kaiming_uniform,step,"{'step_size': 5, 'gamma': 0.5}",14141,"[1.9333177361587872, 1.8767780868559227, 1.855657762775385, 1.8093366426127686]","[0.18026565464895636, 0.23529411764705882, 0.269449715370019, 0.34724857685009486]","[1.8945969578347908, 1.8709007302618532, 1.8460522783363353, 1.761972551823386]","[0.26479514415781485, 0.24203338391502277, 0.2572078907435508, 0.41274658573596357]",[],[],1.0,0.11315188357343911,True,0.34724857685009486,1.8093366426127686,0.41274658573596357,1.761972551823386,0.0006404824310742368,0.0047519276113852545,0.1580677794638341,0.015475957199728097,1.0,0.7046427871599183
0,512,"[527, 1054, 2108, 4216, 8432, 10542, 10542, 10542, 10542, 10542, 10542, 10542, 10542]",12,"[2, 5, 10, 19, 30, 41, 52, 63, 74, 85, 96, 107]","[68, 65, 64, 54, 48, 41, 36, 8, 36, 41, 48, 54, 64, 65, 68]",hourglass,14,<class 'torch.nn.modules.activation.ELU'>,0.1,<class 'torch.optim.sgd.SGD'>,0.0007006700163436125,0.0,0.95,512,True,kaiming_uniform,step,"{'step_size': 5, 'gamma': 0.9}",0,"[4.130045815256108, 3.4581966268948405, 2.674201808346743, 2.4347039748414416, 2.2310637284266024, 2.05217286425916, 1.9612984438137908, 1.9191572731980968, 1.8889793019619505, 1.8621561626989054, 1.8400033498212929, 1.821705132570196]","[0.11954459203036052, 0.15749525616698293, 0.20161290322580644, 0.1790796963946869, 0.18023145513185354, 0.19256308100929614, 0.21077594384367293, 0.21855435401252135, 0.23316258774426105, 0.24815025611838362, 0.2604818819958262, 0.271106051982546]","[2.58275745526431, 2.2547664168391135, 2.1388933636892546, 2.077754268154208, 2.0016081637062686, 1.9463200008380757, 1.9217800578506654, 1.9113235931295183, 1.9046104735778207, 1.8997474058625912, 1.897360776371587, 1.8966282065251168]","[0.15022761760242792, 0.19195751138088013, 0.208649468892261, 0.18588770864946888, 0.17602427921092564, 0.19726858877086495, 0.21320182094081944, 0.22078907435508346, 0.2268588770864947, 0.22382397572078908, 0.2268588770864947, 0.22610015174506828]",[],[],0.9394229987444,0.11265136581295954,True,0.271106051982546,1.821705132570196,0.22610015174506828,1.8966282065251168,0.0007225955632632415,0.0005422596327160423,0.024141260863567382,0.005086198538821484,1.0,0.7015258595616464
23,256,"[527, 1054, 2108, 4216, 8432, 10542, 10542, 10542, 10542, 10542, 10542, 10542, 10542]",12,"[3, 8, 17, 34, 55, 76, 97, 118, 139, 160, 181, 202]","[88, 75, 74, 48, 42, 29, 42, 48, 74, 75, 88]",hourglass,10,<class 'torch.nn.modules.activation.Sigmoid'>,0.1,<class 'torch.optim.adamw.AdamW'>,0.0002736146538133412,1e-05,,256,True,kaiming_uniform,none,{},324875,"[2.0569946675418223, 2.0294004024997836, 1.983727596063994, 1.9336521661711372, 1.8940889444099707, 1.8818128647692989, 1.87908673689004, 1.8782059615306532, 1.8777699972144388, 1.8774152845342162, 1.8770666281201314, 1.8767194358023809]","[0.10246679316888045, 0.12144212523719165, 0.15037950664136623, 0.18311195445920303, 0.21551887687345855, 0.228229937393284, 0.2267121988237526, 0.22804022007209257, 0.22652248150256118, 0.2267121988237526, 0.22690191614494404, 0.2267121988237526]","[2.0325965675128246, 2.001477787816651, 1.9552818424604008, 1.9029933268455888, 1.8818745014338283, 1.8782044048555342, 1.8778139275013948, 1.8777862174015305, 1.8778015575929912, 1.877826089381448, 1.8778411555181687, 1.8778465222878231]","[0.11987860394537178, 0.11987860394537178, 0.17981790591805766, 0.17981790591805766, 0.24203338391502277, 0.24203338391502277, 0.24203338391502277, 0.24203338391502277, 0.24203338391502277, 0.24203338391502277, 0.24203338391502277, 0.24203338391502277]",[],[],0.9066699499542785,0.11252913650000204,True,0.2267121988237526,1.8767194358023809,0.24203338391502277,1.8778465222878231,0.0006138431154253819,0.0021878595502297666,0.033521865084839314,0.002548959776904361,1.0,0.7007646879330712
10,512,"[527, 1054, 2108, 4216, 8432, 10542, 10542, 10542, 10542, 10542, 10542, 10542, 10542]",12,"[2, 5, 10, 19, 30, 41, 52, 63, 74, 85, 96, 107]","[7, 34, 50, 52, 53, 58, 64, 68, 69, 69, 71, 75, 76, 88, 88, 89, 97]",inv_pyramid,17,<class 'torch.nn.modules.activation.ReLU'>,0.4,<class 'torch.optim.rmsprop.RMSprop'>,0.007435141295848892,0.01,,512,False,kaiming_uniform,cosine,{'T_max': 50},141250,"[54.656868660472604, 2.601539478808698, 1.930847962621946, 1.8969119499937632, 1.8842046941125037, 1.878732905083014, 1.876855111284967, 1.8760421662601117, 1.8753546608215808, 1.8748930395497607, 1.8745987335479004, 1.874273929847438]","[0.1859582542694497, 0.17362428842504743, 0.178842504743833, 0.2222485768500949, 0.22538417757541263, 0.22898880667804972, 0.23107569721115537, 0.23145513185353822, 0.23259343578068678, 0.23259343578068678, 0.23202428381711251, 0.23221400113830393]","[1.9470982542529995, 1.920645490040005, 1.9035741262624044, 1.8862057989392549, 1.8812103155712077, 1.879726022798483, 1.8792078169416042, 1.8787858914894833, 1.878613519921831, 1.8784573671488551, 1.8783500903654895, 1.8782276738214565]","[0.17981790591805766, 0.1646433990895296, 0.24203338391502277, 0.24203338391502277, 0.24203338391502277, 0.24203338391502277, 0.24203338391502277, 0.24203338391502277, 0.24203338391502277, 0.24203338391502277, 0.24203338391502277, 0.24203338391502277]",[],[],0.8605613457142196,0.11245668308708892,True,0.23221400113830393,1.874273929847438,0.24203338391502277,1.8782276738214565,0.0005925283618758582,0.000686319584682626,0.012691405711132614,0.0010449702409384527,1.0,0.7003134910722815
12,128,"[527, 1054, 2108, 4216, 8432, 10542, 10542, 10542, 10542, 10542, 10542, 10542, 10542]",12,"[5, 14, 31, 64, 106, 148, 190, 232, 274, 316, 358, 400]","[72, 62, 62, 72]",hourglass,3,<class 'torch.nn.modules.activation.GELU'>,0.2,<class 'torch.optim.adamw.AdamW'>,0.00041348319330092163,1e-06,,128,False,kaiming_uniform,cosine,{'T_max': 10},169500,"[2.182836554760725, 2.0376641791052337, 1.9750835026916562, 1.9285521584172403, 1.8621556703018929, 1.6913478210967037, 1.50783759200625, 1.3237459404241019, 1.1461373991858594, 0.9746557788160444, 0.8124520609600905, 0.6649356303541151]","[0.15180265654648956, 0.17077798861480076, 0.19734345351043645, 0.2286527514231499, 0.26294820717131473, 0.3498387402769873, 0.43445266552836276, 0.5116676152532726, 0.5860368051603111, 0.6566116486435212, 0.7163726048188199, 0.7831531018782015]","[1.999302343461148, 1.9551411109194952, 1.9108995731032492, 1.8629664607764376, 1.7985692972116658, 1.6914698140574154, 1.5726935731442093, 1.4758019402103106, 1.3964661956737907, 1.332779745773408, 1.2909788899067138, 1.2736297599824318]","[0.15477996965098634, 0.19954476479514416, 0.22610015174506828, 0.27693474962063735, 0.3338391502276176, 0.38239757207890746, 0.4317147192716237, 0.4628224582701062, 0.4954476479514416, 0.5326251896813353, 0.5622154779969651, 0.5773899848254932]",[],[],1.0,0.11004963977189845,True,0.7831531018782015,0.6649356303541151,0.5773899848254932,1.2736297599824318,0.0010698987725936881,0.01979793740816558,0.20844254379914473,0.011746178924225316,0.974,0.6853238536772676
5,512,"[527, 1054, 2108, 4216, 8432, 10542, 10542, 10542, 10542, 10542, 10542, 10542, 10542]",12,"[2, 5, 10, 19, 30, 41, 52, 63, 74, 85, 96, 107]","[83, 50, 26, 17]",pyramid,4,<class 'torch.nn.modules.activation.LeakyReLU'>,0.2,<class 'torch.optim.adam.Adam'>,0.020516704633678922,1e-05,,512,True,kaiming_normal,none,{},70625,"[2.110542021394907, 1.9854558645208602, 1.8843184865629423, 1.7618814679657937, 1.509131860176677, 1.2358692132913283, 1.0286020374890636, 0.862949052813202, 0.7637699330764486, 0.6663706016662654, 0.6325469388950031, 0.6125827860931725]","[0.1442125237191651, 0.198292220113852, 0.22248576850094876, 0.2860531309297913, 0.39499146272054636, 0.49193701384936445, 0.5759817871371656, 0.6300512236767217, 0.689622462530829, 0.7368620755074938, 0.764181369759059, 0.7772718649212673]","[1.9327454740614016, 1.924515764159751, 1.8422854744429291, 1.5519611745032627, 1.3861685269519302, 1.2893408119045369, 1.282069977751632, 1.327373817042986, 1.3557563857352064, 1.4213589849529933, 1.5327750218294458, 1.4634798043414565]","[0.19423368740515934, 0.2109256449165402, 0.26100151745068284, 0.41274658573596357, 0.4787556904400607, 0.5265553869499241, 0.5705614567526556, 0.5515933232169955, 0.5872534142640364, 0.6039453717754173, 0.5804248861911988, 0.6024279210925645]",[],[],1.0,0.10874907950614333,True,0.7772718649212673,0.6125827860931725,0.6024279210925645,1.4634798043414565,0.0038875641303562397,0.022607910002714577,0.14988274244723415,0.01274912037386956,0.962,0.6772247361121607
16,64,"[527, 1054, 2108, 4216, 8432, 10542, 10542, 10542, 10542, 10542, 10542, 10542, 10542]",12,"[9, 26, 59, 125, 208, 291, 374, 457, 540, 623, 706, 789]","[94, 85, 81, 81, 79, 75, 55, 45, 40, 38, 35, 34, 28, 26, 23, 23, 17, 15, 12, 5, 4]",pyramid,21,<class 'torch.nn.modules.activation.GELU'>,0.2,<class 'torch.optim.adamw.AdamW'>,0.0006585104721427294,1e-05,,64,False,xavier_uniform,none,{},226000,"[1.9681927694089045, 1.9641849015197899, 1.9530716765763865, 1.9306264975491692, 1.8952368073571093, 1.7739881625145624, 1.614722130240265, 1.5094184482421036, 1.4286725659724138, 1.3727920689317765, 1.3149095060612304, 1.3141074985508854]","[0.15939278937381404, 0.14516129032258066, 0.1513282732447818, 0.1700664136622391, 0.1990134699298046, 0.2703471826977803, 0.3289698349459306, 0.37639916524378675, 0.43691899070385126, 0.4695503699487763, 0.4938341870612787, 0.5078732688294442]","[1.9651457603133322, 1.9565787894230149, 1.9398854667029721, 1.9040468659856793, 1.7629758039989674, 1.667938669100517, 1.6447096346723473, 1.7009086690289117, 1.9067326360841441, 2.6893402048597204, 3.8010556160589632, 2.958462732695665]","[0.11608497723823975, 0.1646433990895296, 0.1646433990895296, 0.17602427921092564, 0.30273141122913505, 0.37936267071320184, 0.40515933232169954, 0.40895295902883155, 0.4362670713201821, 0.44688922610015175, 0.45220030349013657, 0.44764795144157815]",[],[],0.7749624902200404,0.08408657695276033,True,0.5078732688294442,1.3141074985508854,0.44764795144157815,2.958462732695665,0.00042508073615812615,0.016054357502528444,0.13374258518416332,0.00013768423863076205,0.748,0.5236413052715891
2,32,"[527, 1054, 2108, 4216, 8432, 10542, 10542, 10542, 10542, 10542, 10542, 10542, 10542]",12,"[17, 50, 116, 248, 413, 578, 743, 908, 1073, 1238, 1403, 1568]","[55, 11, 11, 55]",hourglass,3,<class 'torch.nn.modules.activation.Tanh'>,0.2,<class 'torch.optim.adamw.AdamW'>,0.0021515234499361693,0.0,,32,False,kaiming_normal,none,{},28250,"[1.9730512050795148, 1.7927920775350177, 1.5781101940705156, 1.3317554546714507, 1.0926134045584064, 0.8073394709261245, 0.6177238157862528, 0.4932832599500397, 0.41238919544482316, 0.3398068837469521, 0.288544807787345, 0.2261719480029683]","[0.19165085388994307, 0.32447817836812143, 0.40037950664136623, 0.519212523719165, 0.603870233352305, 0.7070764560804401, 0.7823942325934358, 0.8218554354012522, 0.8550559666097515, 0.8821855435401252, 0.907987099222159, 0.9324606336558527]","[1.8599945234420268, 1.666395033979633, 1.4510520170237842, 1.1869682997058122, 1.0510601032304836, 1.089587589768249, 1.199533896670537, 1.2305422314020136, 1.366699826554572, 1.4401845324202265, 1.5793356376280372, 1.7027456750457313]","[0.2716236722306525, 0.3596358118361153, 0.45295902883156297, 0.5781487101669196, 0.6244309559939302, 0.6251896813353566, 0.6206373292867982, 0.633535660091047, 0.6160849772382397, 0.6213960546282246, 0.6122913505311077, 0.5986342943854325]",[],[],0.7486342943854325,0.07126969488635636,True,0.9324606336558527,0.2261719480029683,0.5986342943854325,1.7027456750457313,0.00021083857005466152,0.013566245127003022,0.05173127327907301,8.456490946494148e-05,0.634,0.44382536947283946
31,32,"[527, 1054, 2108, 4216, 8432, 10542, 10542, 10542, 10542, 10542, 10542]",10,"[17, 50, 116, 248, 413, 578, 743, 908, 1073, 1238]","[99, 11, 11, 55]",mutated,25,<class 'torch.nn.modules.activation.Tanh'>,0.1,<class 'torch.optim.sgd.SGD'>,0.0655108914701854,0.0,0.95,32,False,xavier_normal,cosine,{'T_max': 50},155375,"[1.9253807814342925, 1.7018313030137961, 1.3768529803748375, 1.2676884469768805, 1.2129099679567674, 1.1202220093070885, 1.061794398247551, 1.0129929331126508, 0.9882982590578014, 0.9782365808290631]","[0.1859582542694497, 0.31214421252371916, 0.5033206831119544, 0.5578747628083491, 0.5670650730411687, 0.5991273003225195, 0.6182887497628533, 0.6308100929614874, 0.6452286093720356, 0.6473154999051414]","[1.8696079134760206, 1.6106898155125573, 1.426100400221366, 1.234525762487073, 1.1527725537738598, 1.1500433348741084, 1.1900208334640596, 1.1665590564651085, 1.2348741471134297, 1.24453466036251]","[0.25796661608497723, 0.3497723823975721, 0.5151745068285281, 0.5606980273141123, 0.590288315629742, 0.5849772382397572, 0.5993930197268589, 0.5819423368740516, 0.5925644916540213, 0.5781487101669196]",[],[],0.7281487101669196,0.06182624562401372,True,0.6473154999051414,0.9782365808290631,0.5781487101669196,1.24453466036251,0.0002622293972825081,0.01272560853456633,0.0633957174169617,5.7237790749596134e-05,0.55,0.3850171713372249
24,512,"[527, 1054, 2108, 4216, 8432, 10542, 10542, 10542, 10542, 10542, 10542, 10542, 10542]",12,"[2, 5, 10, 19, 30, 41, 52, 63, 74, 85, 96, 107]","[93, 79, 51, 28, 7, 28, 51, 79, 93]",hourglass,8,<class 'torch.nn.modules.activation.ReLU'>,0.4,<class 'torch.optim.rmsprop.RMSprop'>,0.045142268598243634,0.0001,,512,False,xavier_uniform,step,"{'step_size': 10, 'gamma': 0.5}",339000,"[101382.80225350599, 25881.84699536139, 7.296152247197262, 2.2359119115337247, 3.6690884383483304, 1.8765522093457168, 1.8744196387898693, 1.873623616101506, 1.8730791991269469, 1.8727879178657452, 1.8729110481933091, 1.8728804896348705]","[0.15939278937381404, 0.1869070208728653, 0.18358633776091082, 0.20232447817836813, 0.21969265793966988, 0.23012711060519825, 0.22557389489660407, 0.22993739328400684, 0.23012711060519825, 0.23107569721115537, 0.2303168279263897, 0.2305065452475811]","[21979.022972187973, 2.0089698899678647, 1.8901500967818796, 1.8822040112861553, 1.884609204684476, 1.8813353024411816, 1.880538214320297, 1.8805553531429655, 1.8806136524550652, 1.8821334256387805, 1.8817783342688508, 1.8818133881312762]","[0.24203338391502277, 0.24203338391502277, 0.24203338391502277, 0.24203338391502277, 0.17981790591805766, 0.24203338391502277, 0.24203338391502277, 0.24203338391502277, 0.24203338391502277, 0.24203338391502277, 0.24203338391502277, 0.24203338391502277]",[],[],0.5353156819984535,7.342789128227009e-08,False,0.2305065452475811,1.8728804896348705,0.24203338391502277,1.8818133881312762,0.0,0.00029568349115485657,0.0056559525451787,1.531282852024556e-06,0.0,4.593848556073669e-07
18,512,"[527, 1054, 2108, 4216, 8432, 10542, 10542, 10542, 10542, 10542, 10542, 10542, 10542]",12,"[2, 5, 10, 19, 30, 41, 52, 63, 74, 85, 96, 107]","[13, 20, 25, 25, 27, 34, 35, 36, 43, 51, 57, 65, 76, 94]",inv_pyramid,14,<class 'torch.nn.modules.activation.LeakyReLU'>,0.1,<class 'torch.optim.sgd.SGD'>,0.00020225155654263356,0.0001,0.99,512,False,xavier_uniform,cosine,{'T_max': 50},254250,"[1.9417516099433971, 1.9411219457973792, 1.9409993588358898, 1.94060663299271, 1.9394634523104046, 1.937704868910096, 1.9354585115607879, 1.9328119883702841, 1.9298479632348857, 1.9266439107716864, 1.923273007821322, 1.9198013046981488]","[0.22011385199240988, 0.2239089184060721, 0.2215370018975332, 0.226280834914611, 0.22917852399924113, 0.23164484917472966, 0.23240371845949534, 0.23240371845949534, 0.23240371845949534, 0.23240371845949534, 0.23240371845949534, 0.23240371845949534]","[1.9400476837737064, 1.939977934400301, 1.9397457458180614, 1.9389710970822163, 1.9374644787069155, 1.9354460653658159, 1.9330050802375551, 1.9302264489968377, 1.9271907044831826, 1.9239695144531759, 1.9206278213781725, 1.9172270544020287]","[0.24203338391502277, 0.24203338391502277, 0.24203338391502277, 0.24203338391502277, 0.24203338391502277, 0.24203338391502277, 0.24203338391502277, 0.24203338391502277, 0.24203338391502277, 0.24203338391502277, 0.24203338391502277, 0.24203338391502277]",[],[],0.4654798418314804,1.8018769773044007e-08,False,0.23240371845949534,1.9198013046981488,0.24203338391502277,1.9172270544020287,0.0,3.0814879110195774e-33,5.551115123125783e-17,3.8109909122832025e-07,0.0,1.1432972736849609e-07
21,512,"[527, 1054, 2108, 4216, 8432, 10542, 10542, 10542, 10542, 10542, 10542, 10542, 10542]",12,"[2, 5, 10, 19, 30, 41, 52, 63, 74, 85, 96, 107]","[87, 87, 87, 87, 87, 87, 87, 87, 87, 87, 87, 87, 87, 87, 87]",constant,15,<class 'torch.nn.modules.activation.ReLU'>,0.5,<class 'torch.optim.rmsprop.RMSprop'>,0.0002119264966723199,0.0001,,512,True,kaiming_uniform,exponential,{'gamma': 0.9},296625,"[27474.812062677895, 14069.22477244426, 9750.969685795186, 6851.183537231677, 5110.397423975971, 3457.2531297336695, 2615.520328076644, 2092.6571043763934, 1733.4059305004685, 1463.2803494448544, 1258.1387253140526, 1093.045075140287]","[0.14800759013282733, 0.15464895635673626, 0.16603415559772297, 0.15773244781783682, 0.15442989944981977, 0.17567823942325933, 0.1967368620755075, 0.20925820527414152, 0.22709163346613545, 0.24018212862834376, 0.24985771200910642, 0.25991273003225196]","[147.14290293576323, 99.22424711189791, 53.56164527047929, 27.832019988249574, 16.318470944764943, 11.643550856884044, 9.191659364425359, 7.621241180958263, 6.512439682921437, 5.6917865178653795, 5.152546095377758, 4.658384108941363]","[0.24203338391502277, 0.24203338391502277, 0.24203338391502277, 0.24279210925644917, 0.23596358118361152, 0.2306525037936267, 0.2291350531107739, 0.22534142640364188, 0.22458270106221548, 0.22230652503793627, 0.2283763277693475, 0.22610015174506828]",[],[],0.45604501933882957,1.4844452827486796e-08,False,0.25991273003225196,1093.045075140287,0.22610015174506828,4.658384108941363,-0.00015174506828528084,5.674689250098955e-05,-0.007104428196992696,3.1520655038028895e-07,0.0,9.45619651140867e-08
66,32,"[527, 1054, 2108, 4216]",3,"[17, 50, 116]","[28, 23, 17, 17, 23, 28]",hourglass,5,<class 'torch.nn.modules.activation.GELU'>,0.4,<class 'torch.optim.adam.Adam'>,0.03903304514522225,1e-06,,32,True,kaiming_uniform,exponential,{'gamma': 0.99},14125,"[2.726479734370107, 1.9388193358053971, 1.8994262496705752]","[0.1840607210626186, 0.21916508538899432, 0.2239089184060721]","[1.8864328068919898, 1.8785239971823684, 1.889487144979613]","[0.24506828528072838, 0.24203338391502277, 0.24203338391502277]",[],[],0.45498279454904594,1.4541533859007057e-08,False,0.2239089184060721,1.8994262496705752,0.24203338391502277,1.889487144979613,-3.065556935056173e-05,2.046805844347063e-06,-0.0015174506828528056,3.0891855178199805e-07,0.0,9.267556553459943e-08
59,32,"[527, 1054, 2108, 4216, 8432]",4,"[17, 50, 116, 248]","[28, 23, 17, 17, 23, 28]",hourglass,5,<class 'torch.nn.modules.activation.GELU'>,0.4,<class 'torch.optim.adam.Adam'>,0.03903304514522225,1e-06,,32,True,kaiming_uniform,exponential,{'gamma': 0.99},14125,"[2.726479734370107, 1.9388193358053971, 1.8994262496705752, 1.8919839472200657]","[0.1840607210626186, 0.21916508538899432, 0.2239089184060721, 0.22462049335863377]","[1.8864328068919898, 1.8785239971823684, 1.889487144979613, 1.8787702928001855]","[0.24506828528072838, 0.24203338391502277, 0.24203338391502277, 0.24203338391502277]",[],[],0.424768480866516,7.792120839846708e-09,False,0.22462049335863377,1.8919839472200657,0.24203338391502277,1.8787702928001855,-1.3138101150240741e-05,1.7269924311678346e-06,-0.0010116337885685278,1.6881408814684896e-07,0.0,5.064422644405469e-08
11,128,"[527, 1054, 2108, 4216, 8432, 10542, 10542, 10542, 10542, 10542, 10542, 10542, 10542]",12,"[5, 14, 31, 64, 106, 148, 190, 232, 274, 316, 358, 400]","[99, 97, 97, 96, 95, 93, 92, 86, 78, 71, 69, 64, 61, 60, 55, 50, 46, 35, 30, 23, 17, 7, 7, 6, 5]",pyramid,25,<class 'torch.nn.modules.activation.Tanh'>,0.1,<class 'torch.optim.sgd.SGD'>,0.0655108914701854,0.0,0.95,128,False,xavier_normal,cosine,{'T_max': 50},155375,"[1.9911047426075366, 1.8968059218133424, 1.8880100426682938, 1.8797909512239344, 1.8799277856801815, 1.8767264253205262, 1.8743403643409253, 1.8592432674703958, 1.7707645455023704, 1.7335312996569225, 1.8495521393656347, 1.8574034082349034]","[0.14041745730550284, 0.22580645161290322, 0.21916508538899432, 0.22533206831119545, 0.22576361221779548, 0.23183456649592107, 0.23107569721115537, 0.23392145702902675, 0.2758489850123316, 0.29880478087649404, 0.23809523809523808, 0.23828495541642952]","[1.8977479097152155, 1.8880102652519353, 1.8839134900450525, 1.8796998038096566, 1.8813495565437584, 1.8807561450011814, 1.8788106698367593, 1.8214506703190088, 1.7254438324292982, 1.843070081405466, 1.8645756769252655, 1.8694885030320996]","[0.24203338391502277, 0.24203338391502277, 0.24203338391502277, 0.24203338391502277, 0.24203338391502277, 0.24203338391502277, 0.24203338391502277, 0.26479514415781485, 0.2943854324734446, 0.255690440060698, 0.2094081942336874, 0.2298937784522003]",[],[],0.3965952857430213,4.254528647844693e-09,False,0.23828495541642952,1.8574034082349034,0.2298937784522003,1.8694885030320996,-3.073317838689233e-05,0.0003746454228688082,-0.017243757759690975,9.538067175740529e-08,0.0,2.861420152722159e-08
80,32,"[527, 1054]",1,[17],"[28, 23, 17, 17, 23, 28]",hourglass,5,<class 'torch.nn.modules.activation.GELU'>,0.4,<class 'torch.optim.adam.Adam'>,0.03903304514522225,1e-06,,32,True,kaiming_uniform,exponential,{'gamma': 0.99},14125,[2.726479734370107],[0.1840607210626186],[1.8864328068919898],[0.24506828528072838],[],[],0.39506828528072835,4.149840966264158e-09,False,0.1840607210626186,2.726479734370107,0.24506828528072838,1.8864328068919898,0.0,0.0,0.0,9.320756256473761e-08,0.0,2.796226876942129e-08
19,128,"[527, 1054, 2108, 4216, 8432, 10542, 10542, 10542, 10542, 10542, 10542, 10542, 10542]",12,"[5, 14, 31, 64, 106, 148, 190, 232, 274, 316, 358, 400]","[64, 18, 53, 60, 57, 65, 76, 11, 46, 87, 33, 6, 91, 86, 69, 64, 80, 18, 7, 73, 34, 66, 50, 77]",irregular,24,<class 'torch.nn.modules.activation.ReLU'>,0.4,<class 'torch.optim.adamw.AdamW'>,0.00024371540765642796,1e-05,,128,True,xavier_normal,step,"{'step_size': 10, 'gamma': 0.5}",268375,"[1.9165769195647122, 1.9157322921155753, 1.909343362533164, 1.9011257676517261, 1.891179880524152, 1.8804563552146845, 1.8725148789956387, 1.86485066730052, 1.8552685784696514, 1.8419370974428715, 1.8217792881211345, 1.7929288892496291]","[0.2239089184060721, 0.23529411764705882, 0.2243833017077799, 0.22556925996204932, 0.23107569721115537, 0.23202428381711251, 0.23240371845949534, 0.23449060899260102, 0.2337317397078353, 0.2388541073800038, 0.24435590969455512, 0.24909884272434074]","[1.916152793286603, 1.9134692293740188, 1.908743915319081, 1.8996325836196113, 1.8907267052414565, 1.8859165000626097, 1.8836194511972175, 1.8826521602494584, 1.8825538952542364, 1.8830729366615075, 1.8842445930327558, 1.885913732561971]","[0.24203338391502277, 0.24203338391502277, 0.24203338391502277, 0.24203338391502277, 0.24203338391502277, 0.24203338391502277, 0.24203338391502277, 0.24203338391502277, 0.24203338391502277, 0.24203338391502277, 0.24203338391502277, 0.24203338391502277]",[],[],0.39210286000490246,3.8912775880556665e-09,False,0.24909884272434074,1.7929288892496291,0.24203338391502277,1.885913732561971,0.0,3.0814879110195774e-33,5.551115123125783e-17,8.784029828312465e-08,0.0,2.63520894849374e-08
73,32,"[527, 1054, 2108]",2,"[17, 50]","[28, 23, 17, 17, 23, 28]",hourglass,5,<class 'torch.nn.modules.activation.GELU'>,0.4,<class 'torch.optim.adam.Adam'>,0.03903304514522225,1e-06,,32,True,kaiming_uniform,exponential,{'gamma': 0.99},14125,"[2.726479734370107, 1.9388193358053971]","[0.1840607210626186, 0.21916508538899432]","[1.8864328068919898, 1.8785239971823684]","[0.24506828528072838, 0.24203338391502277]",[],[],0.39203338391502274,3.8854017288875636e-09,False,0.21916508538899432,1.9388193358053971,0.24203338391502277,1.8785239971823684,0.0,0.0,0.0,8.771832706950862e-08,0.0,2.631549812085259e-08
84,1024,"[527, 1054]",1,[1],"[7, 34, 50, 52, 53, 58, 64, 68, 40, 38, 35, 34, 28, 26, 23, 23, 17, 15, 12, 5, 4]",mutated,21,<class 'torch.nn.modules.activation.GELU'>,0.4,<class 'torch.optim.rmsprop.RMSprop'>,0.007435141295848892,1e-05,,1024,False,xavier_uniform,cosine,{'T_max': 50},226000,[1.9971089363098145],[0.14231499051233396],[1.9299346441925929],[0.24203338391502277],[],[],0.39203338391502274,3.8854017288875636e-09,False,0.14231499051233396,1.9971089363098145,0.24203338391502277,1.9299346441925929,0.0,0.0,0.0,8.771832706950862e-08,0.0,2.631549812085259e-08
83,32,"[527, 1054]",1,[17],"[99, 11, 11, 55]",mutated,16,<class 'torch.nn.modules.activation.GELU'>,0.3,<class 'torch.optim.sgd.SGD'>,0.02579930544955364,1e-05,0.9,32,True,kaiming_uniform,cosine,{'T_max': 10},211875,[2.1677244612116513],[0.1935483870967742],[1.9175328946077408],[0.24127465857359637],[],[],0.39127465857359633,3.82176206172418e-09,False,0.1935483870967742,2.1677244612116513,0.24127465857359637,1.9175328946077408,0.0,0.0,0.0,8.639729346132169e-08,0.0,2.5919188038396512e-08
86,128,"[527, 1054]",1,[5],"[72, 62, 62, 54, 48, 41, 36, 8, 36, 41, 48, 54, 64, 65, 68]",mutated,14,<class 'torch.nn.modules.activation.ELU'>,0.2,<class 'torch.optim.adamw.AdamW'>,0.00041348319330092163,1e-06,0.95,128,False,kaiming_uniform,cosine,"{'step_size': 5, 'gamma': 0.9, 'T_max': 10}",169500,[4.456813953859304],[0.17267552182163187],[2.1866288025932716],[0.15098634294385432],[],[],0.3009863429438543,3.4368381242031813e-10,False,0.17267552182163187,4.456813953859304,0.15098634294385432,2.1866288025932716,0.0,0.0,0.0,1.4199268801035427e-08,0.0,4.259780640310629e-09
81,64,"[527, 1054]",1,[9],"[3, 27, 32, 53, 64, 71, 74, 90, 92]",inv_pyramid,9,<class 'torch.nn.modules.activation.ELU'>,0.4,<class 'torch.optim.adamw.AdamW'>,0.03507218359067636,0.001,,64,True,kaiming_uniform,none,{},14136,[6.127927918587962],[0.1461100569259962],[2.5501492953264298],[0.13884673748103188],[],[],0.28884673748103185,1.9622896982298587e-10,False,0.1461100569259962,6.127927918587962,0.13884673748103188,2.5501492953264298,0.0,0.0,0.0,1.1138397941027716e-08,0.0,3.3415193823083153e-09
85,1024,"[527, 1054]",1,[1],"[83, 50, 26, 54, 47, 27, 26, 24, 17, 24, 26, 27, 47, 54, 95, 99, 99]",mutated,16,<class 'torch.nn.modules.activation.GELU'>,0.3,<class 'torch.optim.adam.Adam'>,0.02579930544955364,1e-05,0.9,1024,True,kaiming_uniform,cosine,{'T_max': 10},211875,[13.343391418457031],[0.17267552182163187],[1.9387793846665817],[0.11987860394537178],[],[],0.2698786039453718,2.682840410803761e-11,False,0.17267552182163187,13.343391418457031,0.11987860394537178,1.9387793846665817,0.0,0.0,0.0,7.621977278726e-09,0.0,2.2865931836178003e-09
82,512,"[527, 1054]",1,[2],"[18, 24, 28, 32, 40, 43, 48, 53, 54, 56, 58, 58, 60, 61, 63, 63, 74, 75, 78, 82, 87, 89, 91, 92, 92]",triangular,25,<class 'torch.nn.modules.activation.GELU'>,0.4,<class 'torch.optim.adamw.AdamW'>,0.0012352281885971595,0.0001,,512,False,xavier_uniform,exponential,{'gamma': 0.9},14147,[1.9448782237250166],[0.11195445920303605],[1.9375496900135902],[0.11608497723823975],[],[],0.26608497723823976,0.0,False,0.11195445920303605,1.9448782237250166,0.11608497723823975,1.9375496900135902,0.0,0.0,0.0,7.065072677233521e-09,0.0,2.1195218031700567e-09
