id,batch_size,n_instances,epochs_trained,efforts,arch_hidden_layers,arch_shape,arch_depth,arch_activation_fn,arch_dropout_rate,arch_optimizer_type,arch_learning_rate,arch_weight_decay,arch_momentum,arch_batch_size,arch_use_skip_connections,arch_initializer,arch_lr_scheduler,arch_scheduler_params,arch_seed,train_loss,train_acc,val_loss,val_acc,test_loss,test_acc,forecasted_val_acc,score,forecast_gain,fcst_greater_than_baseline,last_train_acc,last_train_loss,last_val_acc,last_val_loss,slope_val_acc,var_val_acc,gap_val_acc
0,1024,"[54, 108]",1,[0.1],"[77, 68, 67, 65, 64, 54, 48, 41, 39, 36, 30, 20, 20, 8, 20, 20, 30, 36, 39, 41, 48, 54, 64, 65, 67, 68, 77]",hourglass,26,<class 'torch.nn.modules.activation.ReLU'>,0.4,<class 'torch.optim.rmsprop.RMSprop'>,0.09157514249086197,0.001,,1024,True,kaiming_uniform,step,"{'step_size': 5, 'gamma': 0.9}",0,[661.4830932617188],[0.2962962962962963],[1.5443352591961277e+21],[0.21323529411764705],[],[],0.0,0.0,0.0,False,0.2962962962962963,661.4830932617188,0.21323529411764705,1.5443352591961277e+21,,,
1,32,"[54, 108]",1,[0.1],"[6, 12, 19, 21, 26, 26, 30, 31, 32, 40, 71, 85, 86, 88, 90, 90, 96, 98]",inv_pyramid,18,<class 'torch.nn.modules.activation.Tanh'>,0.1,<class 'torch.optim.adam.Adam'>,0.09526327057298835,1e-06,,32,False,kaiming_normal,none,{},13,[1.8744899520167597],[0.16666666666666666],[4.0489162557265335],[0.19117647058823528],[],[],0.0,0.0,0.0,False,0.16666666666666666,1.8744899520167597,0.19117647058823528,4.0489162557265335,,,
3,256,"[54, 108]",1,[0.1],"[3, 6, 6, 25, 27, 31, 35, 48, 52, 53, 75, 85, 89, 93, 96]",inv_pyramid,15,<class 'torch.nn.modules.activation.Sigmoid'>,0.5,<class 'torch.optim.adam.Adam'>,0.0012551370533794928,0.0,,256,False,kaiming_normal,step,"{'step_size': 30, 'gamma': 0.9}",39,[1.4564536809921265],[0.2037037037037037],[1.411213994026184],[0.21323529411764705],[],[],0.0,0.0,0.0,False,0.2037037037037037,1.4564536809921265,0.21323529411764705,1.411213994026184,,,
4,64,"[54, 108]",1,[0.1],"[95, 95, 95, 95, 95, 95, 95, 95, 95, 95, 95, 95, 95, 95, 95, 95, 95, 95, 95]",constant,19,<class 'torch.nn.modules.activation.ELU'>,0.3,<class 'torch.optim.rmsprop.RMSprop'>,0.0016617414948059091,1e-06,,64,False,xavier_normal,cosine,{'T_max': 50},52,[1.4550285339355469],[0.2777777777777778],[1.5116267484777115],[0.20588235294117646],[],[],0.0,0.0,0.0,False,0.2777777777777778,1.4550285339355469,0.20588235294117646,1.5116267484777115,,,
5,512,"[54, 108]",1,[0.1],"[8, 12, 17, 20, 23, 28, 31, 31, 35, 36, 39, 46, 58, 59, 59, 61, 62, 63, 68, 70, 70, 73, 74, 82, 84, 86, 91, 97]",inv_pyramid,28,<class 'torch.nn.modules.activation.GELU'>,0.0,<class 'torch.optim.sgd.SGD'>,0.011759983515665016,1e-05,0.95,512,True,xavier_normal,none,{},65,[1.3898653984069824],[0.24074074074074073],[1.3867546319961548],[0.22058823529411764],[],[],0.0,0.0,0.0,False,0.24074074074074073,1.3898653984069824,0.22058823529411764,1.3867546319961548,,,
6,1024,"[54, 108]",1,[0.1],"[41, 41, 41, 41, 41, 41, 41, 41, 41, 41, 41, 41, 41, 41]",constant,14,<class 'torch.nn.modules.activation.GELU'>,0.5,<class 'torch.optim.rmsprop.RMSprop'>,0.016990095011907635,0.0,,1024,True,kaiming_normal,exponential,{'gamma': 0.99},78,[4419.33984375],[0.3148148148148148],[2438.639404296875],[0.21323529411764705],[],[],0.0,0.0,0.0,False,0.3148148148148148,4419.33984375,0.21323529411764705,2438.639404296875,,,
8,32,"[54, 108]",1,[0.1],"[96, 53, 32]",pyramid,3,<class 'torch.nn.modules.activation.Sigmoid'>,0.0,<class 'torch.optim.sgd.SGD'>,0.026310448089568717,0.0,0.9,32,True,xavier_uniform,step,"{'step_size': 20, 'gamma': 0.5}",104,[1.4064283944942333],[0.24074074074074073],[1.392745347583995],[0.22058823529411764],[],[],0.0,0.0,0.0,False,0.24074074074074073,1.4064283944942333,0.22058823529411764,1.392745347583995,,,
2,256,"[54, 108, 216]",2,"[0.1, 0.4]","[100, 100, 98, 97, 96, 94, 91, 90, 88, 87, 85, 84, 82, 79, 79, 79, 77, 72, 72, 71, 68, 67, 64, 64, 62, 58, 57, 55, 52, 49, 40, 34, 34, 31, 30, 29, 28, 24, 21, 19, 19, 18, 10, 8, 8, 6, 6, 6, 3]",pyramid,49,<class 'torch.nn.modules.activation.GELU'>,0.4,<class 'torch.optim.rmsprop.RMSprop'>,0.028043801411404782,0.01,,256,False,xavier_normal,step,"{'step_size': 20, 'gamma': 0.1}",26,"[1.4092167615890503, 34.29143142700195]","[0.2777777777777778, 0.24074074074074073]","[1.3856562376022339, 1.4488179683685303]","[0.33088235294117646, 0.22058823529411764]",[],[],0.0,0.0,0.0,False,0.24074074074074073,34.29143142700195,0.22058823529411764,1.4488179683685303,,,
11,64,"[54, 108, 216]",2,"[0.1, 0.4]","[5, 5, 5, 5, 5, 5, 5, 5, 5, 5, 5, 5, 5]",constant,13,<class 'torch.nn.modules.activation.LeakyReLU'>,0.1,<class 'torch.optim.sgd.SGD'>,0.00017764530198530006,0.0001,0.99,64,True,xavier_uniform,cosine,{'T_max': 50},143,"[12.810236930847168, 10.880667050679525]","[0.2777777777777778, 0.32407407407407407]","[10.051791527692009, 7.971713234396542]","[0.21323529411764705, 0.21323529411764705]",[],[],0.0,0.0,0.0,False,0.32407407407407407,10.880667050679525,0.21323529411764705,7.971713234396542,,,
12,512,"[54, 108, 216]",2,"[0.1, 0.4]","[98, 97, 74, 60, 51, 48, 45, 34, 31, 23, 22, 22, 22, 20, 20, 13, 4, 4, 13, 20, 20, 22, 22, 22, 23, 31, 34, 45, 48, 51, 60, 74, 97, 98]",hourglass,33,<class 'torch.nn.modules.activation.Tanh'>,0.0,<class 'torch.optim.adamw.AdamW'>,0.00139623641326732,0.0,,512,False,xavier_uniform,cosine,{'T_max': 50},156,"[1.3888208866119385, 1.3925050497055054]","[0.25925925925925924, 0.23148148148148148]","[1.3932139873504639, 1.3838599920272827]","[0.22058823529411764, 0.23529411764705882]",[],[],0.0,0.0,0.0,False,0.23148148148148148,1.3925050497055054,0.23529411764705882,1.3838599920272827,,,
13,128,"[54, 108, 216]",2,"[0.1, 0.4]","[99, 92, 80, 75, 74, 71, 70, 68, 63, 63, 47, 37, 29, 19, 18, 12, 8, 3]",triangular,18,<class 'torch.nn.modules.activation.LeakyReLU'>,0.3,<class 'torch.optim.sgd.SGD'>,0.00013837303496234572,0.001,0.9,128,False,xavier_uniform,none,{},169,"[1.4752607345581055, 1.4373259544372559]","[0.25925925925925924, 0.26851851851851855]","[1.5072246860055363, 1.5071908656288595]","[0.23529411764705882, 0.23529411764705882]",[],[],0.0,0.0,0.0,False,0.26851851851851855,1.4373259544372559,0.23529411764705882,1.5071908656288595,,,
14,512,"[54, 108, 216]",2,"[0.1, 0.4]","[6, 7, 12, 14, 14, 15, 22, 23, 30, 32, 32, 37, 38, 39, 43, 47, 50, 62, 67, 73, 76, 83, 87, 91, 91, 94, 95, 96, 96, 100]",inv_pyramid,30,<class 'torch.nn.modules.activation.LeakyReLU'>,0.4,<class 'torch.optim.adam.Adam'>,0.018888674634200506,1e-06,,512,False,xavier_normal,cosine,{'T_max': 100},182,"[1.3840363025665283, 1.4437766075134277]","[0.24074074074074073, 0.2222222222222222]","[1.3863831758499146, 1.3885639905929565]","[0.23529411764705882, 0.21323529411764705]",[],[],0.0,0.0,0.0,False,0.2222222222222222,1.4437766075134277,0.21323529411764705,1.3885639905929565,,,
15,32,"[54, 108, 216]",2,"[0.1, 0.4]","[95, 94, 89, 85, 85, 82, 75, 73, 68, 58, 53, 46, 43, 41, 33, 29, 28, 28, 13, 11, 8, 11, 13, 28, 28, 29, 33, 41, 43, 46, 53, 58, 68, 73, 75, 82, 85, 85, 89, 94, 95]",hourglass,40,<class 'torch.nn.modules.activation.GELU'>,0.1,<class 'torch.optim.adam.Adam'>,0.0005102482324577399,0.0,,32,True,xavier_uniform,exponential,{'gamma': 0.99},195,"[1.3857889749385692, 1.3860413586651836]","[0.2777777777777778, 0.25]","[1.3867766226039213, 1.3874613186892342]","[0.21323529411764705, 0.21323529411764705]",[],[],0.0,0.0,0.0,False,0.25,1.3860413586651836,0.21323529411764705,1.3874613186892342,,,
16,512,"[54, 108, 216]",2,"[0.1, 0.4]","[97, 90, 88, 83, 82, 76, 75, 75, 61, 61, 56, 47, 41, 35, 35, 32, 25, 20, 10]",triangular,19,<class 'torch.nn.modules.activation.ELU'>,0.1,<class 'torch.optim.adamw.AdamW'>,0.0008183373662470845,1e-05,,512,True,xavier_normal,exponential,{'gamma': 0.99},208,"[1.507930040359497, 1.4059827327728271]","[0.25925925925925924, 0.25]","[1.38653564453125, 1.3455122709274292]","[0.21323529411764705, 0.33088235294117646]",[],[],0.0,0.0,0.0,False,0.25,1.4059827327728271,0.33088235294117646,1.3455122709274292,,,
17,1024,"[54, 108, 216]",2,"[0.1, 0.4]","[100, 74, 73, 65, 60, 48, 38, 32, 14, 14, 32, 38, 48, 60, 65, 73, 74, 100]",hourglass,17,<class 'torch.nn.modules.activation.GELU'>,0.5,<class 'torch.optim.adam.Adam'>,0.00012720459990317508,1e-05,,1024,True,kaiming_uniform,exponential,{'gamma': 0.95},221,"[237.20614624023438, 285.96978759765625]","[0.25925925925925924, 0.2222222222222222]","[1.553617238998413, 1.5461111068725586]","[0.22058823529411764, 0.22058823529411764]",[],[],0.0,0.0,0.0,False,0.2222222222222222,285.96978759765625,0.22058823529411764,1.5461111068725586,,,
9,1024,"[54, 108, 216, 432]",3,"[0.1, 0.4, 1.2000000000000002]","[94, 92, 86, 75, 74, 70, 61, 55, 54, 47, 45, 29, 24, 23, 19, 18, 7]",pyramid,17,<class 'torch.nn.modules.activation.Sigmoid'>,0.3,<class 'torch.optim.adam.Adam'>,0.00031051366205476355,0.0001,,1024,False,kaiming_normal,step,"{'step_size': 10, 'gamma': 0.9}",117,"[1.3779921531677246, 1.3970422744750977, 1.4261863231658936]","[0.2222222222222222, 0.25925925925925924, 0.20833333333333334]","[1.3745396137237549, 1.3745492696762085, 1.3745737075805664]","[0.33088235294117646, 0.33088235294117646, 0.33088235294117646]",[],[],0.33088235294117646,0.06338235294117647,0.0,False,0.20833333333333334,1.4261863231658936,0.33088235294117646,1.3745737075805664,0.0,0.0,0.0
21,64,"[54, 108, 216, 432]",3,"[0.1, 0.4, 1.2000000000000002]","[84, 78, 33, 42, 96, 80, 77, 40, 19, 31, 13, 68, 27, 69]",irregular,14,<class 'torch.nn.modules.activation.ReLU'>,0.3,<class 'torch.optim.adamw.AdamW'>,0.030550003043937173,1e-05,,64,False,kaiming_uniform,exponential,{'gamma': 0.99},273,"[4.265697956085205, 4.143586132261488, 1.5028324833622686]","[0.24074074074074073, 0.21296296296296297, 0.25462962962962965]","[1.7021447209750904, 1.395610073033501, 1.3850403393016142]","[0.22058823529411764, 0.22058823529411764, 0.21323529411764705]",[],[],0.19719251336898394,0.0,0.0,False,0.25462962962962965,1.5028324833622686,0.21323529411764705,1.3850403393016142,-0.006684491978609626,1.2014609765474823e-05,-0.00735294117647059
19,32,"[54, 108, 216, 432]",3,"[0.1, 0.4, 1.2000000000000002]","[4, 5, 9, 10, 14, 15, 19, 20, 24, 28, 29, 29, 37, 40, 40, 47, 48, 56, 57, 59, 63, 71, 71, 74, 81, 82, 83, 86, 93, 99, 100]",inv_pyramid,31,<class 'torch.nn.modules.activation.LeakyReLU'>,0.0,<class 'torch.optim.rmsprop.RMSprop'>,0.0020854475845408305,0.0001,,32,True,kaiming_uniform,cosine,{'T_max': 10},247,"[4.053570517787227, 1.9571112526787653, 1.3941448662016127]","[0.2222222222222222, 0.24074074074074073, 0.25925925925925924]","[1.4011953999014461, 1.3762058790992289, 1.3869234393624699]","[0.23529411764705882, 0.33088235294117646, 0.23529411764705882]",[],[],0.23529411764705882,0.0,0.0,False,0.25925925925925924,1.3941448662016127,0.23529411764705882,1.3869234393624699,0.0,0.0020304690503652437,-0.04779411764705882
27,128,"[54, 108, 216, 432]",3,"[0.1, 0.4, 1.2000000000000002]","[7, 14, 18, 18, 21, 23, 29, 30, 31, 32, 35, 37, 37, 37, 37, 38, 40, 43, 46, 47, 52, 54, 58, 58, 61, 62, 64, 66, 67, 73, 81, 82, 84, 87, 88, 90, 95, 96, 97, 97, 100]",triangular,41,<class 'torch.nn.modules.activation.ELU'>,0.3,<class 'torch.optim.rmsprop.RMSprop'>,0.010317716331352315,1e-06,,128,True,xavier_uniform,exponential,{'gamma': 0.99},351,"[1.6568049192428589, 16565.341796875, 15146.181671707718]","[0.18518518518518517, 0.1574074074074074, 0.2638888888888889]","[552.0206083409927, 1126.992733226103, 11.689673592062558]","[0.23529411764705882, 0.22058823529411764, 0.20588235294117646]",[],[],0.14171122994652402,0.0,0.0,False,0.2638888888888889,15146.181671707718,0.20588235294117646,11.689673592062558,-0.026737967914438505,0.00014417531718569787,-0.02205882352941177
28,1024,"[54, 108, 216, 432]",3,"[0.1, 0.4, 1.2000000000000002]","[66, 66]",constant,2,<class 'torch.nn.modules.activation.ReLU'>,0.0,<class 'torch.optim.sgd.SGD'>,0.0010080625662498132,1e-06,0.9,1024,True,xavier_uniform,cosine,{'T_max': 10},364,"[1.4628123044967651, 1.4381413459777832, 1.448603630065918]","[0.2777777777777778, 0.2777777777777778, 0.2638888888888889]","[1.4570125341415405, 1.456162929534912, 1.454909324645996]","[0.23529411764705882, 0.23529411764705882, 0.23529411764705882]",[],[],0.23529411764705882,0.0,0.0,False,0.2638888888888889,1.448603630065918,0.23529411764705882,1.454909324645996,0.0,7.703719777548943e-34,0.0
25,1024,"[54, 108, 216, 432]",3,"[0.1, 0.4, 1.2000000000000002]","[95, 90, 89, 87, 86, 81, 79, 75, 74, 73, 68, 67, 66, 64, 63, 60, 51, 48, 48, 37, 34, 33, 33, 28, 27, 27, 24, 20, 18, 18, 17, 14, 13, 12, 10, 5, 3]",pyramid,37,<class 'torch.nn.modules.activation.ReLU'>,0.0,<class 'torch.optim.rmsprop.RMSprop'>,0.00044950624111864796,0.0001,,1024,False,kaiming_uniform,cosine,{'T_max': 50},325,"[2.1307599544525146, 2.2043073177337646, 1.5129252672195435]","[0.25925925925925924, 0.26851851851851855, 0.2638888888888889]","[2.391058921813965, 1.5871098041534424, 1.5199227333068848]","[0.23529411764705882, 0.23529411764705882, 0.23529411764705882]",[],[],0.23529411764705882,0.0,0.0,False,0.2638888888888889,1.5129252672195435,0.23529411764705882,1.5199227333068848,0.0,7.703719777548943e-34,0.0
22,256,"[54, 108, 216, 432]",3,"[0.1, 0.4, 1.2000000000000002]","[43, 43, 43, 43, 43, 43, 43, 43, 43, 43, 43, 43, 43, 43, 43, 43, 43, 43, 43, 43, 43, 43, 43, 43, 43, 43, 43, 43, 43, 43, 43, 43, 43]",constant,33,<class 'torch.nn.modules.activation.GELU'>,0.0,<class 'torch.optim.adam.Adam'>,0.013378784859379596,0.0001,,256,True,kaiming_uniform,exponential,{'gamma': 0.95},286,"[131847.484375, 74674.6015625, 4008.072998046875]","[0.25925925925925924, 0.24074074074074073, 0.26851851851851855]","[68401.6015625, 3911.660400390625, 2009.5731201171875]","[0.33088235294117646, 0.29411764705882354, 0.20588235294117646]",[],[],0.0,0.0,0.0,False,0.26851851851851855,4008.072998046875,0.20588235294117646,2009.5731201171875,-0.11363636363636363,0.0027513456362937335,-0.10661764705882354
23,32,"[54, 108, 216, 432]",3,"[0.1, 0.4, 1.2000000000000002]","[96, 92, 91, 90, 89, 87, 87, 82, 79, 78, 70, 69, 68, 63, 61, 56, 53, 46, 46, 45, 43, 42, 14, 9, 4]",triangular,25,<class 'torch.nn.modules.activation.LeakyReLU'>,0.3,<class 'torch.optim.adamw.AdamW'>,0.0637076757225484,1e-06,,32,False,xavier_uniform,step,"{'step_size': 10, 'gamma': 0.9}",299,"[12.565311997025102, 1.9556391504075792, 3.5804791185590954]","[0.2777777777777778, 0.24074074074074073, 0.25]","[1.3818320035934448, 1.3948573785669662, 1.4155548881081974]","[0.33088235294117646, 0.22058823529411764, 0.21323529411764705]",[],[],0.0,0.0,0.0,False,0.25,3.5804791185590954,0.21323529411764705,1.4155548881081974,-0.106951871657754,0.0028955209534794308,-0.06250000000000003
24,64,"[54, 108, 216, 432]",3,"[0.1, 0.4, 1.2000000000000002]","[100, 98, 97, 95, 91, 90, 87, 72, 61, 61, 59, 59, 52, 51, 45, 44, 44, 43, 43, 42, 41, 38, 37, 35, 33, 32, 30, 29, 27, 26, 26, 23, 22, 22, 21, 20, 18, 18, 16, 9, 7, 6, 3]",pyramid,43,<class 'torch.nn.modules.activation.Sigmoid'>,0.1,<class 'torch.optim.sgd.SGD'>,0.030062397248661263,0.01,0.8,64,True,xavier_normal,exponential,{'gamma': 0.95},312,"[1.5306156873703003, 1.503314216931661, 1.4862462900303028]","[0.25925925925925924, 0.26851851851851855, 0.2638888888888889]","[1.5367433323579676, 1.5200965544756722, 1.47647744066575]","[0.23529411764705882, 0.23529411764705882, 0.23529411764705882]",[],[],0.23529411764705882,0.0,0.0,False,0.2638888888888889,1.4862462900303028,0.23529411764705882,1.47647744066575,0.0,7.703719777548943e-34,0.0
57,32,"[54, 108, 216, 432]",3,"[0.1, 0.4, 1.2000000000000002]","[43, 43, 43, 43, 43, 43, 43, 43, 43, 43, 43, 43, 43, 43, 43, 43, 43, 43, 43, 43, 43, 43, 43, 43, 46, 48, 59, 61, 70, 77, 85, 87, 87, 88, 95, 97]",mutated,35,<class 'torch.nn.modules.activation.ELU'>,0.5,<class 'torch.optim.adam.Adam'>,0.02907779935403076,0.0001,0.99,32,True,kaiming_uniform,exponential,"{'gamma': 0.5, 'step_size': 30}",130,"[468135943.8518519, 272437879.8518519, 5012289.046296297]","[0.24074074074074073, 0.25925925925925924, 0.2824074074074074]","[357.0315946691176, 18.369970321655273, 4.887089266496546]","[0.23529411764705882, 0.23529411764705882, 0.3161764705882353]",[],[],1.0,0.5536781526336024,0.0,False,0.2824074074074074,5012289.046296297,0.3161764705882353,4.887089266496546,0.07352941176470587,0.0014537677816224524,0.08088235294117646
45,256,"[54, 108, 216, 432, 864]",4,"[0.1, 0.4, 1.2000000000000002, 3.2]","[95, 95, 95, 95, 95]",constant,5,<class 'torch.nn.modules.activation.LeakyReLU'>,0.3,<class 'torch.optim.rmsprop.RMSprop'>,0.0012919883809080707,0.0001,,256,True,xavier_uniform,cosine,{'T_max': 50},585,"[1.9839247465133667, 2.341770648956299, 1.580743670463562, 1.321693398334362]","[0.3333333333333333, 0.25, 0.3101851851851852, 0.3958333333333333]","[1.7921620607376099, 1.5507175922393799, 1.2815427780151367, 1.1760364770889282]","[0.33088235294117646, 0.27205882352941174, 0.4632352941176471, 0.5367647058823529]",[],[],1.0,0.5505926215956022,0.0,False,0.3958333333333333,1.321693398334362,0.5367647058823529,1.1760364770889282,0.06641366223908918,0.010961829584775087,0.1813725490196078
7,128,"[54, 108, 216, 432, 864]",4,"[0.1, 0.4, 1.2000000000000002, 3.2]","[23, 54, 59, 61, 89, 90, 98]",triangular,7,<class 'torch.nn.modules.activation.Tanh'>,0.3,<class 'torch.optim.rmsprop.RMSprop'>,0.0005382929925640833,0.001,,128,False,xavier_normal,exponential,{'gamma': 0.95},91,"[1.4205714464187622, 1.349244475364685, 1.2517162693871393, 1.2197110167256109]","[0.24074074074074073, 0.32407407407407407, 0.4212962962962963, 0.42592592592592593]","[1.2926403143826652, 1.2213965373880722, 1.1492812703637516, 1.1357351541519165]","[0.3897058823529412, 0.4264705882352941, 0.49264705882352944, 0.5514705882352942]",[],[],1.0,0.5470344743240038,0.0,False,0.42592592592592593,1.2197110167256109,0.5514705882352942,1.1357351541519165,0.0521821631878558,0.0038488051470588255,0.11519607843137258
43,64,"[54, 108, 216, 432, 864]",4,"[0.1, 0.4, 1.2000000000000002, 3.2]","[49, 46]",triangular,2,<class 'torch.nn.modules.activation.ELU'>,0.1,<class 'torch.optim.sgd.SGD'>,0.0039290664673954975,0.0001,0.95,64,True,xavier_uniform,cosine,{'T_max': 100},559,"[1.4258583784103394, 1.4371246231926813, 1.4278113047281902, 1.3630371932630185]","[0.24074074074074073, 0.32407407407407407, 0.2824074074074074, 0.3263888888888889]","[1.457774982732885, 1.4491976499557495, 1.4145947344162886, 1.3341402516645544]","[0.23529411764705882, 0.25, 0.2867647058823529, 0.3897058823529412]",[],[],1.0,0.5463441877581202,0.0,False,0.3263888888888889,1.3630371932630185,0.3897058823529412,1.3341402516645544,0.04981024667931689,0.003635921280276817,0.13235294117647062
42,128,"[54, 108, 216, 432, 864]",4,"[0.1, 0.4, 1.2000000000000002, 3.2]","[53, 53]",inv_pyramid,2,<class 'torch.nn.modules.activation.ReLU'>,0.5,<class 'torch.optim.rmsprop.RMSprop'>,0.0014067883112681714,1e-06,,128,True,xavier_normal,cosine,{'T_max': 100},546,"[1.6718932390213013, 1.412602424621582, 1.3842649106626157, 1.2590321611475062]","[0.18518518518518517, 0.3333333333333333, 0.33796296296296297, 0.4236111111111111]","[1.359619042452644, 1.3188056314692778, 1.268909959232106, 1.1757779401891373]","[0.39705882352941174, 0.4411764705882353, 0.5073529411764706, 0.5294117647058824]",[],[],1.0,0.5442963060016464,0.0,False,0.4236111111111111,1.2590321611475062,0.5294117647058824,1.1757779401891373,0.042694497153700196,0.002767490268166091,0.08088235294117652
51,32,"[54, 108, 216, 432]",3,"[0.1, 0.4, 1.2000000000000002]","[6, 12, 19, 21, 26, 26, 30, 31, 32, 40, 71, 85, 86, 88, 90, 90, 96, 98]",inv_pyramid,18,<class 'torch.nn.modules.activation.Tanh'>,0.1,<class 'torch.optim.adam.Adam'>,0.09526327057298835,1e-06,,32,False,kaiming_normal,none,{},13,"[1.8744899520167597, 3.9684226601212114, 2.561944988038805]","[0.16666666666666666, 0.24074074074074073, 0.2638888888888889]","[4.0489162557265335, 3.5151016010957608, 2.064113546820248]","[0.19117647058823528, 0.17647058823529413, 0.22794117647058823]",[],[],1.0,0.541744586872182,0.0,False,0.2638888888888889,2.561944988038805,0.22794117647058823,2.064113546820248,0.03342245989304813,0.0004685697808535177,0.04411764705882351
40,64,"[54, 108, 216, 432, 864]",4,"[0.1, 0.4, 1.2000000000000002, 3.2]","[53, 53]",constant,2,<class 'torch.nn.modules.activation.Tanh'>,0.1,<class 'torch.optim.adamw.AdamW'>,0.0020222998455596756,0.0001,,64,True,kaiming_normal,none,{},520,"[1.4225953817367554, 1.3832204121130485, 1.272700274432147, 1.1850737907268383]","[0.2962962962962963, 0.35185185185185186, 0.4583333333333333, 0.45601851851851855]","[1.4427849965936996, 1.3666483374202953, 1.2611008882522583, 1.170368895811193]","[0.3235294117647059, 0.38235294117647056, 0.4117647058823529, 0.41911764705882354]",[],[],1.0,0.5408735955986996,0.0,False,0.45601851851851855,1.1850737907268383,0.41911764705882354,1.170368895811193,0.03083491461100569,0.0014158466695501726,0.04656862745098039
26,256,"[54, 108, 216, 432, 864]",4,"[0.1, 0.4, 1.2000000000000002, 3.2]","[92, 66, 62, 38, 28, 28, 38, 62, 66, 92]",hourglass,9,<class 'torch.nn.modules.activation.ELU'>,0.0,<class 'torch.optim.rmsprop.RMSprop'>,0.013195898493665523,0.01,,256,False,xavier_normal,step,"{'step_size': 5, 'gamma': 0.1}",338,"[1.3789715766906738, 2.536780834197998, 487.9017028808594, 3693.814353660301]","[0.2777777777777778, 0.2037037037037037, 0.2638888888888889, 0.2569444444444444]","[2.7752254009246826, 507.3815002441406, 4062.900390625, 456.0721130371094]","[0.14705882352941177, 0.23529411764705882, 0.22794117647058823, 0.22058823529411764]",[],[],1.0,0.538755090464198,0.0,False,0.2569444444444444,3693.814353660301,0.22058823529411764,456.0721130371094,0.02371916508538899,0.0012536494377162629,0.01715686274509806
54,128,"[54, 108, 216, 432]",3,"[0.1, 0.4, 1.2000000000000002]","[100, 97, 95, 94, 86, 85, 84, 82, 78, 71, 71, 66, 65, 65, 64, 61, 61, 43, 43, 42, 41, 38, 37, 35, 33, 32, 30, 29, 27, 26, 26, 23, 22, 22, 21, 20, 18, 18, 16, 9, 7, 6, 3]",mutated,42,<class 'torch.nn.modules.activation.Tanh'>,0.2,<class 'torch.optim.adamw.AdamW'>,0.0007315232526001404,0.0,,128,True,kaiming_normal,exponential,{'gamma': 0.95},494,"[1.4062304496765137, 1.4408164024353027, 1.4920318259133234]","[0.3333333333333333, 0.2962962962962963, 0.25]","[1.53171608728521, 1.5268820383969475, 1.5270044032265158]","[0.19117647058823528, 0.20588235294117646, 0.21323529411764705]",[],[],1.0,0.5377723384362657,0.0,False,0.25,1.4920318259133234,0.21323529411764705,1.5270044032265158,0.02005347593582888,8.410226835832376e-05,0.01470588235294118
37,1024,"[54, 108, 216, 432, 864]",4,"[0.1, 0.4, 1.2000000000000002, 3.2]","[63, 57, 87, 20, 62, 85, 42, 62, 82, 27, 18, 46, 39, 7, 44, 14, 46, 34, 4, 42, 53, 36, 70, 26, 49, 4, 9, 63, 85, 24, 60, 26, 13, 95, 37, 35, 71, 14, 3, 63, 95, 26, 31, 41, 55]",irregular,45,<class 'torch.nn.modules.activation.LeakyReLU'>,0.3,<class 'torch.optim.adamw.AdamW'>,0.001734884128411388,0.0,,1024,False,kaiming_uniform,none,{},481,"[68.98786163330078, 65.52291870117188, 58.204402923583984, 45.533687591552734]","[0.2222222222222222, 0.32407407407407407, 0.2361111111111111, 0.24305555555555555]","[1.4313106536865234, 1.3970202207565308, 1.3890079259872437, 1.3804370164871216]","[0.27941176470588236, 0.23529411764705882, 0.23529411764705882, 0.33088235294117646]",[],[],1.0,0.5365906294473435,0.0,False,0.24305555555555555,45.533687591552734,0.33088235294117646,1.3804370164871216,0.01660341555977229,0.0015510110294117646,0.08088235294117646
32,1024,"[54, 108, 216, 432, 864]",4,"[0.1, 0.4, 1.2000000000000002, 3.2]","[67, 67, 67, 67, 67, 67, 67, 67, 67, 67, 67, 67, 67, 67, 67, 67, 67, 67]",constant,18,<class 'torch.nn.modules.activation.ELU'>,0.4,<class 'torch.optim.rmsprop.RMSprop'>,0.003357517318499025,0.01,,1024,False,xavier_uniform,cosine,{'T_max': 100},416,"[1.7084497213363647, 1.8830374479293823, 1.8563209772109985, 1.6202929019927979]","[0.09259259259259259, 0.2777777777777778, 0.28703703703703703, 0.2638888888888889]","[1.4711024761199951, 1.456863522529602, 1.5405676364898682, 1.3711329698562622]","[0.2426470588235294, 0.23529411764705882, 0.21323529411764705, 0.27205882352941174]",[],[],1.0,0.5345667393647449,0.0,False,0.2638888888888889,1.6202929019927979,0.27205882352941174,1.3711329698562622,0.00948766603415559,0.00044266327854671254,0.04166666666666666
20,512,"[54, 108, 216, 432, 864]",4,"[0.1, 0.4, 1.2000000000000002, 3.2]","[55, 55, 55, 55, 55, 55, 55, 55, 55, 55, 55, 55, 55, 55, 55]",constant,15,<class 'torch.nn.modules.activation.ELU'>,0.4,<class 'torch.optim.adamw.AdamW'>,0.0004308430261003725,0.0,,512,False,kaiming_normal,step,"{'step_size': 20, 'gamma': 0.9}",260,"[28.10597801208496, 21.702285766601562, 28.67275619506836, 22.03330421447754]","[0.3333333333333333, 0.24074074074074073, 0.23148148148148148, 0.2824074074074074]","[1.9059537649154663, 1.8361947536468506, 1.771645188331604, 1.7180423736572266]","[0.25, 0.2647058823529412, 0.27941176470588236, 0.27205882352941174]",[],[],1.0,0.5338876038585499,0.0,False,0.2824074074074074,22.03330421447754,0.27205882352941174,1.7180423736572266,0.007115749525616691,0.00011826881487889272,0.007352941176470562
18,32,"[54, 108, 216, 432, 864]",4,"[0.1, 0.4, 1.2000000000000002, 3.2]","[6, 10, 12, 32, 36, 36, 38, 47, 49, 52, 52, 52, 55, 57, 64, 65, 67, 77, 79, 81, 87, 90, 93]",inv_pyramid,23,<class 'torch.nn.modules.activation.GELU'>,0.2,<class 'torch.optim.adam.Adam'>,0.009216863896838933,1e-05,,32,True,kaiming_uniform,exponential,{'gamma': 0.95},234,"[2.562190568005597, 2.4924836688571506, 1.4733616290269074, 1.4101195379539773]","[0.3333333333333333, 0.25, 0.2037037037037037, 0.2708333333333333]","[1.4020912296631758, 1.3863287462907679, 1.3809622946907492, 1.3958340953378117]","[0.21323529411764705, 0.22058823529411764, 0.33088235294117646, 0.23529411764705882]",[],[],1.0,0.5336750579026677,0.0,False,0.2708333333333333,1.4101195379539773,0.23529411764705882,1.3958340953378117,0.0071157495256167,0.002243728373702422,-0.019607843137254888
10,32,"[54, 108, 216, 432, 864]",4,"[0.1, 0.4, 1.2000000000000002, 3.2]","[97, 95, 88, 87, 87, 85, 77, 70, 61, 59, 48, 46, 46, 37, 33, 31, 16, 5, 5, 16, 31, 33, 37, 46, 46, 48, 59, 61, 70, 77, 85, 87, 87, 88, 95, 97]",hourglass,35,<class 'torch.nn.modules.activation.ELU'>,0.5,<class 'torch.optim.sgd.SGD'>,0.02907779935403076,0.0,0.99,32,False,xavier_normal,step,"{'step_size': 30, 'gamma': 0.5}",130,"[2.900991951977765, 6.232123339617694, nan, nan]","[0.3148148148148148, 0.2037037037037037, 0.25462962962962965, 0.2638888888888889]","[1.4046796560287476, 1.5529117864720963, nan, nan]","[0.15441176470588236, 0.33088235294117646, 0.21323529411764705, 0.21323529411764705]",[],[],0.3346774193548387,0.07132059939725412,0.0,False,0.2638888888888889,,0.21323529411764705,,0.01897533206831119,0.004108996539792387,-0.019607843137254888
38,256,"[54, 108, 216, 432, 864]",4,"[0.1, 0.4, 1.2000000000000002, 3.2]","[100, 97, 95, 94, 86, 85, 84, 82, 78, 71, 71, 66, 65, 65, 64, 61, 61, 61, 58, 55, 55, 54, 53, 53, 53, 51, 50, 50, 47, 45, 38, 38, 33, 28, 22, 22, 22, 20, 14, 6, 5, 4]",triangular,42,<class 'torch.nn.modules.activation.Tanh'>,0.2,<class 'torch.optim.adamw.AdamW'>,0.0007315232526001404,0.0,,256,False,kaiming_normal,none,{},494,"[1.4889317750930786, 1.5019997358322144, 1.503707766532898, 1.492105762163798]","[0.24074074074074073, 0.23148148148148148, 0.24074074074074073, 0.23842592592592593]","[1.4037864208221436, 1.4017949104309082, 1.398978352546692, 1.4016369581222534]","[0.33088235294117646, 0.33088235294117646, 0.33088235294117646, 0.33088235294117646]",[],[],0.33088235294117646,0.06338235294117647,0.0,False,0.23842592592592593,1.492105762163798,0.33088235294117646,1.4016369581222534,0.0,0.0,0.0
52,256,"[54, 108, 216, 432]",3,"[0.1, 0.4, 1.2000000000000002]","[97, 96, 86, 70, 40, 37, 35, 34]",triangular,8,<class 'torch.nn.modules.activation.ReLU'>,0.5,<class 'torch.optim.adamw.AdamW'>,0.0008108936913303627,0.01,,256,False,xavier_uniform,cosine,{'T_max': 10},14,"[1.3937827348709106, 1.42790687084198, 1.431679606437683]","[0.3148148148148148, 0.23148148148148148, 0.2361111111111111]","[1.379456877708435, 1.379679799079895, 1.37979257106781]","[0.33088235294117646, 0.33088235294117646, 0.33088235294117646]",[],[],0.33088235294117646,0.06338235294117647,0.0,False,0.2361111111111111,1.431679606437683,0.33088235294117646,1.37979257106781,0.0,0.0,0.0
31,512,"[54, 108, 216, 432, 864]",4,"[0.1, 0.4, 1.2000000000000002, 3.2]","[17, 22, 22, 23, 37, 49, 51, 53, 64, 70, 73, 86, 91, 93, 96, 98, 98]",triangular,17,<class 'torch.nn.modules.activation.Sigmoid'>,0.1,<class 'torch.optim.sgd.SGD'>,0.00028036991872682334,1e-06,0.9,512,False,kaiming_normal,step,"{'step_size': 30, 'gamma': 0.9}",403,"[1.4198651313781738, 1.423561930656433, 1.409026861190796, 1.4189344644546509]","[0.24074074074074073, 0.24074074074074073, 0.25462962962962965, 0.24074074074074073]","[1.3712387084960938, 1.3712129592895508, 1.3711756467819214, 1.371130347251892]","[0.33088235294117646, 0.33088235294117646, 0.33088235294117646, 0.33088235294117646]",[],[],0.33088235294117646,0.06338235294117647,0.0,False,0.24074074074074073,1.4189344644546509,0.33088235294117646,1.371130347251892,0.0,0.0,0.0
30,1024,"[54, 108, 216, 432, 864]",4,"[0.1, 0.4, 1.2000000000000002, 3.2]","[4, 6, 9, 11, 12, 14, 15, 24, 25, 27, 28, 30, 30, 36, 38, 41, 42, 43, 43, 47, 59, 61, 63, 64, 68, 68, 70, 71, 82, 82, 84, 86, 86, 90, 90, 94, 95, 100]",triangular,38,<class 'torch.nn.modules.activation.LeakyReLU'>,0.5,<class 'torch.optim.adamw.AdamW'>,0.0002764345665586989,0.001,,1024,False,xavier_uniform,exponential,{'gamma': 0.9},390,"[1.3781126737594604, 1.4039751291275024, 1.4177335500717163, 1.409085750579834]","[0.24074074074074073, 0.2222222222222222, 0.2175925925925926, 0.2337962962962963]","[1.3804638385772705, 1.3804699182510376, 1.380500078201294, 1.380530834197998]","[0.33088235294117646, 0.33088235294117646, 0.33088235294117646, 0.33088235294117646]",[],[],0.33088235294117646,0.06338235294117647,0.0,False,0.2337962962962963,1.409085750579834,0.33088235294117646,1.380530834197998,0.0,0.0,0.0
55,1024,"[54, 108, 216, 432]",3,"[0.1, 0.4, 1.2000000000000002]","[34, 34, 89, 88, 82, 79, 74, 73, 67, 65, 55, 51, 50, 48, 48, 41, 39, 36, 29, 26, 21, 20, 18, 17, 9, 6]",mutated,26,<class 'torch.nn.modules.activation.GELU'>,0.2,<class 'torch.optim.rmsprop.RMSprop'>,0.00010056373486710356,0.0,,1024,True,kaiming_uniform,step,"{'gamma': 0.9, 'step_size': 5}",624,"[7.408795356750488, 8.971921920776367, 6.8806891441345215]","[0.24074074074074073, 0.25925925925925924, 0.30092592592592593]","[1.408164381980896, 1.4023178815841675, 1.3969262838363647]","[0.33088235294117646, 0.33088235294117646, 0.3161764705882353]",[],[],0.28409090909090906,0.026612841214917318,0.0,False,0.30092592592592593,6.8806891441345215,0.3161764705882353,1.3969262838363647,-0.013368983957219253,4.805843906189929e-05,-0.01470588235294118
41,1024,"[54, 108, 216, 432, 864]",4,"[0.1, 0.4, 1.2000000000000002, 3.2]","[93, 91, 89, 88, 82, 79, 74, 73, 67, 65, 55, 51, 50, 48, 48, 41, 39, 36, 29, 26, 21, 20, 18, 17, 9, 6]",pyramid,26,<class 'torch.nn.modules.activation.GELU'>,0.2,<class 'torch.optim.adam.Adam'>,0.00010056373486710356,0.0,,1024,True,kaiming_normal,step,"{'step_size': 5, 'gamma': 0.9}",533,"[23.99409294128418, 20.68995475769043, 19.157554626464844, 18.99675750732422]","[0.18518518518518517, 0.19444444444444445, 0.18981481481481483, 0.22453703703703703]","[1.4933087825775146, 1.4857516288757324, 1.4784517288208008, 1.4718966484069824]","[0.22794117647058823, 0.22794117647058823, 0.22794117647058823, 0.22794117647058823]",[],[],0.22794117647058823,0.0,0.0,False,0.22453703703703703,18.99675750732422,0.22794117647058823,1.4718966484069824,0.0,0.0,0.0
35,64,"[54, 108, 216, 432, 864]",4,"[0.1, 0.4, 1.2000000000000002, 3.2]","[51, 51, 51, 51, 51, 51, 51, 51, 51, 51, 51, 51, 51, 51, 51, 51, 51, 51, 51, 51, 51, 51, 51, 51, 51, 51, 51, 51, 51, 51, 51, 51, 51, 51, 51, 51, 51, 51, 51, 51, 51, 51, 51, 51, 51, 51, 51, 51]",constant,48,<class 'torch.nn.modules.activation.ELU'>,0.5,<class 'torch.optim.sgd.SGD'>,0.01393350028967075,1e-06,0.9,64,False,xavier_normal,step,"{'step_size': 30, 'gamma': 0.9}",455,"[2.9004409313201904, 2.097853347107216, 1.9353246335630063, 1.8952846703705963]","[0.2037037037037037, 0.18518518518518517, 0.2916666666666667, 0.2662037037037037]","[1.4109444477978874, 1.4077137498294605, 1.3970842641942642, 1.396150778321659]","[0.23529411764705882, 0.23529411764705882, 0.34558823529411764, 0.22058823529411764]",[],[],0.19022770398481972,0.0,0.0,False,0.2662037037037037,1.8952846703705963,0.22058823529411764,1.396150778321659,-0.0047438330170777995,0.0025241944204152248,-0.0514705882352941
39,1024,"[54, 108, 216, 432, 864]",4,"[0.1, 0.4, 1.2000000000000002, 3.2]","[94, 92, 89, 89, 86, 86, 86, 85, 75, 72, 65, 65, 60, 59, 55, 53, 51, 50, 49, 49, 44, 39, 34, 30, 29, 27, 23, 21, 20, 18, 16, 5]",triangular,32,<class 'torch.nn.modules.activation.Sigmoid'>,0.2,<class 'torch.optim.sgd.SGD'>,0.00013838652674513546,0.01,0.8,1024,False,xavier_uniform,none,{},507,"[1.4402025938034058, 1.4505943059921265, 1.4208744764328003, 1.440258264541626]","[0.18518518518518517, 0.24074074074074073, 0.24074074074074073, 0.24305555555555555]","[1.4500962495803833, 1.4500795602798462, 1.4500584602355957, 1.4500322341918945]","[0.21323529411764705, 0.21323529411764705, 0.21323529411764705, 0.21323529411764705]",[],[],0.21323529411764705,0.0,0.0,False,0.24305555555555555,1.440258264541626,0.21323529411764705,1.4500322341918945,0.0,0.0,0.0
34,1024,"[54, 108, 216, 432, 864]",4,"[0.1, 0.4, 1.2000000000000002, 3.2]","[100, 91, 81, 76, 63, 60, 57, 55, 54, 52, 44, 34, 21, 21, 34, 44, 52, 54, 55, 57, 60, 63, 76, 81, 91, 100]",hourglass,25,<class 'torch.nn.modules.activation.ReLU'>,0.1,<class 'torch.optim.rmsprop.RMSprop'>,0.0005096724078469962,0.0001,,1024,False,xavier_normal,none,{},442,"[1.3865045309066772, 1.3860894441604614, 1.3847663402557373, 1.3858383893966675]","[0.25925925925925924, 0.25, 0.25, 0.2638888888888889]","[1.4008042812347412, 1.396947979927063, 1.3936203718185425, 1.3886029720306396]","[0.21323529411764705, 0.23529411764705882, 0.23529411764705882, 0.21323529411764705]",[],[],0.21323529411764705,0.0,0.0,False,0.2638888888888889,1.3858383893966675,0.21323529411764705,1.3886029720306396,0.0,0.00012164792387543257,-0.01470588235294118
33,256,"[54, 108, 216, 432, 864]",4,"[0.1, 0.4, 1.2000000000000002, 3.2]","[5, 5, 5, 5, 5, 5, 5, 5, 5, 5, 5, 5, 5, 5, 5, 5, 5, 5, 5, 5, 5, 5, 5, 5, 5, 5, 5, 5, 5, 5, 5, 5, 5, 5, 5, 5, 5, 5, 5, 5]",constant,40,<class 'torch.nn.modules.activation.Sigmoid'>,0.0,<class 'torch.optim.sgd.SGD'>,0.002888367350135867,1e-06,0.8,256,False,xavier_uniform,none,{},429,"[1.456915259361267, 1.4557870626449585, 1.4545172452926636, 1.4557226631376479]","[0.25925925925925924, 0.25925925925925924, 0.2638888888888889, 0.2638888888888889]","[1.5491018295288086, 1.548509955406189, 1.547712802886963, 1.545668601989746]","[0.21323529411764705, 0.21323529411764705, 0.21323529411764705, 0.21323529411764705]",[],[],0.21323529411764705,0.0,0.0,False,0.2638888888888889,1.4557226631376479,0.21323529411764705,1.545668601989746,0.0,0.0,0.0
29,1024,"[54, 108, 216, 432, 864]",4,"[0.1, 0.4, 1.2000000000000002, 3.2]","[5, 7, 8, 13, 25, 34, 34, 39, 39, 46, 46, 64, 66, 67, 71, 84, 99]",triangular,17,<class 'torch.nn.modules.activation.Sigmoid'>,0.1,<class 'torch.optim.adam.Adam'>,0.0025252426845040208,1e-05,,1024,True,xavier_uniform,none,{},377,"[1.4066157341003418, 1.378819227218628, 1.4009840488433838, 1.3915032148361206]","[0.2222222222222222, 0.2962962962962963, 0.27314814814814814, 0.25]","[1.3961015939712524, 1.4152004718780518, 1.412734866142273, 1.402023434638977]","[0.23529411764705882, 0.23529411764705882, 0.23529411764705882, 0.23529411764705882]",[],[],0.23529411764705882,0.0,0.0,False,0.25,1.3915032148361206,0.23529411764705882,1.402023434638977,0.0,0.0,2.7755575615628914e-17
36,1024,"[54, 108, 216, 432, 864]",4,"[0.1, 0.4, 1.2000000000000002, 3.2]","[92, 85, 78, 51, 26, 22, 14, 10, 10, 14, 22, 26, 51, 78, 85, 92]",hourglass,15,<class 'torch.nn.modules.activation.GELU'>,0.4,<class 'torch.optim.adamw.AdamW'>,0.03973976593575555,0.0001,,1024,False,xavier_uniform,cosine,{'T_max': 10},468,"[1.3895970582962036, 1.427233099937439, 1.6519553661346436, 1.4051892757415771]","[0.24074074074074073, 0.24074074074074073, 0.27314814814814814, 0.27546296296296297]","[1.3887509107589722, 1.4052674770355225, 1.415070652961731, 1.3908668756484985]","[0.21323529411764705, 0.23529411764705882, 0.21323529411764705, 0.21323529411764705]",[],[],0.21323529411764705,0.0,0.0,False,0.27546296296296297,1.4051892757415771,0.21323529411764705,1.3908668756484985,0.0,9.123594290657444e-05,-0.00735294117647059
49,64,"[54, 108, 216, 432, 864]",4,"[0.1, 0.4, 1.2000000000000002, 3.2]","[100, 94, 90, 89, 88, 88, 81, 75, 69, 64, 60, 54, 53, 52, 52, 49, 41, 38, 38, 37, 35, 34, 26, 25, 21, 21, 17, 12, 11, 9, 7, 6, 4]",pyramid,33,<class 'torch.nn.modules.activation.ReLU'>,0.1,<class 'torch.optim.sgd.SGD'>,0.0006588707577592297,0.001,0.95,64,True,xavier_normal,exponential,{'gamma': 0.99},637,"[1.4947690963745117, 1.4872196559552793, 1.4682899404455114, 1.4454967534100567]","[0.25925925925925924, 0.25, 0.2638888888888889, 0.26851851851851855]","[1.4642914042753332, 1.4633737451889937, 1.4598614748786478, 1.4505288250306074]","[0.21323529411764705, 0.21323529411764705, 0.21323529411764705, 0.21323529411764705]",[],[],0.21323529411764705,0.0,0.0,False,0.26851851851851855,1.4454967534100567,0.21323529411764705,1.4505288250306074,0.0,0.0,0.0
48,512,"[54, 108, 216, 432, 864]",4,"[0.1, 0.4, 1.2000000000000002, 3.2]","[34, 34, 34, 34, 34, 34, 34, 34, 34, 34, 34, 34, 34, 34]",constant,14,<class 'torch.nn.modules.activation.LeakyReLU'>,0.2,<class 'torch.optim.rmsprop.RMSprop'>,0.0010626151621839636,0.001,,512,True,kaiming_uniform,none,{},624,"[523.8265991210938, 139.59361267089844, 107.60255432128906, 70.51315307617188]","[0.2777777777777778, 0.26851851851851855, 0.24537037037037038, 0.2824074074074074]","[15.97081470489502, 12.25833797454834, 5.787334442138672, 4.920729160308838]","[0.22058823529411764, 0.19852941176470587, 0.18382352941176472, 0.19117647058823528]",[],[],0.13045540796963945,0.0,0.0,False,0.2824074074074074,70.51315307617188,0.19117647058823528,4.920729160308838,-0.009487666034155599,0.00018923010380622826,-0.009803921568627444
47,1024,"[54, 108, 216, 432, 864]",4,"[0.1, 0.4, 1.2000000000000002, 3.2]","[3, 6, 8, 9, 11, 14, 20, 20, 23, 24, 27, 31, 31, 34, 46, 47, 51, 62, 65, 66, 73, 74, 74, 77, 81, 82, 82, 83, 83, 83, 83, 87, 90, 93, 97, 98]",inv_pyramid,36,<class 'torch.nn.modules.activation.GELU'>,0.1,<class 'torch.optim.adam.Adam'>,0.0005391916099547827,0.01,,1024,True,xavier_normal,cosine,{'T_max': 50},611,"[1.3868529796600342, 1.3877625465393066, 1.3866190910339355, 1.3867164850234985]","[0.25925925925925924, 0.25925925925925924, 0.2638888888888889, 0.2638888888888889]","[1.3893235921859741, 1.3892563581466675, 1.3891938924789429, 1.3891392946243286]","[0.21323529411764705, 0.21323529411764705, 0.21323529411764705, 0.21323529411764705]",[],[],0.21323529411764705,0.0,0.0,False,0.2638888888888889,1.3867164850234985,0.21323529411764705,1.3891392946243286,0.0,0.0,0.0
46,512,"[54, 108, 216, 432, 864]",4,"[0.1, 0.4, 1.2000000000000002, 3.2]","[96, 60, 69, 96, 15, 62, 50, 49]",irregular,8,<class 'torch.nn.modules.activation.Sigmoid'>,0.0,<class 'torch.optim.rmsprop.RMSprop'>,0.002429717193060679,1e-05,,512,True,xavier_uniform,none,{},598,"[1.4771127700805664, 1.4634552001953125, 1.3930732011795044, 1.391645073890686]","[0.24074074074074073, 0.24074074074074073, 0.2638888888888889, 0.24305555555555555]","[1.4425337314605713, 1.4280407428741455, 1.37490975856781, 1.4159224033355713]","[0.33088235294117646, 0.21323529411764705, 0.33088235294117646, 0.21323529411764705]",[],[],0.0,0.0,0.0,False,0.24305555555555555,1.391645073890686,0.21323529411764705,1.4159224033355713,-0.03795066413662239,0.0034602076124567475,-0.07843137254901963
44,256,"[54, 108, 216, 432, 864]",4,"[0.1, 0.4, 1.2000000000000002, 3.2]","[98, 81, 76, 64, 38, 36, 35, 13, 13, 35, 36, 38, 64, 76, 81, 98]",hourglass,15,<class 'torch.nn.modules.activation.LeakyReLU'>,0.1,<class 'torch.optim.sgd.SGD'>,0.0003083622700070287,0.0001,0.95,256,False,xavier_normal,exponential,{'gamma': 0.9},572,"[1.3877562284469604, 1.3849022388458252, 1.3842469453811646, 1.3847876875488847]","[0.2777777777777778, 0.25925925925925924, 0.26851851851851855, 0.28935185185185186]","[1.3899002075195312, 1.3899002075195312, 1.3899004459381104, 1.3899011611938477]","[0.22794117647058823, 0.22794117647058823, 0.22794117647058823, 0.22794117647058823]",[],[],0.22794117647058823,0.0,0.0,False,0.28935185185185186,1.3847876875488847,0.22794117647058823,1.3899011611938477,0.0,0.0,0.0
53,32,"[54, 108, 216, 432]",3,"[0.1, 0.4, 1.2000000000000002]","[69, 69, 69, 69, 69, 69, 69, 69, 69, 69, 69, 69, 69, 69, 69]",constant,15,<class 'torch.nn.modules.activation.GELU'>,0.0,<class 'torch.optim.sgd.SGD'>,0.05483294056687357,1e-06,0.8,32,True,kaiming_uniform,exponential,{'gamma': 0.9},15,"[168994723192.70782, nan, nan]","[0.24074074074074073, 0.25925925925925924, 0.2638888888888889]","[nan, nan, nan]","[0.21323529411764705, 0.21323529411764705, 0.21323529411764705]",[],[],0.21323529411764705,0.0,0.0,False,0.2638888888888889,,0.21323529411764705,,0.0,0.0,0.0
56,32,"[54, 108, 216, 432]",3,"[0.1, 0.4, 1.2000000000000002]","[97, 95, 88, 87, 87, 85, 77, 53, 64, 70, 73, 86, 91, 93, 96, 98, 98]",mutated,35,<class 'torch.nn.modules.activation.ELU'>,0.5,<class 'torch.optim.sgd.SGD'>,0.02907779935403076,0.0,0.9,32,False,kaiming_normal,step,"{'gamma': 0.9, 'step_size': 30}",403,"[58750.14039894386, nan, nan]","[0.2037037037037037, 0.25925925925925924, 0.2638888888888889]","[nan, nan, nan]","[0.21323529411764705, 0.21323529411764705, 0.21323529411764705]",[],[],0.21323529411764705,0.0,0.0,False,0.2638888888888889,,0.21323529411764705,,0.0,0.0,0.0
58,32,"[54, 108, 216]",2,"[0.1, 0.4]","[6, 12, 19, 21, 26, 26, 30, 31, 32, 40, 71, 85, 86, 88, 90, 90, 96, 98]",inv_pyramid,18,<class 'torch.nn.modules.activation.Tanh'>,0.1,<class 'torch.optim.adam.Adam'>,0.09526327057298835,1e-06,,32,False,kaiming_normal,none,{},13,"[1.8744899520167597, 3.9684226601212114]","[0.16666666666666666, 0.24074074074074073]","[4.0489162557265335, 3.5151016010957608]","[0.19117647058823528, 0.17647058823529413]",[],[],0.0,0.0,0.0,False,0.24074074074074073,3.9684226601212114,0.17647058823529413,3.5151016010957608,,,
59,32,"[54, 108, 216]",2,"[0.1, 0.4]","[69, 69, 69, 69, 69, 69, 69, 69, 69, 69, 69, 69, 69, 69, 69]",constant,15,<class 'torch.nn.modules.activation.GELU'>,0.0,<class 'torch.optim.sgd.SGD'>,0.05483294056687357,1e-06,0.8,32,True,kaiming_uniform,exponential,{'gamma': 0.9},15,"[168994723192.70782, nan]","[0.24074074074074073, 0.25925925925925924]","[nan, nan]","[0.21323529411764705, 0.21323529411764705]",[],[],0.0,0.0,0.0,False,0.25925925925925924,,0.21323529411764705,,,,
60,32,"[54, 108, 216]",2,"[0.1, 0.4]","[98, 93, 93, 87, 72, 67, 56, 52, 49, 43, 41, 40, 38, 35, 34, 25, 17, 6, 6, 17, 25, 34, 35, 38, 40, 41, 43, 49, 52, 56, 67, 72, 87, 93, 93, 98]",hourglass,35,<class 'torch.nn.modules.activation.GELU'>,0.5,<class 'torch.optim.adamw.AdamW'>,0.00025859745110144223,0.001,,32,True,xavier_normal,exponential,{'gamma': 0.99},17,"[1.389239743903831, 1.3875903244371768]","[0.24074074074074073, 0.25]","[1.3837115203633028, 1.383772611618042]","[0.21323529411764705, 0.21323529411764705]",[],[],0.0,0.0,0.0,False,0.25,1.3875903244371768,0.21323529411764705,1.383772611618042,,,
61,512,"[54, 108, 216]",2,"[0.1, 0.4]","[69, 69, 69, 69, 69, 69, 69, 69, 69, 69, 69, 69, 69, 69, 69, 69, 69, 69, 69, 69, 69, 69, 69, 69, 69, 69, 69, 69, 69, 69, 69, 69, 69, 69, 69, 69, 69, 69, 69, 69, 69, 69, 69, 69, 69]",constant,45,<class 'torch.nn.modules.activation.ReLU'>,0.4,<class 'torch.optim.sgd.SGD'>,0.0015156676762836112,0.001,0.95,512,True,kaiming_uniform,step,"{'step_size': 20, 'gamma': 0.5}",19,"[2237918085120.0, nan]","[0.24074074074074073, 0.25925925925925924]","[nan, nan]","[0.21323529411764705, 0.21323529411764705]",[],[],0.0,0.0,0.0,False,0.25925925925925924,,0.21323529411764705,,,,
62,256,"[54, 108, 216]",2,"[0.1, 0.4]","[95, 95, 95, 67, 67, 67, 67, 67, 67, 67, 67, 67, 67, 67, 67, 67, 67, 67, 128]",mutated,5,<class 'torch.nn.modules.activation.LeakyReLU'>,0.3,<class 'torch.optim.rmsprop.RMSprop'>,0.0012919883809080707,0.0001,,256,False,xavier_uniform,cosine,{'T_max': 50},585,"[1.3932273387908936, 1.3858964443206787]","[0.25925925925925924, 0.23148148148148148]","[1.388298749923706, 1.3895264863967896]","[0.21323529411764705, 0.23529411764705882]",[],[],0.0,0.0,0.0,False,0.23148148148148148,1.3858964443206787,0.23529411764705882,1.3895264863967896,,,
63,64,"[54, 108, 216]",2,"[0.1, 0.4]","[53, 10, 12, 32, 36, 36, 38, 47, 49, 52, 52, 52, 55, 57, 64, 65, 67, 77, 79, 81, 87, 90, 93]",mutated,2,<class 'torch.nn.modules.activation.Tanh'>,0.1,<class 'torch.optim.adamw.AdamW'>,0.0020222998455596756,0.0001,,64,True,kaiming_uniform,exponential,{'gamma': 0.95},234,"[1.4358186721801758, 1.4477953027795862]","[0.25925925925925924, 0.25925925925925924]","[1.462366538889268, 1.456968531889074]","[0.22794117647058823, 0.27941176470588236]",[],[],0.0,0.0,0.0,False,0.25925925925925924,1.4477953027795862,0.27941176470588236,1.456968531889074,,,
64,1024,"[54, 108, 216]",2,"[0.1, 0.4]","[92, 85, 78, 51, 26, 22, 14, 10, 10, 52, 44, 34, 21, 21, 34, 44, 52, 54, 55, 57, 60, 63, 76, 81, 91, 100]",mutated,25,<class 'torch.nn.modules.activation.ReLU'>,0.1,<class 'torch.optim.adamw.AdamW'>,0.0005096724078469962,0.0001,,1024,False,xavier_normal,none,{'T_max': 10},442,"[1.3843812942504883, 1.3863303661346436]","[0.3148148148148148, 0.25925925925925924]","[1.3861560821533203, 1.3864699602127075]","[0.21323529411764705, 0.21323529411764705]",[],[],0.0,0.0,0.0,False,0.25925925925925924,1.3863303661346436,0.21323529411764705,1.3864699602127075,,,
65,32,"[54, 108, 216]",2,"[0.1, 0.4]","[5, 26]",mutated,17,<class 'torch.nn.modules.activation.Tanh'>,0.1,<class 'torch.optim.adamw.AdamW'>,0.0025252426845040208,0.0001,,32,True,kaiming_normal,none,{},377,"[1.4105996202539515, 1.3761169292308666]","[0.24074074074074073, 0.2777777777777778]","[1.3692396668826832, 1.3025603224249447]","[0.3382352941176471, 0.49264705882352944]",[],[],0.0,0.0,0.0,False,0.2777777777777778,1.3761169292308666,0.49264705882352944,1.3025603224249447,,,
66,32,"[54, 108]",1,[0.1],"[6, 12, 19, 21, 26, 26, 30, 31, 32, 40, 71, 85, 86, 88, 90, 90, 96, 98]",inv_pyramid,18,<class 'torch.nn.modules.activation.Tanh'>,0.1,<class 'torch.optim.adam.Adam'>,0.09526327057298835,1e-06,,32,False,kaiming_normal,none,{},13,[1.8744899520167597],[0.16666666666666666],[4.0489162557265335],[0.19117647058823528],[],[],0.0,0.0,0.0,False,0.16666666666666666,1.8744899520167597,0.19117647058823528,4.0489162557265335,,,
67,64,"[54, 108]",1,[0.1],"[94, 87, 84, 64, 60, 56, 55, 39, 36, 33, 32, 31, 3, 3, 31, 32, 33, 36, 39, 55, 56, 60, 64, 84, 87, 94]",hourglass,25,<class 'torch.nn.modules.activation.ReLU'>,0.2,<class 'torch.optim.rmsprop.RMSprop'>,0.02784411880702867,0.01,,64,False,xavier_uniform,exponential,{'gamma': 0.99},16,[1.3839901685714722],[0.25925925925925924],[3.500780610477223],[0.33088235294117646],[],[],0.0,0.0,0.0,False,0.25925925925925924,1.3839901685714722,0.33088235294117646,3.500780610477223,,,
68,512,"[54, 108]",1,[0.1],"[69, 69, 69, 69, 69, 69, 69, 69, 69, 69, 69, 69, 69, 69, 69, 69, 69, 69, 69, 69, 69, 69, 69, 69, 69, 69, 69, 69, 69, 69, 69, 69, 69, 69, 69, 69, 69, 69, 69, 69, 69, 69, 69, 69, 69]",constant,45,<class 'torch.nn.modules.activation.ReLU'>,0.4,<class 'torch.optim.sgd.SGD'>,0.0015156676762836112,0.001,0.95,512,True,kaiming_uniform,step,"{'step_size': 20, 'gamma': 0.5}",19,[2237918085120.0],[0.24074074074074073],[nan],[0.21323529411764705],[],[],0.0,0.0,0.0,False,0.24074074074074073,2237918085120.0,0.21323529411764705,,,,
69,64,"[54, 108]",1,[0.1],"[97, 92, 86, 81, 60, 47, 26, 18, 13, 6]",pyramid,10,<class 'torch.nn.modules.activation.LeakyReLU'>,0.2,<class 'torch.optim.adam.Adam'>,0.0009085639809141739,0.001,,64,False,xavier_uniform,step,"{'step_size': 20, 'gamma': 0.5}",22,[1.402624487876892],[0.24074074074074073],[1.3758275438757503],[0.33088235294117646],[],[],0.0,0.0,0.0,False,0.24074074074074073,1.402624487876892,0.33088235294117646,1.3758275438757503,,,
70,32,"[54, 108]",1,[0.1],"[49, 10, 12, 32, 36, 36, 38, 47, 49, 52, 52, 52, 55, 57, 64, 65, 67, 77, 79, 81, 87, 90, 93]",mutated,2,<class 'torch.nn.modules.activation.ELU'>,0.1,<class 'torch.optim.sgd.SGD'>,0.0039290664673954975,0.0001,0.95,32,True,xavier_uniform,exponential,"{'T_max': 100, 'gamma': 0.95}",559,[1.3781346038535789],[0.35185185185185186],[1.3977958314559038],[0.22058823529411764],[],[],0.0,0.0,0.0,False,0.35185185185185186,1.3781346038535789,0.22058823529411764,1.3977958314559038,,,
71,64,"[54, 108]",1,[0.1],"[6, 10, 12, 32, 36, 36, 38, 47, 49, 52, 52, 52, 51, 51, 51, 51, 51, 51, 51, 51, 51, 51, 51, 51, 51, 51, 51, 51, 51, 51, 51, 51, 51, 51, 51, 51, 51, 51, 51, 51, 51, 51, 51, 51, 51, 51, 51, 51]",mutated,48,<class 'torch.nn.modules.activation.ELU'>,0.5,<class 'torch.optim.adam.Adam'>,0.01393350028967075,1e-05,0.9,64,True,kaiming_uniform,exponential,"{'gamma': 0.9, 'step_size': 30}",455,[9901666467840.0],[0.18518518518518517],[239962.6700367647],[0.25],[],[],0.0,0.0,0.0,False,0.18518518518518517,9901666467840.0,0.25,239962.6700367647,,,
72,32,"[54, 108]",1,[0.1],"[97, 23]",mutated,35,<class 'torch.nn.modules.activation.ELU'>,0.1,<class 'torch.optim.sgd.SGD'>,0.02907779935403076,0.0001,0.99,32,True,xavier_uniform,cosine,"{'T_max': 100, 'gamma': 0.5, 'step_size': 30}",130,[1.3921395849298548],[0.2222222222222222],[1.3170262925765093],[0.38235294117647056],[],[],0.0,0.0,0.0,False,0.2222222222222222,1.3921395849298548,0.38235294117647056,1.3170262925765093,,,
73,2048,"[54, 108]",1,[0.1],"[6, 10, 12, 32, 36, 60, 57, 55, 54, 52, 44, 34, 21, 21, 34, 44, 52, 54, 55, 57, 60, 63, 76, 81, 91, 100]",mutated,23,<class 'torch.nn.modules.activation.ReLU'>,0.2,<class 'torch.optim.adam.Adam'>,0.0005096724078469962,1e-05,,2048,True,xavier_normal,exponential,{'gamma': 0.95},442,[1.3923120498657227],[0.24074074074074073],[1.3908507823944092],[0.23529411764705882],[],[],0.0,0.0,0.0,False,0.24074074074074073,1.3923120498657227,0.23529411764705882,1.3908507823944092,,,
74,32,"[54, 108]",1,[0.1],"[95, 95, 95, 95, 51, 51, 51, 51, 51, 51, 51, 51, 51, 51, 51, 51, 51, 51, 51, 51, 51, 51, 51, 51, 51, 51, 51, 51, 51, 51, 51, 51, 51, 51, 51, 51, 51, 51, 51, 51, 51, 51, 51, 51, 51, 51, 51, 51]",mutated,5,<class 'torch.nn.modules.activation.ELU'>,0.5,<class 'torch.optim.rmsprop.RMSprop'>,0.01393350028967075,0.0001,0.9,32,True,xavier_uniform,cosine,"{'T_max': 50, 'gamma': 0.9, 'step_size': 30}",455,[12539908245276.445],[0.2037037037037037],[1466494993347.7646],[0.23529411764705882],[],[],0.0,0.0,0.0,False,0.2037037037037037,12539908245276.445,0.23529411764705882,1466494993347.7646,,,
