id,batch_size,n_instances,epochs_trained,efforts,arch_hidden_layers,arch_shape,arch_depth,arch_activation_fn,arch_dropout_rate,arch_optimizer_type,arch_learning_rate,arch_weight_decay,arch_momentum,arch_batch_size,arch_use_skip_connections,arch_initializer,arch_lr_scheduler,arch_scheduler_params,arch_seed,train_loss,train_acc,val_loss,val_acc,test_loss,test_acc,forecasted_val_acc,score,forecast_gain,fcst_greater_than_baseline,slope_val_acc,var_val_acc,gap_val_acc,last_train_acc,last_train_loss,last_val_acc,last_val_loss
57,32,"[54, 108, 216, 432]",3,"[0.1, 0.4, 1.2000000000000002]","[43, 43, 43, 43, 43, 43, 43, 43, 43, 43, 43, 43, 43, 43, 43, 43, 43, 43, 43, 43, 43, 43, 43, 43, 46, 48, 59, 61, 70, 77, 85, 87, 87, 88, 95, 97]",mutated,35,<class 'torch.nn.modules.activation.ELU'>,0.5,<class 'torch.optim.adam.Adam'>,0.02907779935403076,0.0001,0.99,32,True,kaiming_uniform,exponential,"{'gamma': 0.5, 'step_size': 30}",130,"[468135943.8518519, 272437879.8518519, 5012289.046296297]","[0.24074074074074073, 0.25925925925925924, 0.2824074074074074]","[357.0315946691176, 18.369970321655273, 4.887089266496546]","[0.23529411764705882, 0.23529411764705882, 0.3161764705882353]",[],[],1.0,0.5536781526336024,0.0,False,0.07352941176470587,0.0014537677816224524,0.08088235294117646,0.2824074074074074,5012289.046296297,0.3161764705882353,4.887089266496546
45,256,"[54, 108, 216, 432, 864]",4,"[0.1, 0.4, 1.2000000000000002, 3.2]","[95, 95, 95, 95, 95]",constant,5,<class 'torch.nn.modules.activation.LeakyReLU'>,0.3,<class 'torch.optim.rmsprop.RMSprop'>,0.0012919883809080707,0.0001,,256,True,xavier_uniform,cosine,{'T_max': 50},585,"[1.9839247465133667, 2.341770648956299, 1.580743670463562, 1.321693398334362]","[0.3333333333333333, 0.25, 0.3101851851851852, 0.3958333333333333]","[1.7921620607376099, 1.5507175922393799, 1.2815427780151367, 1.1760364770889282]","[0.33088235294117646, 0.27205882352941174, 0.4632352941176471, 0.5367647058823529]",[],[],1.0,0.5505926215956022,0.0,False,0.06641366223908918,0.010961829584775087,0.1813725490196078,0.3958333333333333,1.321693398334362,0.5367647058823529,1.1760364770889282
7,128,"[54, 108, 216, 432, 864]",4,"[0.1, 0.4, 1.2000000000000002, 3.2]","[23, 54, 59, 61, 89, 90, 98]",triangular,7,<class 'torch.nn.modules.activation.Tanh'>,0.3,<class 'torch.optim.rmsprop.RMSprop'>,0.0005382929925640833,0.001,,128,False,xavier_normal,exponential,{'gamma': 0.95},91,"[1.4205714464187622, 1.349244475364685, 1.2517162693871393, 1.2197110167256109]","[0.24074074074074073, 0.32407407407407407, 0.4212962962962963, 0.42592592592592593]","[1.2926403143826652, 1.2213965373880722, 1.1492812703637516, 1.1357351541519165]","[0.3897058823529412, 0.4264705882352941, 0.49264705882352944, 0.5514705882352942]",[],[],1.0,0.5470344743240038,0.0,False,0.0521821631878558,0.0038488051470588255,0.11519607843137258,0.42592592592592593,1.2197110167256109,0.5514705882352942,1.1357351541519165
43,64,"[54, 108, 216, 432, 864]",4,"[0.1, 0.4, 1.2000000000000002, 3.2]","[49, 46]",triangular,2,<class 'torch.nn.modules.activation.ELU'>,0.1,<class 'torch.optim.sgd.SGD'>,0.0039290664673954975,0.0001,0.95,64,True,xavier_uniform,cosine,{'T_max': 100},559,"[1.4258583784103394, 1.4371246231926813, 1.4278113047281902, 1.3630371932630185]","[0.24074074074074073, 0.32407407407407407, 0.2824074074074074, 0.3263888888888889]","[1.457774982732885, 1.4491976499557495, 1.4145947344162886, 1.3341402516645544]","[0.23529411764705882, 0.25, 0.2867647058823529, 0.3897058823529412]",[],[],1.0,0.5463441877581202,0.0,False,0.04981024667931689,0.003635921280276817,0.13235294117647062,0.3263888888888889,1.3630371932630185,0.3897058823529412,1.3341402516645544
42,128,"[54, 108, 216, 432, 864]",4,"[0.1, 0.4, 1.2000000000000002, 3.2]","[53, 53]",inv_pyramid,2,<class 'torch.nn.modules.activation.ReLU'>,0.5,<class 'torch.optim.rmsprop.RMSprop'>,0.0014067883112681714,1e-06,,128,True,xavier_normal,cosine,{'T_max': 100},546,"[1.6718932390213013, 1.412602424621582, 1.3842649106626157, 1.2590321611475062]","[0.18518518518518517, 0.3333333333333333, 0.33796296296296297, 0.4236111111111111]","[1.359619042452644, 1.3188056314692778, 1.268909959232106, 1.1757779401891373]","[0.39705882352941174, 0.4411764705882353, 0.5073529411764706, 0.5294117647058824]",[],[],1.0,0.5442963060016464,0.0,False,0.042694497153700196,0.002767490268166091,0.08088235294117652,0.4236111111111111,1.2590321611475062,0.5294117647058824,1.1757779401891373
51,32,"[54, 108, 216, 432]",3,"[0.1, 0.4, 1.2000000000000002]","[6, 12, 19, 21, 26, 26, 30, 31, 32, 40, 71, 85, 86, 88, 90, 90, 96, 98]",inv_pyramid,18,<class 'torch.nn.modules.activation.Tanh'>,0.1,<class 'torch.optim.adam.Adam'>,0.09526327057298835,1e-06,,32,False,kaiming_normal,none,{},13,"[1.8744899520167597, 3.9684226601212114, 2.561944988038805]","[0.16666666666666666, 0.24074074074074073, 0.2638888888888889]","[4.0489162557265335, 3.5151016010957608, 2.064113546820248]","[0.19117647058823528, 0.17647058823529413, 0.22794117647058823]",[],[],1.0,0.541744586872182,0.0,False,0.03342245989304813,0.0004685697808535177,0.04411764705882351,0.2638888888888889,2.561944988038805,0.22794117647058823,2.064113546820248
40,64,"[54, 108, 216, 432, 864]",4,"[0.1, 0.4, 1.2000000000000002, 3.2]","[53, 53]",constant,2,<class 'torch.nn.modules.activation.Tanh'>,0.1,<class 'torch.optim.adamw.AdamW'>,0.0020222998455596756,0.0001,,64,True,kaiming_normal,none,{},520,"[1.4225953817367554, 1.3832204121130485, 1.272700274432147, 1.1850737907268383]","[0.2962962962962963, 0.35185185185185186, 0.4583333333333333, 0.45601851851851855]","[1.4427849965936996, 1.3666483374202953, 1.2611008882522583, 1.170368895811193]","[0.3235294117647059, 0.38235294117647056, 0.4117647058823529, 0.41911764705882354]",[],[],1.0,0.5408735955986996,0.0,False,0.03083491461100569,0.0014158466695501726,0.04656862745098039,0.45601851851851855,1.1850737907268383,0.41911764705882354,1.170368895811193
26,256,"[54, 108, 216, 432, 864]",4,"[0.1, 0.4, 1.2000000000000002, 3.2]","[92, 66, 62, 38, 28, 28, 38, 62, 66, 92]",hourglass,9,<class 'torch.nn.modules.activation.ELU'>,0.0,<class 'torch.optim.rmsprop.RMSprop'>,0.013195898493665523,0.01,,256,False,xavier_normal,step,"{'step_size': 5, 'gamma': 0.1}",338,"[1.3789715766906738, 2.536780834197998, 487.9017028808594, 3693.814353660301]","[0.2777777777777778, 0.2037037037037037, 0.2638888888888889, 0.2569444444444444]","[2.7752254009246826, 507.3815002441406, 4062.900390625, 456.0721130371094]","[0.14705882352941177, 0.23529411764705882, 0.22794117647058823, 0.22058823529411764]",[],[],1.0,0.538755090464198,0.0,False,0.02371916508538899,0.0012536494377162629,0.01715686274509806,0.2569444444444444,3693.814353660301,0.22058823529411764,456.0721130371094
54,128,"[54, 108, 216, 432]",3,"[0.1, 0.4, 1.2000000000000002]","[100, 97, 95, 94, 86, 85, 84, 82, 78, 71, 71, 66, 65, 65, 64, 61, 61, 43, 43, 42, 41, 38, 37, 35, 33, 32, 30, 29, 27, 26, 26, 23, 22, 22, 21, 20, 18, 18, 16, 9, 7, 6, 3]",mutated,42,<class 'torch.nn.modules.activation.Tanh'>,0.2,<class 'torch.optim.adamw.AdamW'>,0.0007315232526001404,0.0,,128,True,kaiming_normal,exponential,{'gamma': 0.95},494,"[1.4062304496765137, 1.4408164024353027, 1.4920318259133234]","[0.3333333333333333, 0.2962962962962963, 0.25]","[1.53171608728521, 1.5268820383969475, 1.5270044032265158]","[0.19117647058823528, 0.20588235294117646, 0.21323529411764705]",[],[],1.0,0.5377723384362657,0.0,False,0.02005347593582888,8.410226835832376e-05,0.01470588235294118,0.25,1.4920318259133234,0.21323529411764705,1.5270044032265158
37,1024,"[54, 108, 216, 432, 864]",4,"[0.1, 0.4, 1.2000000000000002, 3.2]","[63, 57, 87, 20, 62, 85, 42, 62, 82, 27, 18, 46, 39, 7, 44, 14, 46, 34, 4, 42, 53, 36, 70, 26, 49, 4, 9, 63, 85, 24, 60, 26, 13, 95, 37, 35, 71, 14, 3, 63, 95, 26, 31, 41, 55]",irregular,45,<class 'torch.nn.modules.activation.LeakyReLU'>,0.3,<class 'torch.optim.adamw.AdamW'>,0.001734884128411388,0.0,,1024,False,kaiming_uniform,none,{},481,"[68.98786163330078, 65.52291870117188, 58.204402923583984, 45.533687591552734]","[0.2222222222222222, 0.32407407407407407, 0.2361111111111111, 0.24305555555555555]","[1.4313106536865234, 1.3970202207565308, 1.3890079259872437, 1.3804370164871216]","[0.27941176470588236, 0.23529411764705882, 0.23529411764705882, 0.33088235294117646]",[],[],1.0,0.5365906294473435,0.0,False,0.01660341555977229,0.0015510110294117646,0.08088235294117646,0.24305555555555555,45.533687591552734,0.33088235294117646,1.3804370164871216
32,1024,"[54, 108, 216, 432, 864]",4,"[0.1, 0.4, 1.2000000000000002, 3.2]","[67, 67, 67, 67, 67, 67, 67, 67, 67, 67, 67, 67, 67, 67, 67, 67, 67, 67]",constant,18,<class 'torch.nn.modules.activation.ELU'>,0.4,<class 'torch.optim.rmsprop.RMSprop'>,0.003357517318499025,0.01,,1024,False,xavier_uniform,cosine,{'T_max': 100},416,"[1.7084497213363647, 1.8830374479293823, 1.8563209772109985, 1.6202929019927979]","[0.09259259259259259, 0.2777777777777778, 0.28703703703703703, 0.2638888888888889]","[1.4711024761199951, 1.456863522529602, 1.5405676364898682, 1.3711329698562622]","[0.2426470588235294, 0.23529411764705882, 0.21323529411764705, 0.27205882352941174]",[],[],1.0,0.5345667393647449,0.0,False,0.00948766603415559,0.00044266327854671254,0.04166666666666666,0.2638888888888889,1.6202929019927979,0.27205882352941174,1.3711329698562622
20,512,"[54, 108, 216, 432, 864]",4,"[0.1, 0.4, 1.2000000000000002, 3.2]","[55, 55, 55, 55, 55, 55, 55, 55, 55, 55, 55, 55, 55, 55, 55]",constant,15,<class 'torch.nn.modules.activation.ELU'>,0.4,<class 'torch.optim.adamw.AdamW'>,0.0004308430261003725,0.0,,512,False,kaiming_normal,step,"{'step_size': 20, 'gamma': 0.9}",260,"[28.10597801208496, 21.702285766601562, 28.67275619506836, 22.03330421447754]","[0.3333333333333333, 0.24074074074074073, 0.23148148148148148, 0.2824074074074074]","[1.9059537649154663, 1.8361947536468506, 1.771645188331604, 1.7180423736572266]","[0.25, 0.2647058823529412, 0.27941176470588236, 0.27205882352941174]",[],[],1.0,0.5338876038585499,0.0,False,0.007115749525616691,0.00011826881487889272,0.007352941176470562,0.2824074074074074,22.03330421447754,0.27205882352941174,1.7180423736572266
18,32,"[54, 108, 216, 432, 864]",4,"[0.1, 0.4, 1.2000000000000002, 3.2]","[6, 10, 12, 32, 36, 36, 38, 47, 49, 52, 52, 52, 55, 57, 64, 65, 67, 77, 79, 81, 87, 90, 93]",inv_pyramid,23,<class 'torch.nn.modules.activation.GELU'>,0.2,<class 'torch.optim.adam.Adam'>,0.009216863896838933,1e-05,,32,True,kaiming_uniform,exponential,{'gamma': 0.95},234,"[2.562190568005597, 2.4924836688571506, 1.4733616290269074, 1.4101195379539773]","[0.3333333333333333, 0.25, 0.2037037037037037, 0.2708333333333333]","[1.4020912296631758, 1.3863287462907679, 1.3809622946907492, 1.3958340953378117]","[0.21323529411764705, 0.22058823529411764, 0.33088235294117646, 0.23529411764705882]",[],[],1.0,0.5336750579026677,0.0,False,0.0071157495256167,0.002243728373702422,-0.019607843137254888,0.2708333333333333,1.4101195379539773,0.23529411764705882,1.3958340953378117
10,32,"[54, 108, 216, 432, 864]",4,"[0.1, 0.4, 1.2000000000000002, 3.2]","[97, 95, 88, 87, 87, 85, 77, 70, 61, 59, 48, 46, 46, 37, 33, 31, 16, 5, 5, 16, 31, 33, 37, 46, 46, 48, 59, 61, 70, 77, 85, 87, 87, 88, 95, 97]",hourglass,35,<class 'torch.nn.modules.activation.ELU'>,0.5,<class 'torch.optim.sgd.SGD'>,0.02907779935403076,0.0,0.99,32,False,xavier_normal,step,"{'step_size': 30, 'gamma': 0.5}",130,"[2.900991951977765, 6.232123339617694, nan, nan]","[0.3148148148148148, 0.2037037037037037, 0.25462962962962965, 0.2638888888888889]","[1.4046796560287476, 1.5529117864720963, nan, nan]","[0.15441176470588236, 0.33088235294117646, 0.21323529411764705, 0.21323529411764705]",[],[],0.3346774193548387,0.07132059939725412,0.0,False,0.01897533206831119,0.004108996539792387,-0.019607843137254888,0.2638888888888889,,0.21323529411764705,
38,256,"[54, 108, 216, 432, 864]",4,"[0.1, 0.4, 1.2000000000000002, 3.2]","[100, 97, 95, 94, 86, 85, 84, 82, 78, 71, 71, 66, 65, 65, 64, 61, 61, 61, 58, 55, 55, 54, 53, 53, 53, 51, 50, 50, 47, 45, 38, 38, 33, 28, 22, 22, 22, 20, 14, 6, 5, 4]",triangular,42,<class 'torch.nn.modules.activation.Tanh'>,0.2,<class 'torch.optim.adamw.AdamW'>,0.0007315232526001404,0.0,,256,False,kaiming_normal,none,{},494,"[1.4889317750930786, 1.5019997358322144, 1.503707766532898, 1.492105762163798]","[0.24074074074074073, 0.23148148148148148, 0.24074074074074073, 0.23842592592592593]","[1.4037864208221436, 1.4017949104309082, 1.398978352546692, 1.4016369581222534]","[0.33088235294117646, 0.33088235294117646, 0.33088235294117646, 0.33088235294117646]",[],[],0.33088235294117646,0.06338235294117647,0.0,False,0.0,0.0,0.0,0.23842592592592593,1.492105762163798,0.33088235294117646,1.4016369581222534
52,256,"[54, 108, 216, 432]",3,"[0.1, 0.4, 1.2000000000000002]","[97, 96, 86, 70, 40, 37, 35, 34]",triangular,8,<class 'torch.nn.modules.activation.ReLU'>,0.5,<class 'torch.optim.adamw.AdamW'>,0.0008108936913303627,0.01,,256,False,xavier_uniform,cosine,{'T_max': 10},14,"[1.3937827348709106, 1.42790687084198, 1.431679606437683]","[0.3148148148148148, 0.23148148148148148, 0.2361111111111111]","[1.379456877708435, 1.379679799079895, 1.37979257106781]","[0.33088235294117646, 0.33088235294117646, 0.33088235294117646]",[],[],0.33088235294117646,0.06338235294117647,0.0,False,0.0,0.0,0.0,0.2361111111111111,1.431679606437683,0.33088235294117646,1.37979257106781
31,512,"[54, 108, 216, 432, 864]",4,"[0.1, 0.4, 1.2000000000000002, 3.2]","[17, 22, 22, 23, 37, 49, 51, 53, 64, 70, 73, 86, 91, 93, 96, 98, 98]",triangular,17,<class 'torch.nn.modules.activation.Sigmoid'>,0.1,<class 'torch.optim.sgd.SGD'>,0.00028036991872682334,1e-06,0.9,512,False,kaiming_normal,step,"{'step_size': 30, 'gamma': 0.9}",403,"[1.4198651313781738, 1.423561930656433, 1.409026861190796, 1.4189344644546509]","[0.24074074074074073, 0.24074074074074073, 0.25462962962962965, 0.24074074074074073]","[1.3712387084960938, 1.3712129592895508, 1.3711756467819214, 1.371130347251892]","[0.33088235294117646, 0.33088235294117646, 0.33088235294117646, 0.33088235294117646]",[],[],0.33088235294117646,0.06338235294117647,0.0,False,0.0,0.0,0.0,0.24074074074074073,1.4189344644546509,0.33088235294117646,1.371130347251892
30,1024,"[54, 108, 216, 432, 864]",4,"[0.1, 0.4, 1.2000000000000002, 3.2]","[4, 6, 9, 11, 12, 14, 15, 24, 25, 27, 28, 30, 30, 36, 38, 41, 42, 43, 43, 47, 59, 61, 63, 64, 68, 68, 70, 71, 82, 82, 84, 86, 86, 90, 90, 94, 95, 100]",triangular,38,<class 'torch.nn.modules.activation.LeakyReLU'>,0.5,<class 'torch.optim.adamw.AdamW'>,0.0002764345665586989,0.001,,1024,False,xavier_uniform,exponential,{'gamma': 0.9},390,"[1.3781126737594604, 1.4039751291275024, 1.4177335500717163, 1.409085750579834]","[0.24074074074074073, 0.2222222222222222, 0.2175925925925926, 0.2337962962962963]","[1.3804638385772705, 1.3804699182510376, 1.380500078201294, 1.380530834197998]","[0.33088235294117646, 0.33088235294117646, 0.33088235294117646, 0.33088235294117646]",[],[],0.33088235294117646,0.06338235294117647,0.0,False,0.0,0.0,0.0,0.2337962962962963,1.409085750579834,0.33088235294117646,1.380530834197998
55,1024,"[54, 108, 216, 432]",3,"[0.1, 0.4, 1.2000000000000002]","[34, 34, 89, 88, 82, 79, 74, 73, 67, 65, 55, 51, 50, 48, 48, 41, 39, 36, 29, 26, 21, 20, 18, 17, 9, 6]",mutated,26,<class 'torch.nn.modules.activation.GELU'>,0.2,<class 'torch.optim.rmsprop.RMSprop'>,0.00010056373486710356,0.0,,1024,True,kaiming_uniform,step,"{'gamma': 0.9, 'step_size': 5}",624,"[7.408795356750488, 8.971921920776367, 6.8806891441345215]","[0.24074074074074073, 0.25925925925925924, 0.30092592592592593]","[1.408164381980896, 1.4023178815841675, 1.3969262838363647]","[0.33088235294117646, 0.33088235294117646, 0.3161764705882353]",[],[],0.28409090909090906,0.026612841214917318,0.0,False,-0.013368983957219253,4.805843906189929e-05,-0.01470588235294118,0.30092592592592593,6.8806891441345215,0.3161764705882353,1.3969262838363647
41,1024,"[54, 108, 216, 432, 864]",4,"[0.1, 0.4, 1.2000000000000002, 3.2]","[93, 91, 89, 88, 82, 79, 74, 73, 67, 65, 55, 51, 50, 48, 48, 41, 39, 36, 29, 26, 21, 20, 18, 17, 9, 6]",pyramid,26,<class 'torch.nn.modules.activation.GELU'>,0.2,<class 'torch.optim.adam.Adam'>,0.00010056373486710356,0.0,,1024,True,kaiming_normal,step,"{'step_size': 5, 'gamma': 0.9}",533,"[23.99409294128418, 20.68995475769043, 19.157554626464844, 18.99675750732422]","[0.18518518518518517, 0.19444444444444445, 0.18981481481481483, 0.22453703703703703]","[1.4933087825775146, 1.4857516288757324, 1.4784517288208008, 1.4718966484069824]","[0.22794117647058823, 0.22794117647058823, 0.22794117647058823, 0.22794117647058823]",[],[],0.22794117647058823,0.0,0.0,False,0.0,0.0,0.0,0.22453703703703703,18.99675750732422,0.22794117647058823,1.4718966484069824
35,64,"[54, 108, 216, 432, 864]",4,"[0.1, 0.4, 1.2000000000000002, 3.2]","[51, 51, 51, 51, 51, 51, 51, 51, 51, 51, 51, 51, 51, 51, 51, 51, 51, 51, 51, 51, 51, 51, 51, 51, 51, 51, 51, 51, 51, 51, 51, 51, 51, 51, 51, 51, 51, 51, 51, 51, 51, 51, 51, 51, 51, 51, 51, 51]",constant,48,<class 'torch.nn.modules.activation.ELU'>,0.5,<class 'torch.optim.sgd.SGD'>,0.01393350028967075,1e-06,0.9,64,False,xavier_normal,step,"{'step_size': 30, 'gamma': 0.9}",455,"[2.9004409313201904, 2.097853347107216, 1.9353246335630063, 1.8952846703705963]","[0.2037037037037037, 0.18518518518518517, 0.2916666666666667, 0.2662037037037037]","[1.4109444477978874, 1.4077137498294605, 1.3970842641942642, 1.396150778321659]","[0.23529411764705882, 0.23529411764705882, 0.34558823529411764, 0.22058823529411764]",[],[],0.19022770398481972,0.0,0.0,False,-0.0047438330170777995,0.0025241944204152248,-0.0514705882352941,0.2662037037037037,1.8952846703705963,0.22058823529411764,1.396150778321659
39,1024,"[54, 108, 216, 432, 864]",4,"[0.1, 0.4, 1.2000000000000002, 3.2]","[94, 92, 89, 89, 86, 86, 86, 85, 75, 72, 65, 65, 60, 59, 55, 53, 51, 50, 49, 49, 44, 39, 34, 30, 29, 27, 23, 21, 20, 18, 16, 5]",triangular,32,<class 'torch.nn.modules.activation.Sigmoid'>,0.2,<class 'torch.optim.sgd.SGD'>,0.00013838652674513546,0.01,0.8,1024,False,xavier_uniform,none,{},507,"[1.4402025938034058, 1.4505943059921265, 1.4208744764328003, 1.440258264541626]","[0.18518518518518517, 0.24074074074074073, 0.24074074074074073, 0.24305555555555555]","[1.4500962495803833, 1.4500795602798462, 1.4500584602355957, 1.4500322341918945]","[0.21323529411764705, 0.21323529411764705, 0.21323529411764705, 0.21323529411764705]",[],[],0.21323529411764705,0.0,0.0,False,0.0,0.0,0.0,0.24305555555555555,1.440258264541626,0.21323529411764705,1.4500322341918945
34,1024,"[54, 108, 216, 432, 864]",4,"[0.1, 0.4, 1.2000000000000002, 3.2]","[100, 91, 81, 76, 63, 60, 57, 55, 54, 52, 44, 34, 21, 21, 34, 44, 52, 54, 55, 57, 60, 63, 76, 81, 91, 100]",hourglass,25,<class 'torch.nn.modules.activation.ReLU'>,0.1,<class 'torch.optim.rmsprop.RMSprop'>,0.0005096724078469962,0.0001,,1024,False,xavier_normal,none,{},442,"[1.3865045309066772, 1.3860894441604614, 1.3847663402557373, 1.3858383893966675]","[0.25925925925925924, 0.25, 0.25, 0.2638888888888889]","[1.4008042812347412, 1.396947979927063, 1.3936203718185425, 1.3886029720306396]","[0.21323529411764705, 0.23529411764705882, 0.23529411764705882, 0.21323529411764705]",[],[],0.21323529411764705,0.0,0.0,False,0.0,0.00012164792387543257,-0.01470588235294118,0.2638888888888889,1.3858383893966675,0.21323529411764705,1.3886029720306396
33,256,"[54, 108, 216, 432, 864]",4,"[0.1, 0.4, 1.2000000000000002, 3.2]","[5, 5, 5, 5, 5, 5, 5, 5, 5, 5, 5, 5, 5, 5, 5, 5, 5, 5, 5, 5, 5, 5, 5, 5, 5, 5, 5, 5, 5, 5, 5, 5, 5, 5, 5, 5, 5, 5, 5, 5]",constant,40,<class 'torch.nn.modules.activation.Sigmoid'>,0.0,<class 'torch.optim.sgd.SGD'>,0.002888367350135867,1e-06,0.8,256,False,xavier_uniform,none,{},429,"[1.456915259361267, 1.4557870626449585, 1.4545172452926636, 1.4557226631376479]","[0.25925925925925924, 0.25925925925925924, 0.2638888888888889, 0.2638888888888889]","[1.5491018295288086, 1.548509955406189, 1.547712802886963, 1.545668601989746]","[0.21323529411764705, 0.21323529411764705, 0.21323529411764705, 0.21323529411764705]",[],[],0.21323529411764705,0.0,0.0,False,0.0,0.0,0.0,0.2638888888888889,1.4557226631376479,0.21323529411764705,1.545668601989746
29,1024,"[54, 108, 216, 432, 864]",4,"[0.1, 0.4, 1.2000000000000002, 3.2]","[5, 7, 8, 13, 25, 34, 34, 39, 39, 46, 46, 64, 66, 67, 71, 84, 99]",triangular,17,<class 'torch.nn.modules.activation.Sigmoid'>,0.1,<class 'torch.optim.adam.Adam'>,0.0025252426845040208,1e-05,,1024,True,xavier_uniform,none,{},377,"[1.4066157341003418, 1.378819227218628, 1.4009840488433838, 1.3915032148361206]","[0.2222222222222222, 0.2962962962962963, 0.27314814814814814, 0.25]","[1.3961015939712524, 1.4152004718780518, 1.412734866142273, 1.402023434638977]","[0.23529411764705882, 0.23529411764705882, 0.23529411764705882, 0.23529411764705882]",[],[],0.23529411764705882,0.0,0.0,False,0.0,0.0,2.7755575615628914e-17,0.25,1.3915032148361206,0.23529411764705882,1.402023434638977
36,1024,"[54, 108, 216, 432, 864]",4,"[0.1, 0.4, 1.2000000000000002, 3.2]","[92, 85, 78, 51, 26, 22, 14, 10, 10, 14, 22, 26, 51, 78, 85, 92]",hourglass,15,<class 'torch.nn.modules.activation.GELU'>,0.4,<class 'torch.optim.adamw.AdamW'>,0.03973976593575555,0.0001,,1024,False,xavier_uniform,cosine,{'T_max': 10},468,"[1.3895970582962036, 1.427233099937439, 1.6519553661346436, 1.4051892757415771]","[0.24074074074074073, 0.24074074074074073, 0.27314814814814814, 0.27546296296296297]","[1.3887509107589722, 1.4052674770355225, 1.415070652961731, 1.3908668756484985]","[0.21323529411764705, 0.23529411764705882, 0.21323529411764705, 0.21323529411764705]",[],[],0.21323529411764705,0.0,0.0,False,0.0,9.123594290657444e-05,-0.00735294117647059,0.27546296296296297,1.4051892757415771,0.21323529411764705,1.3908668756484985
49,64,"[54, 108, 216, 432, 864]",4,"[0.1, 0.4, 1.2000000000000002, 3.2]","[100, 94, 90, 89, 88, 88, 81, 75, 69, 64, 60, 54, 53, 52, 52, 49, 41, 38, 38, 37, 35, 34, 26, 25, 21, 21, 17, 12, 11, 9, 7, 6, 4]",pyramid,33,<class 'torch.nn.modules.activation.ReLU'>,0.1,<class 'torch.optim.sgd.SGD'>,0.0006588707577592297,0.001,0.95,64,True,xavier_normal,exponential,{'gamma': 0.99},637,"[1.4947690963745117, 1.4872196559552793, 1.4682899404455114, 1.4454967534100567]","[0.25925925925925924, 0.25, 0.2638888888888889, 0.26851851851851855]","[1.4642914042753332, 1.4633737451889937, 1.4598614748786478, 1.4505288250306074]","[0.21323529411764705, 0.21323529411764705, 0.21323529411764705, 0.21323529411764705]",[],[],0.21323529411764705,0.0,0.0,False,0.0,0.0,0.0,0.26851851851851855,1.4454967534100567,0.21323529411764705,1.4505288250306074
48,512,"[54, 108, 216, 432, 864]",4,"[0.1, 0.4, 1.2000000000000002, 3.2]","[34, 34, 34, 34, 34, 34, 34, 34, 34, 34, 34, 34, 34, 34]",constant,14,<class 'torch.nn.modules.activation.LeakyReLU'>,0.2,<class 'torch.optim.rmsprop.RMSprop'>,0.0010626151621839636,0.001,,512,True,kaiming_uniform,none,{},624,"[523.8265991210938, 139.59361267089844, 107.60255432128906, 70.51315307617188]","[0.2777777777777778, 0.26851851851851855, 0.24537037037037038, 0.2824074074074074]","[15.97081470489502, 12.25833797454834, 5.787334442138672, 4.920729160308838]","[0.22058823529411764, 0.19852941176470587, 0.18382352941176472, 0.19117647058823528]",[],[],0.13045540796963945,0.0,0.0,False,-0.009487666034155599,0.00018923010380622826,-0.009803921568627444,0.2824074074074074,70.51315307617188,0.19117647058823528,4.920729160308838
47,1024,"[54, 108, 216, 432, 864]",4,"[0.1, 0.4, 1.2000000000000002, 3.2]","[3, 6, 8, 9, 11, 14, 20, 20, 23, 24, 27, 31, 31, 34, 46, 47, 51, 62, 65, 66, 73, 74, 74, 77, 81, 82, 82, 83, 83, 83, 83, 87, 90, 93, 97, 98]",inv_pyramid,36,<class 'torch.nn.modules.activation.GELU'>,0.1,<class 'torch.optim.adam.Adam'>,0.0005391916099547827,0.01,,1024,True,xavier_normal,cosine,{'T_max': 50},611,"[1.3868529796600342, 1.3877625465393066, 1.3866190910339355, 1.3867164850234985]","[0.25925925925925924, 0.25925925925925924, 0.2638888888888889, 0.2638888888888889]","[1.3893235921859741, 1.3892563581466675, 1.3891938924789429, 1.3891392946243286]","[0.21323529411764705, 0.21323529411764705, 0.21323529411764705, 0.21323529411764705]",[],[],0.21323529411764705,0.0,0.0,False,0.0,0.0,0.0,0.2638888888888889,1.3867164850234985,0.21323529411764705,1.3891392946243286
46,512,"[54, 108, 216, 432, 864]",4,"[0.1, 0.4, 1.2000000000000002, 3.2]","[96, 60, 69, 96, 15, 62, 50, 49]",irregular,8,<class 'torch.nn.modules.activation.Sigmoid'>,0.0,<class 'torch.optim.rmsprop.RMSprop'>,0.002429717193060679,1e-05,,512,True,xavier_uniform,none,{},598,"[1.4771127700805664, 1.4634552001953125, 1.3930732011795044, 1.391645073890686]","[0.24074074074074073, 0.24074074074074073, 0.2638888888888889, 0.24305555555555555]","[1.4425337314605713, 1.4280407428741455, 1.37490975856781, 1.4159224033355713]","[0.33088235294117646, 0.21323529411764705, 0.33088235294117646, 0.21323529411764705]",[],[],0.0,0.0,0.0,False,-0.03795066413662239,0.0034602076124567475,-0.07843137254901963,0.24305555555555555,1.391645073890686,0.21323529411764705,1.4159224033355713
44,256,"[54, 108, 216, 432, 864]",4,"[0.1, 0.4, 1.2000000000000002, 3.2]","[98, 81, 76, 64, 38, 36, 35, 13, 13, 35, 36, 38, 64, 76, 81, 98]",hourglass,15,<class 'torch.nn.modules.activation.LeakyReLU'>,0.1,<class 'torch.optim.sgd.SGD'>,0.0003083622700070287,0.0001,0.95,256,False,xavier_normal,exponential,{'gamma': 0.9},572,"[1.3877562284469604, 1.3849022388458252, 1.3842469453811646, 1.3847876875488847]","[0.2777777777777778, 0.25925925925925924, 0.26851851851851855, 0.28935185185185186]","[1.3899002075195312, 1.3899002075195312, 1.3899004459381104, 1.3899011611938477]","[0.22794117647058823, 0.22794117647058823, 0.22794117647058823, 0.22794117647058823]",[],[],0.22794117647058823,0.0,0.0,False,0.0,0.0,0.0,0.28935185185185186,1.3847876875488847,0.22794117647058823,1.3899011611938477
53,32,"[54, 108, 216, 432]",3,"[0.1, 0.4, 1.2000000000000002]","[69, 69, 69, 69, 69, 69, 69, 69, 69, 69, 69, 69, 69, 69, 69]",constant,15,<class 'torch.nn.modules.activation.GELU'>,0.0,<class 'torch.optim.sgd.SGD'>,0.05483294056687357,1e-06,0.8,32,True,kaiming_uniform,exponential,{'gamma': 0.9},15,"[168994723192.70782, nan, nan]","[0.24074074074074073, 0.25925925925925924, 0.2638888888888889]","[nan, nan, nan]","[0.21323529411764705, 0.21323529411764705, 0.21323529411764705]",[],[],0.21323529411764705,0.0,0.0,False,0.0,0.0,0.0,0.2638888888888889,,0.21323529411764705,
56,32,"[54, 108, 216, 432]",3,"[0.1, 0.4, 1.2000000000000002]","[97, 95, 88, 87, 87, 85, 77, 53, 64, 70, 73, 86, 91, 93, 96, 98, 98]",mutated,35,<class 'torch.nn.modules.activation.ELU'>,0.5,<class 'torch.optim.sgd.SGD'>,0.02907779935403076,0.0,0.9,32,False,kaiming_normal,step,"{'gamma': 0.9, 'step_size': 30}",403,"[58750.14039894386, nan, nan]","[0.2037037037037037, 0.25925925925925924, 0.2638888888888889]","[nan, nan, nan]","[0.21323529411764705, 0.21323529411764705, 0.21323529411764705]",[],[],0.21323529411764705,0.0,0.0,False,0.0,0.0,0.0,0.2638888888888889,,0.21323529411764705,
58,32,"[54, 108, 216]",2,"[0.1, 0.4]","[6, 12, 19, 21, 26, 26, 30, 31, 32, 40, 71, 85, 86, 88, 90, 90, 96, 98]",inv_pyramid,18,<class 'torch.nn.modules.activation.Tanh'>,0.1,<class 'torch.optim.adam.Adam'>,0.09526327057298835,1e-06,,32,False,kaiming_normal,none,{},13,"[1.8744899520167597, 3.9684226601212114]","[0.16666666666666666, 0.24074074074074073]","[4.0489162557265335, 3.5151016010957608]","[0.19117647058823528, 0.17647058823529413]",[],[],0.0,0.0,0.0,False,,,,0.24074074074074073,3.9684226601212114,0.17647058823529413,3.5151016010957608
59,32,"[54, 108, 216]",2,"[0.1, 0.4]","[69, 69, 69, 69, 69, 69, 69, 69, 69, 69, 69, 69, 69, 69, 69]",constant,15,<class 'torch.nn.modules.activation.GELU'>,0.0,<class 'torch.optim.sgd.SGD'>,0.05483294056687357,1e-06,0.8,32,True,kaiming_uniform,exponential,{'gamma': 0.9},15,"[168994723192.70782, nan]","[0.24074074074074073, 0.25925925925925924]","[nan, nan]","[0.21323529411764705, 0.21323529411764705]",[],[],0.0,0.0,0.0,False,,,,0.25925925925925924,,0.21323529411764705,
60,32,"[54, 108, 216]",2,"[0.1, 0.4]","[98, 93, 93, 87, 72, 67, 56, 52, 49, 43, 41, 40, 38, 35, 34, 25, 17, 6, 6, 17, 25, 34, 35, 38, 40, 41, 43, 49, 52, 56, 67, 72, 87, 93, 93, 98]",hourglass,35,<class 'torch.nn.modules.activation.GELU'>,0.5,<class 'torch.optim.adamw.AdamW'>,0.00025859745110144223,0.001,,32,True,xavier_normal,exponential,{'gamma': 0.99},17,"[1.389239743903831, 1.3875903244371768]","[0.24074074074074073, 0.25]","[1.3837115203633028, 1.383772611618042]","[0.21323529411764705, 0.21323529411764705]",[],[],0.0,0.0,0.0,False,,,,0.25,1.3875903244371768,0.21323529411764705,1.383772611618042
61,512,"[54, 108, 216]",2,"[0.1, 0.4]","[69, 69, 69, 69, 69, 69, 69, 69, 69, 69, 69, 69, 69, 69, 69, 69, 69, 69, 69, 69, 69, 69, 69, 69, 69, 69, 69, 69, 69, 69, 69, 69, 69, 69, 69, 69, 69, 69, 69, 69, 69, 69, 69, 69, 69]",constant,45,<class 'torch.nn.modules.activation.ReLU'>,0.4,<class 'torch.optim.sgd.SGD'>,0.0015156676762836112,0.001,0.95,512,True,kaiming_uniform,step,"{'step_size': 20, 'gamma': 0.5}",19,"[2237918085120.0, nan]","[0.24074074074074073, 0.25925925925925924]","[nan, nan]","[0.21323529411764705, 0.21323529411764705]",[],[],0.0,0.0,0.0,False,,,,0.25925925925925924,,0.21323529411764705,
62,256,"[54, 108, 216]",2,"[0.1, 0.4]","[95, 95, 95, 67, 67, 67, 67, 67, 67, 67, 67, 67, 67, 67, 67, 67, 67, 67, 128]",mutated,5,<class 'torch.nn.modules.activation.LeakyReLU'>,0.3,<class 'torch.optim.rmsprop.RMSprop'>,0.0012919883809080707,0.0001,,256,False,xavier_uniform,cosine,{'T_max': 50},585,"[1.3932273387908936, 1.3858964443206787]","[0.25925925925925924, 0.23148148148148148]","[1.388298749923706, 1.3895264863967896]","[0.21323529411764705, 0.23529411764705882]",[],[],0.0,0.0,0.0,False,,,,0.23148148148148148,1.3858964443206787,0.23529411764705882,1.3895264863967896
63,64,"[54, 108, 216]",2,"[0.1, 0.4]","[53, 10, 12, 32, 36, 36, 38, 47, 49, 52, 52, 52, 55, 57, 64, 65, 67, 77, 79, 81, 87, 90, 93]",mutated,2,<class 'torch.nn.modules.activation.Tanh'>,0.1,<class 'torch.optim.adamw.AdamW'>,0.0020222998455596756,0.0001,,64,True,kaiming_uniform,exponential,{'gamma': 0.95},234,"[1.4358186721801758, 1.4477953027795862]","[0.25925925925925924, 0.25925925925925924]","[1.462366538889268, 1.456968531889074]","[0.22794117647058823, 0.27941176470588236]",[],[],0.0,0.0,0.0,False,,,,0.25925925925925924,1.4477953027795862,0.27941176470588236,1.456968531889074
64,1024,"[54, 108, 216]",2,"[0.1, 0.4]","[92, 85, 78, 51, 26, 22, 14, 10, 10, 52, 44, 34, 21, 21, 34, 44, 52, 54, 55, 57, 60, 63, 76, 81, 91, 100]",mutated,25,<class 'torch.nn.modules.activation.ReLU'>,0.1,<class 'torch.optim.adamw.AdamW'>,0.0005096724078469962,0.0001,,1024,False,xavier_normal,none,{'T_max': 10},442,"[1.3843812942504883, 1.3863303661346436]","[0.3148148148148148, 0.25925925925925924]","[1.3861560821533203, 1.3864699602127075]","[0.21323529411764705, 0.21323529411764705]",[],[],0.0,0.0,0.0,False,,,,0.25925925925925924,1.3863303661346436,0.21323529411764705,1.3864699602127075
65,32,"[54, 108, 216]",2,"[0.1, 0.4]","[5, 26]",mutated,17,<class 'torch.nn.modules.activation.Tanh'>,0.1,<class 'torch.optim.adamw.AdamW'>,0.0025252426845040208,0.0001,,32,True,kaiming_normal,none,{},377,"[1.4105996202539515, 1.3761169292308666]","[0.24074074074074073, 0.2777777777777778]","[1.3692396668826832, 1.3025603224249447]","[0.3382352941176471, 0.49264705882352944]",[],[],0.0,0.0,0.0,False,,,,0.2777777777777778,1.3761169292308666,0.49264705882352944,1.3025603224249447
66,32,"[54, 108]",1,[0.1],"[6, 12, 19, 21, 26, 26, 30, 31, 32, 40, 71, 85, 86, 88, 90, 90, 96, 98]",inv_pyramid,18,<class 'torch.nn.modules.activation.Tanh'>,0.1,<class 'torch.optim.adam.Adam'>,0.09526327057298835,1e-06,,32,False,kaiming_normal,none,{},13,[1.8744899520167597],[0.16666666666666666],[4.0489162557265335],[0.19117647058823528],[],[],0.0,0.0,0.0,False,,,,0.16666666666666666,1.8744899520167597,0.19117647058823528,4.0489162557265335
67,64,"[54, 108]",1,[0.1],"[94, 87, 84, 64, 60, 56, 55, 39, 36, 33, 32, 31, 3, 3, 31, 32, 33, 36, 39, 55, 56, 60, 64, 84, 87, 94]",hourglass,25,<class 'torch.nn.modules.activation.ReLU'>,0.2,<class 'torch.optim.rmsprop.RMSprop'>,0.02784411880702867,0.01,,64,False,xavier_uniform,exponential,{'gamma': 0.99},16,[1.3839901685714722],[0.25925925925925924],[3.500780610477223],[0.33088235294117646],[],[],0.0,0.0,0.0,False,,,,0.25925925925925924,1.3839901685714722,0.33088235294117646,3.500780610477223
68,512,"[54, 108]",1,[0.1],"[69, 69, 69, 69, 69, 69, 69, 69, 69, 69, 69, 69, 69, 69, 69, 69, 69, 69, 69, 69, 69, 69, 69, 69, 69, 69, 69, 69, 69, 69, 69, 69, 69, 69, 69, 69, 69, 69, 69, 69, 69, 69, 69, 69, 69]",constant,45,<class 'torch.nn.modules.activation.ReLU'>,0.4,<class 'torch.optim.sgd.SGD'>,0.0015156676762836112,0.001,0.95,512,True,kaiming_uniform,step,"{'step_size': 20, 'gamma': 0.5}",19,[2237918085120.0],[0.24074074074074073],[nan],[0.21323529411764705],[],[],0.0,0.0,0.0,False,,,,0.24074074074074073,2237918085120.0,0.21323529411764705,
69,64,"[54, 108]",1,[0.1],"[97, 92, 86, 81, 60, 47, 26, 18, 13, 6]",pyramid,10,<class 'torch.nn.modules.activation.LeakyReLU'>,0.2,<class 'torch.optim.adam.Adam'>,0.0009085639809141739,0.001,,64,False,xavier_uniform,step,"{'step_size': 20, 'gamma': 0.5}",22,[1.402624487876892],[0.24074074074074073],[1.3758275438757503],[0.33088235294117646],[],[],0.0,0.0,0.0,False,,,,0.24074074074074073,1.402624487876892,0.33088235294117646,1.3758275438757503
70,32,"[54, 108]",1,[0.1],"[49, 10, 12, 32, 36, 36, 38, 47, 49, 52, 52, 52, 55, 57, 64, 65, 67, 77, 79, 81, 87, 90, 93]",mutated,2,<class 'torch.nn.modules.activation.ELU'>,0.1,<class 'torch.optim.sgd.SGD'>,0.0039290664673954975,0.0001,0.95,32,True,xavier_uniform,exponential,"{'T_max': 100, 'gamma': 0.95}",559,[1.3781346038535789],[0.35185185185185186],[1.3977958314559038],[0.22058823529411764],[],[],0.0,0.0,0.0,False,,,,0.35185185185185186,1.3781346038535789,0.22058823529411764,1.3977958314559038
71,64,"[54, 108]",1,[0.1],"[6, 10, 12, 32, 36, 36, 38, 47, 49, 52, 52, 52, 51, 51, 51, 51, 51, 51, 51, 51, 51, 51, 51, 51, 51, 51, 51, 51, 51, 51, 51, 51, 51, 51, 51, 51, 51, 51, 51, 51, 51, 51, 51, 51, 51, 51, 51, 51]",mutated,48,<class 'torch.nn.modules.activation.ELU'>,0.5,<class 'torch.optim.adam.Adam'>,0.01393350028967075,1e-05,0.9,64,True,kaiming_uniform,exponential,"{'gamma': 0.9, 'step_size': 30}",455,[9901666467840.0],[0.18518518518518517],[239962.6700367647],[0.25],[],[],0.0,0.0,0.0,False,,,,0.18518518518518517,9901666467840.0,0.25,239962.6700367647
72,32,"[54, 108]",1,[0.1],"[97, 23]",mutated,35,<class 'torch.nn.modules.activation.ELU'>,0.1,<class 'torch.optim.sgd.SGD'>,0.02907779935403076,0.0001,0.99,32,True,xavier_uniform,cosine,"{'T_max': 100, 'gamma': 0.5, 'step_size': 30}",130,[1.3921395849298548],[0.2222222222222222],[1.3170262925765093],[0.38235294117647056],[],[],0.0,0.0,0.0,False,,,,0.2222222222222222,1.3921395849298548,0.38235294117647056,1.3170262925765093
73,2048,"[54, 108]",1,[0.1],"[6, 10, 12, 32, 36, 60, 57, 55, 54, 52, 44, 34, 21, 21, 34, 44, 52, 54, 55, 57, 60, 63, 76, 81, 91, 100]",mutated,23,<class 'torch.nn.modules.activation.ReLU'>,0.2,<class 'torch.optim.adam.Adam'>,0.0005096724078469962,1e-05,,2048,True,xavier_normal,exponential,{'gamma': 0.95},442,[1.3923120498657227],[0.24074074074074073],[1.3908507823944092],[0.23529411764705882],[],[],0.0,0.0,0.0,False,,,,0.24074074074074073,1.3923120498657227,0.23529411764705882,1.3908507823944092
74,32,"[54, 108]",1,[0.1],"[95, 95, 95, 95, 51, 51, 51, 51, 51, 51, 51, 51, 51, 51, 51, 51, 51, 51, 51, 51, 51, 51, 51, 51, 51, 51, 51, 51, 51, 51, 51, 51, 51, 51, 51, 51, 51, 51, 51, 51, 51, 51, 51, 51, 51, 51, 51, 51]",mutated,5,<class 'torch.nn.modules.activation.ELU'>,0.5,<class 'torch.optim.rmsprop.RMSprop'>,0.01393350028967075,0.0001,0.9,32,True,xavier_uniform,cosine,"{'T_max': 50, 'gamma': 0.9, 'step_size': 30}",455,[12539908245276.445],[0.2037037037037037],[1466494993347.7646],[0.23529411764705882],[],[],0.0,0.0,0.0,False,,,,0.2037037037037037,12539908245276.445,0.23529411764705882,1466494993347.7646
